1,1,1,1,1,1,1,KR00001,ZTB00000000000001,2011,5131,1010,71
2,2,2,2,2,2,2,WA00002,ZTB00000000000002,2012,5262,1021,72
3,3,3,3,3,3,3,GD00003,ZTB00000000000003,2013,5393,1032,73
4,4,4,4,4,4,4,PO00004,ZTB00000000000004,2014,5524,1043,74
5,5,5,5,5,5,5,WR00005,ZTB00000000000005,2015,5655,1054,75
6,6,6,6,6,6,6,LU00006,ZTB00000000000006,2016,5786,1065,76
7,7,7,7,7,7,1,BI00007,ZTB00000000000007,2017,5917,1076,77
8,8,8,8,8,8,2,RZ00008,ZTB00000000000008,2018,6048,1087,78
9,9,9,9,9,9,3,SC00009,ZTB00000000000009,2019,6179,1098,79
10,10,10,10,10,10,4,OP00010,ZTB00000000000010,2020,6310,1109,80
11,11,1,11,11,11,5,KR00011,ZTB00000000000011,2021,6441,1120,81
12,12,2,12,12,12,6,WA00012,ZTB00000000000012,2022,6572,1131,82
13,13,3,13,13,13,1,GD00013,ZTB00000000000013,2023,6703,1142,83
14,14,4,14,14,14,2,PO00014,ZTB00000000000014,2024,6834,1153,84
15,15,5,15,15,15,3,WR00015,ZTB00000000000015,2025,6965,1164,85
16,16,6,16,16,16,4,LU00016,ZTB00000000000016,2010,7096,1175,86
17,17,7,17,17,17,5,BI00017,ZTB00000000000017,2011,7227,1186,87
18,18,8,18,18,18,6,RZ00018,ZTB00000000000018,2012,7358,1197,88
19,19,9,19,19,19,1,SC00019,ZTB00000000000019,2013,7489,1208,89
20,20,10,20,20,20,2,OP00020,ZTB00000000000020,2014,7620,1219,90
21,21,1,21,21,21,3,KR00021,ZTB00000000000021,2015,7751,1230,91
22,22,2,22,22,22,4,WA00022,ZTB00000000000022,2016,7882,1241,92
23,23,3,23,23,23,5,GD00023,ZTB00000000000023,2017,8013,1252,93
24,24,4,24,24,24,6,PO00024,ZTB00000000000024,2018,8144,1263,94
25,25,5,25,25,25,1,WR00025,ZTB00000000000025,2019,8275,1274,95
26,26,6,26,26,26,2,LU00026,ZTB00000000000026,2020,8406,1285,96
27,27,7,27,27,27,3,BI00027,ZTB00000000000027,2021,8537,1296,97
28,28,8,28,28,28,4,RZ00028,ZTB00000000000028,2022,8668,1307,98
29,29,9,29,29,29,5,SC00029,ZTB00000000000029,2023,8799,1318,99
30,30,10,30,30,30,6,OP00030,ZTB00000000000030,2024,8930,1329,100
31,31,1,31,1,31,1,KR00031,ZTB00000000000031,2025,9061,1340,101
32,32,2,32,2,32,2,WA00032,ZTB00000000000032,2010,9192,1351,102
33,33,3,33,3,33,3,GD00033,ZTB00000000000033,2011,9323,1362,103
34,34,4,34,4,34,4,PO00034,ZTB00000000000034,2012,9454,1373,104
35,35,5,35,5,35,5,WR00035,ZTB00000000000035,2013,9585,1384,105
36,36,6,36,6,36,6,LU00036,ZTB00000000000036,2014,9716,1395,106
37,37,7,37,7,37,1,BI00037,ZTB00000000000037,2015,9847,1406,107
38,38,8,38,8,38,2,RZ00038,ZTB00000000000038,2016,9978,1417,108
39,39,9,39,9,39,3,SC00039,ZTB00000000000039,2017,10109,1428,109
40,40,10,40,10,40,4,OP00040,ZTB00000000000040,2018,10240,1439,110
41,41,1,41,11,41,5,KR00041,ZTB00000000000041,2019,10371,1450,111
42,42,2,42,12,42,6,WA00042,ZTB00000000000042,2020,10502,1461,112
43,43,3,43,13,43,1,GD00043,ZTB00000000000043,2021,10633,1472,113
44,44,4,44,14,44,2,PO00044,ZTB00000000000044,2022,10764,1483,114
45,45,5,45,15,45,3,WR00045,ZTB00000000000045,2023,10895,1494,115
46,46,6,46,16,46,4,LU00046,ZTB00000000000046,2024,11026,1505,116
47,47,7,47,17,47,5,BI00047,ZTB00000000000047,2025,11157,1516,117
48,48,8,48,18,48,6,RZ00048,ZTB00000000000048,2010,11288,1527,118
49,49,9,49,19,49,1,SC00049,ZTB00000000000049,2011,11419,1538,119
50,50,10,50,20,50,2,OP00050,ZTB00000000000050,2012,11550,1549,120
51,51,1,1,21,51,3,KR00051,ZTB00000000000051,2013,11681,1560,121
52,52,2,2,22,52,4,WA00052,ZTB00000000000052,2014,11812,1571,122
53,53,3,3,23,53,5,GD00053,ZTB00000000000053,2015,11943,1582,123
54,54,4,4,24,54,6,PO00054,ZTB00000000000054,2016,12074,1593,124
55,55,5,5,25,55,1,WR00055,ZTB00000000000055,2017,12205,1604,125
56,56,6,6,26,56,2,LU00056,ZTB00000000000056,2018,12336,1615,126
57,57,7,7,27,57,3,BI00057,ZTB00000000000057,2019,12467,1626,127
58,58,8,8,28,58,4,RZ00058,ZTB00000000000058,2020,12598,1637,128
59,59,9,9,29,59,5,SC00059,ZTB00000000000059,2021,12729,1648,129
60,60,10,10,30,60,6,OP00060,ZTB00000000000060,2022,12860,1659,130
61,61,1,11,1,61,1,KR00061,ZTB00000000000061,2023,12991,1670,131
62,62,2,12,2,62,2,WA00062,ZTB00000000000062,2024,13122,1681,132
63,63,3,13,3,63,3,GD00063,ZTB00000000000063,2025,13253,1692,133
64,64,4,14,4,64,4,PO00064,ZTB00000000000064,2010,13384,1703,134
65,65,5,15,5,65,5,WR00065,ZTB00000000000065,2011,13515,1714,135
66,66,6,16,6,66,6,LU00066,ZTB00000000000066,2012,13646,1725,136
67,67,7,17,7,67,1,BI00067,ZTB00000000000067,2013,13777,1736,137
68,68,8,18,8,68,2,RZ00068,ZTB00000000000068,2014,13908,1747,138
69,69,9,19,9,69,3,SC00069,ZTB00000000000069,2015,14039,1758,139
70,70,10,20,10,70,4,OP00070,ZTB00000000000070,2016,14170,1769,140
71,71,1,21,11,71,5,KR00071,ZTB00000000000071,2017,14301,1780,141
72,72,2,22,12,72,6,WA00072,ZTB00000000000072,2018,14432,1791,142
73,73,3,23,13,73,1,GD00073,ZTB00000000000073,2019,14563,1802,143
74,74,4,24,14,74,2,PO00074,ZTB00000000000074,2020,14694,1813,144
75,75,5,25,15,75,3,WR00075,ZTB00000000000075,2021,14825,1824,145
76,76,6,26,16,76,4,LU00076,ZTB00000000000076,2022,14956,1835,146
77,77,7,27,17,77,5,BI00077,ZTB00000000000077,2023,15087,1846,147
78,78,8,28,18,78,6,RZ00078,ZTB00000000000078,2024,15218,1857,148
79,79,9,29,19,79,1,SC00079,ZTB00000000000079,2025,15349,1868,149
80,80,10,30,20,80,2,OP00080,ZTB00000000000080,2010,15480,1879,150
81,81,1,31,21,81,3,KR00081,ZTB00000000000081,2011,15611,1890,151
82,82,2,32,22,82,4,WA00082,ZTB00000000000082,2012,15742,1901,152
83,83,3,33,23,83,5,GD00083,ZTB00000000000083,2013,15873,1912,153
84,84,4,34,24,84,6,PO00084,ZTB00000000000084,2014,16004,1923,154
85,85,5,35,25,85,1,WR00085,ZTB00000000000085,2015,16135,1934,155
86,86,6,36,26,86,2,LU00086,ZTB00000000000086,2016,16266,1945,156
87,87,7,37,27,87,3,BI00087,ZTB00000000000087,2017,16397,1956,157
88,88,8,38,28,88,4,RZ00088,ZTB00000000000088,2018,16528,1967,158
89,89,9,39,29,89,5,SC00089,ZTB00000000000089,2019,16659,1978,159
90,90,10,40,30,90,6,OP00090,ZTB00000000000090,2020,16790,1989,160
91,91,1,41,1,91,1,KR00091,ZTB00000000000091,2021,16921,2000,161
92,92,2,42,2,92,2,WA00092,ZTB00000000000092,2022,17052,2011,162
93,93,3,43,3,93,3,GD00093,ZTB00000000000093,2023,17183,2022,163
94,94,4,44,4,94,4,PO00094,ZTB00000000000094,2024,17314,2033,164
95,95,5,45,5,95,5,WR00095,ZTB00000000000095,2025,17445,2044,165
96,96,6,46,6,96,6,LU00096,ZTB00000000000096,2010,17576,2055,166
97,97,7,47,7,97,1,BI00097,ZTB00000000000097,2011,17707,2066,167
98,98,8,48,8,98,2,RZ00098,ZTB00000000000098,2012,17838,2077,168
99,99,9,49,9,99,3,SC00099,ZTB00000000000099,2013,17969,2088,169
100,100,10,50,10,100,4,OP00100,ZTB00000000000100,2014,18100,2099,170
101,101,1,1,11,101,5,KR00101,ZTB00000000000101,2015,18231,2110,171
102,102,2,2,12,102,6,WA00102,ZTB00000000000102,2016,18362,2121,172
103,103,3,3,13,103,1,GD00103,ZTB00000000000103,2017,18493,2132,173
104,104,4,4,14,104,2,PO00104,ZTB00000000000104,2018,18624,2143,174
105,105,5,5,15,105,3,WR00105,ZTB00000000000105,2019,18755,2154,175
106,106,6,6,16,106,4,LU00106,ZTB00000000000106,2020,18886,2165,176
107,107,7,7,17,107,5,BI00107,ZTB00000000000107,2021,19017,2176,177
108,108,8,8,18,108,6,RZ00108,ZTB00000000000108,2022,19148,2187,178
109,109,9,9,19,109,1,SC00109,ZTB00000000000109,2023,19279,2198,179
110,110,10,10,20,110,2,OP00110,ZTB00000000000110,2024,19410,2209,180
111,111,1,11,21,111,3,KR00111,ZTB00000000000111,2025,19541,2220,181
112,112,2,12,22,112,4,WA00112,ZTB00000000000112,2010,19672,2231,182
113,113,3,13,23,113,5,GD00113,ZTB00000000000113,2011,19803,2242,183
114,114,4,14,24,114,6,PO00114,ZTB00000000000114,2012,19934,2253,184
115,115,5,15,25,115,1,WR00115,ZTB00000000000115,2013,20065,2264,185
116,116,6,16,26,116,2,LU00116,ZTB00000000000116,2014,20196,2275,186
117,117,7,17,27,117,3,BI00117,ZTB00000000000117,2015,20327,2286,187
118,118,8,18,28,118,4,RZ00118,ZTB00000000000118,2016,20458,2297,188
119,119,9,19,29,119,5,SC00119,ZTB00000000000119,2017,20589,2308,189
120,120,10,20,30,120,6,OP00120,ZTB00000000000120,2018,20720,2319,190
121,121,1,21,1,121,1,KR00121,ZTB00000000000121,2019,20851,2330,191
122,122,2,22,2,122,2,WA00122,ZTB00000000000122,2020,20982,2341,192
123,123,3,23,3,123,3,GD00123,ZTB00000000000123,2021,21113,2352,193
124,124,4,24,4,124,4,PO00124,ZTB00000000000124,2022,21244,2363,194
125,125,5,25,5,125,5,WR00125,ZTB00000000000125,2023,21375,2374,195
126,126,6,26,6,126,6,LU00126,ZTB00000000000126,2024,21506,2385,196
127,127,7,27,7,127,1,BI00127,ZTB00000000000127,2025,21637,2396,197
128,128,8,28,8,128,2,RZ00128,ZTB00000000000128,2010,21768,2407,198
129,129,9,29,9,129,3,SC00129,ZTB00000000000129,2011,21899,2418,199
130,130,10,30,10,130,4,OP00130,ZTB00000000000130,2012,22030,2429,200
131,131,1,31,11,131,5,KR00131,ZTB00000000000131,2013,22161,2440,201
132,132,2,32,12,132,6,WA00132,ZTB00000000000132,2014,22292,2451,202
133,133,3,33,13,133,1,GD00133,ZTB00000000000133,2015,22423,2462,203
134,134,4,34,14,134,2,PO00134,ZTB00000000000134,2016,22554,2473,204
135,135,5,35,15,135,3,WR00135,ZTB00000000000135,2017,22685,2484,205
136,136,6,36,16,136,4,LU00136,ZTB00000000000136,2018,22816,2495,206
137,137,7,37,17,137,5,BI00137,ZTB00000000000137,2019,22947,2506,207
138,138,8,38,18,138,6,RZ00138,ZTB00000000000138,2020,23078,2517,208
139,139,9,39,19,139,1,SC00139,ZTB00000000000139,2021,23209,2528,209
140,140,10,40,20,140,2,OP00140,ZTB00000000000140,2022,23340,2539,210
141,141,1,41,21,141,3,KR00141,ZTB00000000000141,2023,23471,2550,211
142,142,2,42,22,142,4,WA00142,ZTB00000000000142,2024,23602,2561,212
143,143,3,43,23,143,5,GD00143,ZTB00000000000143,2025,23733,2572,213
144,144,4,44,24,144,6,PO00144,ZTB00000000000144,2010,23864,2583,214
145,145,5,45,25,145,1,WR00145,ZTB00000000000145,2011,23995,2594,215
146,146,6,46,26,146,2,LU00146,ZTB00000000000146,2012,24126,2605,216
147,147,7,47,27,147,3,BI00147,ZTB00000000000147,2013,24257,2616,217
148,148,8,48,28,148,4,RZ00148,ZTB00000000000148,2014,24388,2627,218
149,149,9,49,29,149,5,SC00149,ZTB00000000000149,2015,24519,2638,219
150,150,10,50,30,150,6,OP00150,ZTB00000000000150,2016,24650,2649,220
151,151,1,1,1,151,1,KR00151,ZTB00000000000151,2017,24781,2660,221
152,152,2,2,2,152,2,WA00152,ZTB00000000000152,2018,24912,2671,222
153,153,3,3,3,153,3,GD00153,ZTB00000000000153,2019,25043,2682,223
154,154,4,4,4,154,4,PO00154,ZTB00000000000154,2020,25174,2693,224
155,155,5,5,5,155,5,WR00155,ZTB00000000000155,2021,25305,2704,225
156,156,6,6,6,156,6,LU00156,ZTB00000000000156,2022,25436,2715,226
157,157,7,7,7,157,1,BI00157,ZTB00000000000157,2023,25567,2726,227
158,158,8,8,8,158,2,RZ00158,ZTB00000000000158,2024,25698,2737,228
159,159,9,9,9,159,3,SC00159,ZTB00000000000159,2025,25829,2748,229
160,160,10,10,10,160,4,OP00160,ZTB00000000000160,2010,25960,2759,230
161,161,1,11,11,161,5,KR00161,ZTB00000000000161,2011,26091,2770,231
162,162,2,12,12,162,6,WA00162,ZTB00000000000162,2012,26222,2781,232
163,163,3,13,13,163,1,GD00163,ZTB00000000000163,2013,26353,2792,233
164,164,4,14,14,164,2,PO00164,ZTB00000000000164,2014,26484,2803,234
165,165,5,15,15,165,3,WR00165,ZTB00000000000165,2015,26615,2814,235
166,166,6,16,16,166,4,LU00166,ZTB00000000000166,2016,26746,2825,236
167,167,7,17,17,167,5,BI00167,ZTB00000000000167,2017,26877,2836,237
168,168,8,18,18,168,6,RZ00168,ZTB00000000000168,2018,27008,2847,238
169,169,9,19,19,169,1,SC00169,ZTB00000000000169,2019,27139,2858,239
170,170,10,20,20,170,2,OP00170,ZTB00000000000170,2020,27270,2869,240
171,171,1,21,21,171,3,KR00171,ZTB00000000000171,2021,27401,2880,241
172,172,2,22,22,172,4,WA00172,ZTB00000000000172,2022,27532,2891,242
173,173,3,23,23,173,5,GD00173,ZTB00000000000173,2023,27663,2902,243
174,174,4,24,24,174,6,PO00174,ZTB00000000000174,2024,27794,2913,244
175,175,5,25,25,175,1,WR00175,ZTB00000000000175,2025,27925,2924,245
176,176,6,26,26,176,2,LU00176,ZTB00000000000176,2010,28056,2935,246
177,177,7,27,27,177,3,BI00177,ZTB00000000000177,2011,28187,2946,247
178,178,8,28,28,178,4,RZ00178,ZTB00000000000178,2012,28318,2957,248
179,179,9,29,29,179,5,SC00179,ZTB00000000000179,2013,28449,2968,249
180,180,10,30,30,180,6,OP00180,ZTB00000000000180,2014,28580,2979,250
181,181,1,31,1,181,1,KR00181,ZTB00000000000181,2015,28711,2990,251
182,182,2,32,2,182,2,WA00182,ZTB00000000000182,2016,28842,3001,252
183,183,3,33,3,183,3,GD00183,ZTB00000000000183,2017,28973,3012,253
184,184,4,34,4,184,4,PO00184,ZTB00000000000184,2018,29104,3023,254
185,185,5,35,5,185,5,WR00185,ZTB00000000000185,2019,29235,3034,255
186,186,6,36,6,186,6,LU00186,ZTB00000000000186,2020,29366,3045,256
187,187,7,37,7,187,1,BI00187,ZTB00000000000187,2021,29497,3056,257
188,188,8,38,8,188,2,RZ00188,ZTB00000000000188,2022,29628,3067,258
189,189,9,39,9,189,3,SC00189,ZTB00000000000189,2023,29759,3078,259
190,190,10,40,10,190,4,OP00190,ZTB00000000000190,2024,29890,3089,260
191,191,1,41,11,191,5,KR00191,ZTB00000000000191,2025,30021,3100,261
192,192,2,42,12,192,6,WA00192,ZTB00000000000192,2010,30152,3111,262
193,193,3,43,13,193,1,GD00193,ZTB00000000000193,2011,30283,3122,263
194,194,4,44,14,194,2,PO00194,ZTB00000000000194,2012,30414,3133,264
195,195,5,45,15,195,3,WR00195,ZTB00000000000195,2013,30545,3144,265
196,196,6,46,16,196,4,LU00196,ZTB00000000000196,2014,30676,3155,266
197,197,7,47,17,197,5,BI00197,ZTB00000000000197,2015,30807,3166,267
198,198,8,48,18,198,6,RZ00198,ZTB00000000000198,2016,30938,3177,268
199,199,9,49,19,199,1,SC00199,ZTB00000000000199,2017,31069,3188,269
200,200,10,50,20,200,2,OP00200,ZTB00000000000200,2018,31200,3199,270
201,201,1,1,21,201,3,KR00201,ZTB00000000000201,2019,31331,3210,271
202,202,2,2,22,202,4,WA00202,ZTB00000000000202,2020,31462,3221,272
203,203,3,3,23,203,5,GD00203,ZTB00000000000203,2021,31593,3232,273
204,204,4,4,24,204,6,PO00204,ZTB00000000000204,2022,31724,3243,274
205,205,5,5,25,205,1,WR00205,ZTB00000000000205,2023,31855,3254,275
206,206,6,6,26,206,2,LU00206,ZTB00000000000206,2024,31986,3265,276
207,207,7,7,27,207,3,BI00207,ZTB00000000000207,2025,32117,3276,277
208,208,8,8,28,208,4,RZ00208,ZTB00000000000208,2010,32248,3287,278
209,209,9,9,29,209,5,SC00209,ZTB00000000000209,2011,32379,3298,279
210,210,10,10,30,210,6,OP00210,ZTB00000000000210,2012,32510,3309,280
211,211,1,11,1,211,1,KR00211,ZTB00000000000211,2013,32641,3320,281
212,212,2,12,2,212,2,WA00212,ZTB00000000000212,2014,32772,3331,282
213,213,3,13,3,213,3,GD00213,ZTB00000000000213,2015,32903,3342,283
214,214,4,14,4,214,4,PO00214,ZTB00000000000214,2016,33034,3353,284
215,215,5,15,5,215,5,WR00215,ZTB00000000000215,2017,33165,3364,285
216,216,6,16,6,216,6,LU00216,ZTB00000000000216,2018,33296,3375,286
217,217,7,17,7,217,1,BI00217,ZTB00000000000217,2019,33427,3386,287
218,218,8,18,8,218,2,RZ00218,ZTB00000000000218,2020,33558,3397,288
219,219,9,19,9,219,3,SC00219,ZTB00000000000219,2021,33689,3408,289
220,220,10,20,10,220,4,OP00220,ZTB00000000000220,2022,33820,3419,290
221,221,1,21,11,221,5,KR00221,ZTB00000000000221,2023,33951,3430,291
222,222,2,22,12,222,6,WA00222,ZTB00000000000222,2024,34082,3441,292
223,223,3,23,13,223,1,GD00223,ZTB00000000000223,2025,34213,3452,293
224,224,4,24,14,224,2,PO00224,ZTB00000000000224,2010,34344,3463,294
225,225,5,25,15,225,3,WR00225,ZTB00000000000225,2011,34475,3474,295
226,226,6,26,16,226,4,LU00226,ZTB00000000000226,2012,34606,3485,296
227,227,7,27,17,227,5,BI00227,ZTB00000000000227,2013,34737,3496,297
228,228,8,28,18,228,6,RZ00228,ZTB00000000000228,2014,34868,3507,298
229,229,9,29,19,229,1,SC00229,ZTB00000000000229,2015,34999,3518,299
230,230,10,30,20,230,2,OP00230,ZTB00000000000230,2016,35130,3529,300
231,231,1,31,21,231,3,KR00231,ZTB00000000000231,2017,35261,3540,301
232,232,2,32,22,232,4,WA00232,ZTB00000000000232,2018,35392,3551,302
233,233,3,33,23,233,5,GD00233,ZTB00000000000233,2019,35523,3562,303
234,234,4,34,24,234,6,PO00234,ZTB00000000000234,2020,35654,3573,304
235,235,5,35,25,235,1,WR00235,ZTB00000000000235,2021,35785,3584,305
236,236,6,36,26,236,2,LU00236,ZTB00000000000236,2022,35916,3595,306
237,237,7,37,27,237,3,BI00237,ZTB00000000000237,2023,36047,3606,307
238,238,8,38,28,238,4,RZ00238,ZTB00000000000238,2024,36178,3617,308
239,239,9,39,29,239,5,SC00239,ZTB00000000000239,2025,36309,3628,309
240,240,10,40,30,240,6,OP00240,ZTB00000000000240,2010,36440,3639,70
241,241,1,41,1,241,1,KR00241,ZTB00000000000241,2011,36571,3650,71
242,242,2,42,2,242,2,WA00242,ZTB00000000000242,2012,36702,3661,72
243,243,3,43,3,243,3,GD00243,ZTB00000000000243,2013,36833,3672,73
244,244,4,44,4,244,4,PO00244,ZTB00000000000244,2014,36964,3683,74
245,245,5,45,5,245,5,WR00245,ZTB00000000000245,2015,37095,3694,75
246,246,6,46,6,246,6,LU00246,ZTB00000000000246,2016,37226,3705,76
247,247,7,47,7,247,1,BI00247,ZTB00000000000247,2017,37357,3716,77
248,248,8,48,8,248,2,RZ00248,ZTB00000000000248,2018,37488,3727,78
249,249,9,49,9,249,3,SC00249,ZTB00000000000249,2019,37619,3738,79
250,250,10,50,10,250,4,OP00250,ZTB00000000000250,2020,37750,3749,80
251,251,1,1,11,251,5,KR00251,ZTB00000000000251,2021,37881,3760,81
252,252,2,2,12,252,6,WA00252,ZTB00000000000252,2022,38012,3771,82
253,253,3,3,13,253,1,GD00253,ZTB00000000000253,2023,38143,3782,83
254,254,4,4,14,254,2,PO00254,ZTB00000000000254,2024,38274,3793,84
255,255,5,5,15,255,3,WR00255,ZTB00000000000255,2025,38405,3804,85
256,256,6,6,16,256,4,LU00256,ZTB00000000000256,2010,38536,3815,86
257,257,7,7,17,257,5,BI00257,ZTB00000000000257,2011,38667,3826,87
258,258,8,8,18,258,6,RZ00258,ZTB00000000000258,2012,38798,3837,88
259,259,9,9,19,259,1,SC00259,ZTB00000000000259,2013,38929,3848,89
260,260,10,10,20,260,2,OP00260,ZTB00000000000260,2014,39060,3859,90
261,261,1,11,21,261,3,KR00261,ZTB00000000000261,2015,39191,3870,91
262,262,2,12,22,262,4,WA00262,ZTB00000000000262,2016,39322,3881,92
263,263,3,13,23,263,5,GD00263,ZTB00000000000263,2017,39453,3892,93
264,264,4,14,24,264,6,PO00264,ZTB00000000000264,2018,39584,3903,94
265,265,5,15,25,265,1,WR00265,ZTB00000000000265,2019,39715,3914,95
266,266,6,16,26,266,2,LU00266,ZTB00000000000266,2020,39846,3925,96
267,267,7,17,27,267,3,BI00267,ZTB00000000000267,2021,39977,3936,97
268,268,8,18,28,268,4,RZ00268,ZTB00000000000268,2022,40108,3947,98
269,269,9,19,29,269,5,SC00269,ZTB00000000000269,2023,40239,3958,99
270,270,10,20,30,270,6,OP00270,ZTB00000000000270,2024,40370,3969,100
271,271,1,21,1,271,1,KR00271,ZTB00000000000271,2025,40501,3980,101
272,272,2,22,2,272,2,WA00272,ZTB00000000000272,2010,40632,3991,102
273,273,3,23,3,273,3,GD00273,ZTB00000000000273,2011,40763,1002,103
274,274,4,24,4,274,4,PO00274,ZTB00000000000274,2012,40894,1013,104
275,275,5,25,5,275,5,WR00275,ZTB00000000000275,2013,41025,1024,105
276,276,6,26,6,276,6,LU00276,ZTB00000000000276,2014,41156,1035,106
277,277,7,27,7,277,1,BI00277,ZTB00000000000277,2015,41287,1046,107
278,278,8,28,8,278,2,RZ00278,ZTB00000000000278,2016,41418,1057,108
279,279,9,29,9,279,3,SC00279,ZTB00000000000279,2017,41549,1068,109
280,280,10,30,10,280,4,OP00280,ZTB00000000000280,2018,41680,1079,110
281,281,1,31,11,281,5,KR00281,ZTB00000000000281,2019,41811,1090,111
282,282,2,32,12,282,6,WA00282,ZTB00000000000282,2020,41942,1101,112
283,283,3,33,13,283,1,GD00283,ZTB00000000000283,2021,42073,1112,113
284,284,4,34,14,284,2,PO00284,ZTB00000000000284,2022,42204,1123,114
285,285,5,35,15,285,3,WR00285,ZTB00000000000285,2023,42335,1134,115
286,286,6,36,16,286,4,LU00286,ZTB00000000000286,2024,42466,1145,116
287,287,7,37,17,287,5,BI00287,ZTB00000000000287,2025,42597,1156,117
288,288,8,38,18,288,6,RZ00288,ZTB00000000000288,2010,42728,1167,118
289,289,9,39,19,289,1,SC00289,ZTB00000000000289,2011,42859,1178,119
290,290,10,40,20,290,2,OP00290,ZTB00000000000290,2012,42990,1189,120
291,291,1,41,21,291,3,KR00291,ZTB00000000000291,2013,43121,1200,121
292,292,2,42,22,292,4,WA00292,ZTB00000000000292,2014,43252,1211,122
293,293,3,43,23,293,5,GD00293,ZTB00000000000293,2015,43383,1222,123
294,294,4,44,24,294,6,PO00294,ZTB00000000000294,2016,43514,1233,124
295,295,5,45,25,295,1,WR00295,ZTB00000000000295,2017,43645,1244,125
296,296,6,46,26,296,2,LU00296,ZTB00000000000296,2018,43776,1255,126
297,297,7,47,27,297,3,BI00297,ZTB00000000000297,2019,43907,1266,127
298,298,8,48,28,298,4,RZ00298,ZTB00000000000298,2020,44038,1277,128
299,299,9,49,29,299,5,SC00299,ZTB00000000000299,2021,44169,1288,129
300,300,10,50,30,300,6,OP00300,ZTB00000000000300,2022,44300,1299,130
301,1,1,1,1,301,1,KR00301,ZTB00000000000301,2023,44431,1310,131
302,2,2,2,2,302,2,WA00302,ZTB00000000000302,2024,44562,1321,132
303,3,3,3,3,303,3,GD00303,ZTB00000000000303,2025,44693,1332,133
304,4,4,4,4,304,4,PO00304,ZTB00000000000304,2010,44824,1343,134
305,5,5,5,5,305,5,WR00305,ZTB00000000000305,2011,44955,1354,135
306,6,6,6,6,306,6,LU00306,ZTB00000000000306,2012,45086,1365,136
307,7,7,7,7,307,1,BI00307,ZTB00000000000307,2013,45217,1376,137
308,8,8,8,8,308,2,RZ00308,ZTB00000000000308,2014,45348,1387,138
309,9,9,9,9,309,3,SC00309,ZTB00000000000309,2015,45479,1398,139
310,10,10,10,10,310,4,OP00310,ZTB00000000000310,2016,45610,1409,140
311,11,1,11,11,311,5,KR00311,ZTB00000000000311,2017,45741,1420,141
312,12,2,12,12,312,6,WA00312,ZTB00000000000312,2018,45872,1431,142
313,13,3,13,13,313,1,GD00313,ZTB00000000000313,2019,46003,1442,143
314,14,4,14,14,314,2,PO00314,ZTB00000000000314,2020,46134,1453,144
315,15,5,15,15,315,3,WR00315,ZTB00000000000315,2021,46265,1464,145
316,16,6,16,16,316,4,LU00316,ZTB00000000000316,2022,46396,1475,146
317,17,7,17,17,317,5,BI00317,ZTB00000000000317,2023,46527,1486,147
318,18,8,18,18,318,6,RZ00318,ZTB00000000000318,2024,46658,1497,148
319,19,9,19,19,319,1,SC00319,ZTB00000000000319,2025,46789,1508,149
320,20,10,20,20,320,2,OP00320,ZTB00000000000320,2010,46920,1519,150
321,21,1,21,21,321,3,KR00321,ZTB00000000000321,2011,47051,1530,151
322,22,2,22,22,322,4,WA00322,ZTB00000000000322,2012,47182,1541,152
323,23,3,23,23,323,5,GD00323,ZTB00000000000323,2013,47313,1552,153
324,24,4,24,24,324,6,PO00324,ZTB00000000000324,2014,47444,1563,154
325,25,5,25,25,325,1,WR00325,ZTB00000000000325,2015,47575,1574,155
326,26,6,26,26,326,2,LU00326,ZTB00000000000326,2016,47706,1585,156
327,27,7,27,27,327,3,BI00327,ZTB00000000000327,2017,47837,1596,157
328,28,8,28,28,328,4,RZ00328,ZTB00000000000328,2018,47968,1607,158
329,29,9,29,29,329,5,SC00329,ZTB00000000000329,2019,48099,1618,159
330,30,10,30,30,330,6,OP00330,ZTB00000000000330,2020,48230,1629,160
331,31,1,31,1,331,1,KR00331,ZTB00000000000331,2021,48361,1640,161
332,32,2,32,2,332,2,WA00332,ZTB00000000000332,2022,48492,1651,162
333,33,3,33,3,333,3,GD00333,ZTB00000000000333,2023,48623,1662,163
334,34,4,34,4,334,4,PO00334,ZTB00000000000334,2024,48754,1673,164
335,35,5,35,5,335,5,WR00335,ZTB00000000000335,2025,48885,1684,165
336,36,6,36,6,336,6,LU00336,ZTB00000000000336,2010,49016,1695,166
337,37,7,37,7,337,1,BI00337,ZTB00000000000337,2011,49147,1706,167
338,38,8,38,8,338,2,RZ00338,ZTB00000000000338,2012,49278,1717,168
339,39,9,39,9,339,3,SC00339,ZTB00000000000339,2013,49409,1728,169
340,40,10,40,10,340,4,OP00340,ZTB00000000000340,2014,49540,1739,170
341,41,1,41,11,341,5,KR00341,ZTB00000000000341,2015,49671,1750,171
342,42,2,42,12,342,6,WA00342,ZTB00000000000342,2016,49802,1761,172
343,43,3,43,13,343,1,GD00343,ZTB00000000000343,2017,49933,1772,173
344,44,4,44,14,344,2,PO00344,ZTB00000000000344,2018,50064,1783,174
345,45,5,45,15,345,3,WR00345,ZTB00000000000345,2019,50195,1794,175
346,46,6,46,16,346,4,LU00346,ZTB00000000000346,2020,50326,1805,176
347,47,7,47,17,347,5,BI00347,ZTB00000000000347,2021,50457,1816,177
348,48,8,48,18,348,6,RZ00348,ZTB00000000000348,2022,50588,1827,178
349,49,9,49,19,349,1,SC00349,ZTB00000000000349,2023,50719,1838,179
350,50,10,50,20,350,2,OP00350,ZTB00000000000350,2024,50850,1849,180
351,51,1,1,21,351,3,KR00351,ZTB00000000000351,2025,50981,1860,181
352,52,2,2,22,352,4,WA00352,ZTB00000000000352,2010,51112,1871,182
353,53,3,3,23,353,5,GD00353,ZTB00000000000353,2011,51243,1882,183
354,54,4,4,24,354,6,PO00354,ZTB00000000000354,2012,51374,1893,184
355,55,5,5,25,355,1,WR00355,ZTB00000000000355,2013,51505,1904,185
356,56,6,6,26,356,2,LU00356,ZTB00000000000356,2014,51636,1915,186
357,57,7,7,27,357,3,BI00357,ZTB00000000000357,2015,51767,1926,187
358,58,8,8,28,358,4,RZ00358,ZTB00000000000358,2016,51898,1937,188
359,59,9,9,29,359,5,SC00359,ZTB00000000000359,2017,52029,1948,189
360,60,10,10,30,360,6,OP00360,ZTB00000000000360,2018,52160,1959,190
361,61,1,11,1,361,1,KR00361,ZTB00000000000361,2019,52291,1970,191
362,62,2,12,2,362,2,WA00362,ZTB00000000000362,2020,52422,1981,192
363,63,3,13,3,363,3,GD00363,ZTB00000000000363,2021,52553,1992,193
364,64,4,14,4,364,4,PO00364,ZTB00000000000364,2022,52684,2003,194
365,65,5,15,5,365,5,WR00365,ZTB00000000000365,2023,52815,2014,195
366,66,6,16,6,366,6,LU00366,ZTB00000000000366,2024,52946,2025,196
367,67,7,17,7,367,1,BI00367,ZTB00000000000367,2025,53077,2036,197
368,68,8,18,8,368,2,RZ00368,ZTB00000000000368,2010,53208,2047,198
369,69,9,19,9,369,3,SC00369,ZTB00000000000369,2011,53339,2058,199
370,70,10,20,10,370,4,OP00370,ZTB00000000000370,2012,53470,2069,200
371,71,1,21,11,371,5,KR00371,ZTB00000000000371,2013,53601,2080,201
372,72,2,22,12,372,6,WA00372,ZTB00000000000372,2014,53732,2091,202
373,73,3,23,13,373,1,GD00373,ZTB00000000000373,2015,53863,2102,203
374,74,4,24,14,374,2,PO00374,ZTB00000000000374,2016,53994,2113,204
375,75,5,25,15,375,3,WR00375,ZTB00000000000375,2017,54125,2124,205
376,76,6,26,16,376,4,LU00376,ZTB00000000000376,2018,54256,2135,206
377,77,7,27,17,377,5,BI00377,ZTB00000000000377,2019,54387,2146,207
378,78,8,28,18,378,6,RZ00378,ZTB00000000000378,2020,54518,2157,208
379,79,9,29,19,379,1,SC00379,ZTB00000000000379,2021,54649,2168,209
380,80,10,30,20,380,2,OP00380,ZTB00000000000380,2022,54780,2179,210
381,81,1,31,21,381,3,KR00381,ZTB00000000000381,2023,54911,2190,211
382,82,2,32,22,382,4,WA00382,ZTB00000000000382,2024,55042,2201,212
383,83,3,33,23,383,5,GD00383,ZTB00000000000383,2025,55173,2212,213
384,84,4,34,24,384,6,PO00384,ZTB00000000000384,2010,55304,2223,214
385,85,5,35,25,385,1,WR00385,ZTB00000000000385,2011,55435,2234,215
386,86,6,36,26,386,2,LU00386,ZTB00000000000386,2012,55566,2245,216
387,87,7,37,27,387,3,BI00387,ZTB00000000000387,2013,55697,2256,217
388,88,8,38,28,388,4,RZ00388,ZTB00000000000388,2014,55828,2267,218
389,89,9,39,29,389,5,SC00389,ZTB00000000000389,2015,55959,2278,219
390,90,10,40,30,390,6,OP00390,ZTB00000000000390,2016,56090,2289,220
391,91,1,41,1,391,1,KR00391,ZTB00000000000391,2017,56221,2300,221
392,92,2,42,2,392,2,WA00392,ZTB00000000000392,2018,56352,2311,222
393,93,3,43,3,393,3,GD00393,ZTB00000000000393,2019,56483,2322,223
394,94,4,44,4,394,4,PO00394,ZTB00000000000394,2020,56614,2333,224
395,95,5,45,5,395,5,WR00395,ZTB00000000000395,2021,56745,2344,225
396,96,6,46,6,396,6,LU00396,ZTB00000000000396,2022,56876,2355,226
397,97,7,47,7,397,1,BI00397,ZTB00000000000397,2023,57007,2366,227
398,98,8,48,8,398,2,RZ00398,ZTB00000000000398,2024,57138,2377,228
399,99,9,49,9,399,3,SC00399,ZTB00000000000399,2025,57269,2388,229
400,100,10,50,10,400,4,OP00400,ZTB00000000000400,2010,57400,2399,230
401,101,1,1,11,1,5,KR00401,ZTB00000000000401,2011,57531,2410,231
402,102,2,2,12,2,6,WA00402,ZTB00000000000402,2012,57662,2421,232
403,103,3,3,13,3,1,GD00403,ZTB00000000000403,2013,57793,2432,233
404,104,4,4,14,4,2,PO00404,ZTB00000000000404,2014,57924,2443,234
405,105,5,5,15,5,3,WR00405,ZTB00000000000405,2015,58055,2454,235
406,106,6,6,16,6,4,LU00406,ZTB00000000000406,2016,58186,2465,236
407,107,7,7,17,7,5,BI00407,ZTB00000000000407,2017,58317,2476,237
408,108,8,8,18,8,6,RZ00408,ZTB00000000000408,2018,58448,2487,238
409,109,9,9,19,9,1,SC00409,ZTB00000000000409,2019,58579,2498,239
410,110,10,10,20,10,2,OP00410,ZTB00000000000410,2020,58710,2509,240
411,111,1,11,21,11,3,KR00411,ZTB00000000000411,2021,58841,2520,241
412,112,2,12,22,12,4,WA00412,ZTB00000000000412,2022,58972,2531,242
413,113,3,13,23,13,5,GD00413,ZTB00000000000413,2023,59103,2542,243
414,114,4,14,24,14,6,PO00414,ZTB00000000000414,2024,59234,2553,244
415,115,5,15,25,15,1,WR00415,ZTB00000000000415,2025,59365,2564,245
416,116,6,16,26,16,2,LU00416,ZTB00000000000416,2010,59496,2575,246
417,117,7,17,27,17,3,BI00417,ZTB00000000000417,2011,59627,2586,247
418,118,8,18,28,18,4,RZ00418,ZTB00000000000418,2012,59758,2597,248
419,119,9,19,29,19,5,SC00419,ZTB00000000000419,2013,59889,2608,249
420,120,10,20,30,20,6,OP00420,ZTB00000000000420,2014,60020,2619,250
421,121,1,21,1,21,1,KR00421,ZTB00000000000421,2015,60151,2630,251
422,122,2,22,2,22,2,WA00422,ZTB00000000000422,2016,60282,2641,252
423,123,3,23,3,23,3,GD00423,ZTB00000000000423,2017,60413,2652,253
424,124,4,24,4,24,4,PO00424,ZTB00000000000424,2018,60544,2663,254
425,125,5,25,5,25,5,WR00425,ZTB00000000000425,2019,60675,2674,255
426,126,6,26,6,26,6,LU00426,ZTB00000000000426,2020,60806,2685,256
427,127,7,27,7,27,1,BI00427,ZTB00000000000427,2021,60937,2696,257
428,128,8,28,8,28,2,RZ00428,ZTB00000000000428,2022,61068,2707,258
429,129,9,29,9,29,3,SC00429,ZTB00000000000429,2023,61199,2718,259
430,130,10,30,10,30,4,OP00430,ZTB00000000000430,2024,61330,2729,260
431,131,1,31,11,31,5,KR00431,ZTB00000000000431,2025,61461,2740,261
432,132,2,32,12,32,6,WA00432,ZTB00000000000432,2010,61592,2751,262
433,133,3,33,13,33,1,GD00433,ZTB00000000000433,2011,61723,2762,263
434,134,4,34,14,34,2,PO00434,ZTB00000000000434,2012,61854,2773,264
435,135,5,35,15,35,3,WR00435,ZTB00000000000435,2013,61985,2784,265
436,136,6,36,16,36,4,LU00436,ZTB00000000000436,2014,62116,2795,266
437,137,7,37,17,37,5,BI00437,ZTB00000000000437,2015,62247,2806,267
438,138,8,38,18,38,6,RZ00438,ZTB00000000000438,2016,62378,2817,268
439,139,9,39,19,39,1,SC00439,ZTB00000000000439,2017,62509,2828,269
440,140,10,40,20,40,2,OP00440,ZTB00000000000440,2018,62640,2839,270
441,141,1,41,21,41,3,KR00441,ZTB00000000000441,2019,62771,2850,271
442,142,2,42,22,42,4,WA00442,ZTB00000000000442,2020,62902,2861,272
443,143,3,43,23,43,5,GD00443,ZTB00000000000443,2021,63033,2872,273
444,144,4,44,24,44,6,PO00444,ZTB00000000000444,2022,63164,2883,274
445,145,5,45,25,45,1,WR00445,ZTB00000000000445,2023,63295,2894,275
446,146,6,46,26,46,2,LU00446,ZTB00000000000446,2024,63426,2905,276
447,147,7,47,27,47,3,BI00447,ZTB00000000000447,2025,63557,2916,277
448,148,8,48,28,48,4,RZ00448,ZTB00000000000448,2010,63688,2927,278
449,149,9,49,29,49,5,SC00449,ZTB00000000000449,2011,63819,2938,279
450,150,10,50,30,50,6,OP00450,ZTB00000000000450,2012,63950,2949,280
451,151,1,1,1,51,1,KR00451,ZTB00000000000451,2013,64081,2960,281
452,152,2,2,2,52,2,WA00452,ZTB00000000000452,2014,64212,2971,282
453,153,3,3,3,53,3,GD00453,ZTB00000000000453,2015,64343,2982,283
454,154,4,4,4,54,4,PO00454,ZTB00000000000454,2016,64474,2993,284
455,155,5,5,5,55,5,WR00455,ZTB00000000000455,2017,64605,3004,285
456,156,6,6,6,56,6,LU00456,ZTB00000000000456,2018,64736,3015,286
457,157,7,7,7,57,1,BI00457,ZTB00000000000457,2019,64867,3026,287
458,158,8,8,8,58,2,RZ00458,ZTB00000000000458,2020,64998,3037,288
459,159,9,9,9,59,3,SC00459,ZTB00000000000459,2021,65129,3048,289
460,160,10,10,10,60,4,OP00460,ZTB00000000000460,2022,65260,3059,290
461,161,1,11,11,61,5,KR00461,ZTB00000000000461,2023,65391,3070,291
462,162,2,12,12,62,6,WA00462,ZTB00000000000462,2024,65522,3081,292
463,163,3,13,13,63,1,GD00463,ZTB00000000000463,2025,65653,3092,293
464,164,4,14,14,64,2,PO00464,ZTB00000000000464,2010,65784,3103,294
465,165,5,15,15,65,3,WR00465,ZTB00000000000465,2011,65915,3114,295
466,166,6,16,16,66,4,LU00466,ZTB00000000000466,2012,66046,3125,296
467,167,7,17,17,67,5,BI00467,ZTB00000000000467,2013,66177,3136,297
468,168,8,18,18,68,6,RZ00468,ZTB00000000000468,2014,66308,3147,298
469,169,9,19,19,69,1,SC00469,ZTB00000000000469,2015,66439,3158,299
470,170,10,20,20,70,2,OP00470,ZTB00000000000470,2016,66570,3169,300
471,171,1,21,21,71,3,KR00471,ZTB00000000000471,2017,66701,3180,301
472,172,2,22,22,72,4,WA00472,ZTB00000000000472,2018,66832,3191,302
473,173,3,23,23,73,5,GD00473,ZTB00000000000473,2019,66963,3202,303
474,174,4,24,24,74,6,PO00474,ZTB00000000000474,2020,67094,3213,304
475,175,5,25,25,75,1,WR00475,ZTB00000000000475,2021,67225,3224,305
476,176,6,26,26,76,2,LU00476,ZTB00000000000476,2022,67356,3235,306
477,177,7,27,27,77,3,BI00477,ZTB00000000000477,2023,67487,3246,307
478,178,8,28,28,78,4,RZ00478,ZTB00000000000478,2024,67618,3257,308
479,179,9,29,29,79,5,SC00479,ZTB00000000000479,2025,67749,3268,309
480,180,10,30,30,80,6,OP00480,ZTB00000000000480,2010,67880,3279,70
481,181,1,31,1,81,1,KR00481,ZTB00000000000481,2011,68011,3290,71
482,182,2,32,2,82,2,WA00482,ZTB00000000000482,2012,68142,3301,72
483,183,3,33,3,83,3,GD00483,ZTB00000000000483,2013,68273,3312,73
484,184,4,34,4,84,4,PO00484,ZTB00000000000484,2014,68404,3323,74
485,185,5,35,5,85,5,WR00485,ZTB00000000000485,2015,68535,3334,75
486,186,6,36,6,86,6,LU00486,ZTB00000000000486,2016,68666,3345,76
487,187,7,37,7,87,1,BI00487,ZTB00000000000487,2017,68797,3356,77
488,188,8,38,8,88,2,RZ00488,ZTB00000000000488,2018,68928,3367,78
489,189,9,39,9,89,3,SC00489,ZTB00000000000489,2019,69059,3378,79
490,190,10,40,10,90,4,OP00490,ZTB00000000000490,2020,69190,3389,80
491,191,1,41,11,91,5,KR00491,ZTB00000000000491,2021,69321,3400,81
492,192,2,42,12,92,6,WA00492,ZTB00000000000492,2022,69452,3411,82
493,193,3,43,13,93,1,GD00493,ZTB00000000000493,2023,69583,3422,83
494,194,4,44,14,94,2,PO00494,ZTB00000000000494,2024,69714,3433,84
495,195,5,45,15,95,3,WR00495,ZTB00000000000495,2025,69845,3444,85
496,196,6,46,16,96,4,LU00496,ZTB00000000000496,2010,69976,3455,86
497,197,7,47,17,97,5,BI00497,ZTB00000000000497,2011,70107,3466,87
498,198,8,48,18,98,6,RZ00498,ZTB00000000000498,2012,70238,3477,88
499,199,9,49,19,99,1,SC00499,ZTB00000000000499,2013,70369,3488,89
500,200,10,50,20,100,2,OP00500,ZTB00000000000500,2014,70500,3499,90
501,201,1,1,21,101,3,KR00501,ZTB00000000000501,2015,70631,3510,91
502,202,2,2,22,102,4,WA00502,ZTB00000000000502,2016,70762,3521,92
503,203,3,3,23,103,5,GD00503,ZTB00000000000503,2017,70893,3532,93
504,204,4,4,24,104,6,PO00504,ZTB00000000000504,2018,71024,3543,94
505,205,5,5,25,105,1,WR00505,ZTB00000000000505,2019,71155,3554,95
506,206,6,6,26,106,2,LU00506,ZTB00000000000506,2020,71286,3565,96
507,207,7,7,27,107,3,BI00507,ZTB00000000000507,2021,71417,3576,97
508,208,8,8,28,108,4,RZ00508,ZTB00000000000508,2022,71548,3587,98
509,209,9,9,29,109,5,SC00509,ZTB00000000000509,2023,71679,3598,99
510,210,10,10,30,110,6,OP00510,ZTB00000000000510,2024,71810,3609,100
511,211,1,11,1,111,1,KR00511,ZTB00000000000511,2025,71941,3620,101
512,212,2,12,2,112,2,WA00512,ZTB00000000000512,2010,72072,3631,102
513,213,3,13,3,113,3,GD00513,ZTB00000000000513,2011,72203,3642,103
514,214,4,14,4,114,4,PO00514,ZTB00000000000514,2012,72334,3653,104
515,215,5,15,5,115,5,WR00515,ZTB00000000000515,2013,72465,3664,105
516,216,6,16,6,116,6,LU00516,ZTB00000000000516,2014,72596,3675,106
517,217,7,17,7,117,1,BI00517,ZTB00000000000517,2015,72727,3686,107
518,218,8,18,8,118,2,RZ00518,ZTB00000000000518,2016,72858,3697,108
519,219,9,19,9,119,3,SC00519,ZTB00000000000519,2017,72989,3708,109
520,220,10,20,10,120,4,OP00520,ZTB00000000000520,2018,73120,3719,110
521,221,1,21,11,121,5,KR00521,ZTB00000000000521,2019,73251,3730,111
522,222,2,22,12,122,6,WA00522,ZTB00000000000522,2020,73382,3741,112
523,223,3,23,13,123,1,GD00523,ZTB00000000000523,2021,73513,3752,113
524,224,4,24,14,124,2,PO00524,ZTB00000000000524,2022,73644,3763,114
525,225,5,25,15,125,3,WR00525,ZTB00000000000525,2023,73775,3774,115
526,226,6,26,16,126,4,LU00526,ZTB00000000000526,2024,73906,3785,116
527,227,7,27,17,127,5,BI00527,ZTB00000000000527,2025,74037,3796,117
528,228,8,28,18,128,6,RZ00528,ZTB00000000000528,2010,74168,3807,118
529,229,9,29,19,129,1,SC00529,ZTB00000000000529,2011,74299,3818,119
530,230,10,30,20,130,2,OP00530,ZTB00000000000530,2012,74430,3829,120
531,231,1,31,21,131,3,KR00531,ZTB00000000000531,2013,74561,3840,121
532,232,2,32,22,132,4,WA00532,ZTB00000000000532,2014,74692,3851,122
533,233,3,33,23,133,5,GD00533,ZTB00000000000533,2015,74823,3862,123
534,234,4,34,24,134,6,PO00534,ZTB00000000000534,2016,74954,3873,124
535,235,5,35,25,135,1,WR00535,ZTB00000000000535,2017,75085,3884,125
536,236,6,36,26,136,2,LU00536,ZTB00000000000536,2018,75216,3895,126
537,237,7,37,27,137,3,BI00537,ZTB00000000000537,2019,75347,3906,127
538,238,8,38,28,138,4,RZ00538,ZTB00000000000538,2020,75478,3917,128
539,239,9,39,29,139,5,SC00539,ZTB00000000000539,2021,75609,3928,129
540,240,10,40,30,140,6,OP00540,ZTB00000000000540,2022,75740,3939,130
541,241,1,41,1,141,1,KR00541,ZTB00000000000541,2023,75871,3950,131
542,242,2,42,2,142,2,WA00542,ZTB00000000000542,2024,76002,3961,132
543,243,3,43,3,143,3,GD00543,ZTB00000000000543,2025,76133,3972,133
544,244,4,44,4,144,4,PO00544,ZTB00000000000544,2010,76264,3983,134
545,245,5,45,5,145,5,WR00545,ZTB00000000000545,2011,76395,3994,135
546,246,6,46,6,146,6,LU00546,ZTB00000000000546,2012,76526,1005,136
547,247,7,47,7,147,1,BI00547,ZTB00000000000547,2013,76657,1016,137
548,248,8,48,8,148,2,RZ00548,ZTB00000000000548,2014,76788,1027,138
549,249,9,49,9,149,3,SC00549,ZTB00000000000549,2015,76919,1038,139
550,250,10,50,10,150,4,OP00550,ZTB00000000000550,2016,77050,1049,140
551,251,1,1,11,151,5,KR00551,ZTB00000000000551,2017,77181,1060,141
552,252,2,2,12,152,6,WA00552,ZTB00000000000552,2018,77312,1071,142
553,253,3,3,13,153,1,GD00553,ZTB00000000000553,2019,77443,1082,143
554,254,4,4,14,154,2,PO00554,ZTB00000000000554,2020,77574,1093,144
555,255,5,5,15,155,3,WR00555,ZTB00000000000555,2021,77705,1104,145
556,256,6,6,16,156,4,LU00556,ZTB00000000000556,2022,77836,1115,146
557,257,7,7,17,157,5,BI00557,ZTB00000000000557,2023,77967,1126,147
558,258,8,8,18,158,6,RZ00558,ZTB00000000000558,2024,78098,1137,148
559,259,9,9,19,159,1,SC00559,ZTB00000000000559,2025,78229,1148,149
560,260,10,10,20,160,2,OP00560,ZTB00000000000560,2010,78360,1159,150
561,261,1,11,21,161,3,KR00561,ZTB00000000000561,2011,78491,1170,151
562,262,2,12,22,162,4,WA00562,ZTB00000000000562,2012,78622,1181,152
563,263,3,13,23,163,5,GD00563,ZTB00000000000563,2013,78753,1192,153
564,264,4,14,24,164,6,PO00564,ZTB00000000000564,2014,78884,1203,154
565,265,5,15,25,165,1,WR00565,ZTB00000000000565,2015,79015,1214,155
566,266,6,16,26,166,2,LU00566,ZTB00000000000566,2016,79146,1225,156
567,267,7,17,27,167,3,BI00567,ZTB00000000000567,2017,79277,1236,157
568,268,8,18,28,168,4,RZ00568,ZTB00000000000568,2018,79408,1247,158
569,269,9,19,29,169,5,SC00569,ZTB00000000000569,2019,79539,1258,159
570,270,10,20,30,170,6,OP00570,ZTB00000000000570,2020,79670,1269,160
571,271,1,21,1,171,1,KR00571,ZTB00000000000571,2021,79801,1280,161
572,272,2,22,2,172,2,WA00572,ZTB00000000000572,2022,79932,1291,162
573,273,3,23,3,173,3,GD00573,ZTB00000000000573,2023,80063,1302,163
574,274,4,24,4,174,4,PO00574,ZTB00000000000574,2024,80194,1313,164
575,275,5,25,5,175,5,WR00575,ZTB00000000000575,2025,80325,1324,165
576,276,6,26,6,176,6,LU00576,ZTB00000000000576,2010,80456,1335,166
577,277,7,27,7,177,1,BI00577,ZTB00000000000577,2011,80587,1346,167
578,278,8,28,8,178,2,RZ00578,ZTB00000000000578,2012,80718,1357,168
579,279,9,29,9,179,3,SC00579,ZTB00000000000579,2013,80849,1368,169
580,280,10,30,10,180,4,OP00580,ZTB00000000000580,2014,80980,1379,170
581,281,1,31,11,181,5,KR00581,ZTB00000000000581,2015,81111,1390,171
582,282,2,32,12,182,6,WA00582,ZTB00000000000582,2016,81242,1401,172
583,283,3,33,13,183,1,GD00583,ZTB00000000000583,2017,81373,1412,173
584,284,4,34,14,184,2,PO00584,ZTB00000000000584,2018,81504,1423,174
585,285,5,35,15,185,3,WR00585,ZTB00000000000585,2019,81635,1434,175
586,286,6,36,16,186,4,LU00586,ZTB00000000000586,2020,81766,1445,176
587,287,7,37,17,187,5,BI00587,ZTB00000000000587,2021,81897,1456,177
588,288,8,38,18,188,6,RZ00588,ZTB00000000000588,2022,82028,1467,178
589,289,9,39,19,189,1,SC00589,ZTB00000000000589,2023,82159,1478,179
590,290,10,40,20,190,2,OP00590,ZTB00000000000590,2024,82290,1489,180
591,291,1,41,21,191,3,KR00591,ZTB00000000000591,2025,82421,1500,181
592,292,2,42,22,192,4,WA00592,ZTB00000000000592,2010,82552,1511,182
593,293,3,43,23,193,5,GD00593,ZTB00000000000593,2011,82683,1522,183
594,294,4,44,24,194,6,PO00594,ZTB00000000000594,2012,82814,1533,184
595,295,5,45,25,195,1,WR00595,ZTB00000000000595,2013,82945,1544,185
596,296,6,46,26,196,2,LU00596,ZTB00000000000596,2014,83076,1555,186
597,297,7,47,27,197,3,BI00597,ZTB00000000000597,2015,83207,1566,187
598,298,8,48,28,198,4,RZ00598,ZTB00000000000598,2016,83338,1577,188
599,299,9,49,29,199,5,SC00599,ZTB00000000000599,2017,83469,1588,189
600,300,10,50,30,200,6,OP00600,ZTB00000000000600,2018,83600,1599,190
601,1,1,1,1,201,1,KR00601,ZTB00000000000601,2019,83731,1610,191
602,2,2,2,2,202,2,WA00602,ZTB00000000000602,2020,83862,1621,192
603,3,3,3,3,203,3,GD00603,ZTB00000000000603,2021,83993,1632,193
604,4,4,4,4,204,4,PO00604,ZTB00000000000604,2022,84124,1643,194
605,5,5,5,5,205,5,WR00605,ZTB00000000000605,2023,84255,1654,195
606,6,6,6,6,206,6,LU00606,ZTB00000000000606,2024,84386,1665,196
607,7,7,7,7,207,1,BI00607,ZTB00000000000607,2025,84517,1676,197
608,8,8,8,8,208,2,RZ00608,ZTB00000000000608,2010,84648,1687,198
609,9,9,9,9,209,3,SC00609,ZTB00000000000609,2011,84779,1698,199
610,10,10,10,10,210,4,OP00610,ZTB00000000000610,2012,84910,1709,200
611,11,1,11,11,211,5,KR00611,ZTB00000000000611,2013,85041,1720,201
612,12,2,12,12,212,6,WA00612,ZTB00000000000612,2014,85172,1731,202
613,13,3,13,13,213,1,GD00613,ZTB00000000000613,2015,85303,1742,203
614,14,4,14,14,214,2,PO00614,ZTB00000000000614,2016,85434,1753,204
615,15,5,15,15,215,3,WR00615,ZTB00000000000615,2017,85565,1764,205
616,16,6,16,16,216,4,LU00616,ZTB00000000000616,2018,85696,1775,206
617,17,7,17,17,217,5,BI00617,ZTB00000000000617,2019,85827,1786,207
618,18,8,18,18,218,6,RZ00618,ZTB00000000000618,2020,85958,1797,208
619,19,9,19,19,219,1,SC00619,ZTB00000000000619,2021,86089,1808,209
620,20,10,20,20,220,2,OP00620,ZTB00000000000620,2022,86220,1819,210
621,21,1,21,21,221,3,KR00621,ZTB00000000000621,2023,86351,1830,211
622,22,2,22,22,222,4,WA00622,ZTB00000000000622,2024,86482,1841,212
623,23,3,23,23,223,5,GD00623,ZTB00000000000623,2025,86613,1852,213
624,24,4,24,24,224,6,PO00624,ZTB00000000000624,2010,86744,1863,214
625,25,5,25,25,225,1,WR00625,ZTB00000000000625,2011,86875,1874,215
626,26,6,26,26,226,2,LU00626,ZTB00000000000626,2012,87006,1885,216
627,27,7,27,27,227,3,BI00627,ZTB00000000000627,2013,87137,1896,217
628,28,8,28,28,228,4,RZ00628,ZTB00000000000628,2014,87268,1907,218
629,29,9,29,29,229,5,SC00629,ZTB00000000000629,2015,87399,1918,219
630,30,10,30,30,230,6,OP00630,ZTB00000000000630,2016,87530,1929,220
631,31,1,31,1,231,1,KR00631,ZTB00000000000631,2017,87661,1940,221
632,32,2,32,2,232,2,WA00632,ZTB00000000000632,2018,87792,1951,222
633,33,3,33,3,233,3,GD00633,ZTB00000000000633,2019,87923,1962,223
634,34,4,34,4,234,4,PO00634,ZTB00000000000634,2020,88054,1973,224
635,35,5,35,5,235,5,WR00635,ZTB00000000000635,2021,88185,1984,225
636,36,6,36,6,236,6,LU00636,ZTB00000000000636,2022,88316,1995,226
637,37,7,37,7,237,1,BI00637,ZTB00000000000637,2023,88447,2006,227
638,38,8,38,8,238,2,RZ00638,ZTB00000000000638,2024,88578,2017,228
639,39,9,39,9,239,3,SC00639,ZTB00000000000639,2025,88709,2028,229
640,40,10,40,10,240,4,OP00640,ZTB00000000000640,2010,88840,2039,230
641,41,1,41,11,241,5,KR00641,ZTB00000000000641,2011,88971,2050,231
642,42,2,42,12,242,6,WA00642,ZTB00000000000642,2012,89102,2061,232
643,43,3,43,13,243,1,GD00643,ZTB00000000000643,2013,89233,2072,233
644,44,4,44,14,244,2,PO00644,ZTB00000000000644,2014,89364,2083,234
645,45,5,45,15,245,3,WR00645,ZTB00000000000645,2015,89495,2094,235
646,46,6,46,16,246,4,LU00646,ZTB00000000000646,2016,89626,2105,236
647,47,7,47,17,247,5,BI00647,ZTB00000000000647,2017,89757,2116,237
648,48,8,48,18,248,6,RZ00648,ZTB00000000000648,2018,89888,2127,238
649,49,9,49,19,249,1,SC00649,ZTB00000000000649,2019,90019,2138,239
650,50,10,50,20,250,2,OP00650,ZTB00000000000650,2020,90150,2149,240
651,51,1,1,21,251,3,KR00651,ZTB00000000000651,2021,90281,2160,241
652,52,2,2,22,252,4,WA00652,ZTB00000000000652,2022,90412,2171,242
653,53,3,3,23,253,5,GD00653,ZTB00000000000653,2023,90543,2182,243
654,54,4,4,24,254,6,PO00654,ZTB00000000000654,2024,90674,2193,244
655,55,5,5,25,255,1,WR00655,ZTB00000000000655,2025,90805,2204,245
656,56,6,6,26,256,2,LU00656,ZTB00000000000656,2010,90936,2215,246
657,57,7,7,27,257,3,BI00657,ZTB00000000000657,2011,91067,2226,247
658,58,8,8,28,258,4,RZ00658,ZTB00000000000658,2012,91198,2237,248
659,59,9,9,29,259,5,SC00659,ZTB00000000000659,2013,91329,2248,249
660,60,10,10,30,260,6,OP00660,ZTB00000000000660,2014,91460,2259,250
661,61,1,11,1,261,1,KR00661,ZTB00000000000661,2015,91591,2270,251
662,62,2,12,2,262,2,WA00662,ZTB00000000000662,2016,91722,2281,252
663,63,3,13,3,263,3,GD00663,ZTB00000000000663,2017,91853,2292,253
664,64,4,14,4,264,4,PO00664,ZTB00000000000664,2018,91984,2303,254
665,65,5,15,5,265,5,WR00665,ZTB00000000000665,2019,92115,2314,255
666,66,6,16,6,266,6,LU00666,ZTB00000000000666,2020,92246,2325,256
667,67,7,17,7,267,1,BI00667,ZTB00000000000667,2021,92377,2336,257
668,68,8,18,8,268,2,RZ00668,ZTB00000000000668,2022,92508,2347,258
669,69,9,19,9,269,3,SC00669,ZTB00000000000669,2023,92639,2358,259
670,70,10,20,10,270,4,OP00670,ZTB00000000000670,2024,92770,2369,260
671,71,1,21,11,271,5,KR00671,ZTB00000000000671,2025,92901,2380,261
672,72,2,22,12,272,6,WA00672,ZTB00000000000672,2010,93032,2391,262
673,73,3,23,13,273,1,GD00673,ZTB00000000000673,2011,93163,2402,263
674,74,4,24,14,274,2,PO00674,ZTB00000000000674,2012,93294,2413,264
675,75,5,25,15,275,3,WR00675,ZTB00000000000675,2013,93425,2424,265
676,76,6,26,16,276,4,LU00676,ZTB00000000000676,2014,93556,2435,266
677,77,7,27,17,277,5,BI00677,ZTB00000000000677,2015,93687,2446,267
678,78,8,28,18,278,6,RZ00678,ZTB00000000000678,2016,93818,2457,268
679,79,9,29,19,279,1,SC00679,ZTB00000000000679,2017,93949,2468,269
680,80,10,30,20,280,2,OP00680,ZTB00000000000680,2018,94080,2479,270
681,81,1,31,21,281,3,KR00681,ZTB00000000000681,2019,94211,2490,271
682,82,2,32,22,282,4,WA00682,ZTB00000000000682,2020,94342,2501,272
683,83,3,33,23,283,5,GD00683,ZTB00000000000683,2021,94473,2512,273
684,84,4,34,24,284,6,PO00684,ZTB00000000000684,2022,94604,2523,274
685,85,5,35,25,285,1,WR00685,ZTB00000000000685,2023,94735,2534,275
686,86,6,36,26,286,2,LU00686,ZTB00000000000686,2024,94866,2545,276
687,87,7,37,27,287,3,BI00687,ZTB00000000000687,2025,94997,2556,277
688,88,8,38,28,288,4,RZ00688,ZTB00000000000688,2010,95128,2567,278
689,89,9,39,29,289,5,SC00689,ZTB00000000000689,2011,95259,2578,279
690,90,10,40,30,290,6,OP00690,ZTB00000000000690,2012,95390,2589,280
691,91,1,41,1,291,1,KR00691,ZTB00000000000691,2013,95521,2600,281
692,92,2,42,2,292,2,WA00692,ZTB00000000000692,2014,95652,2611,282
693,93,3,43,3,293,3,GD00693,ZTB00000000000693,2015,95783,2622,283
694,94,4,44,4,294,4,PO00694,ZTB00000000000694,2016,95914,2633,284
695,95,5,45,5,295,5,WR00695,ZTB00000000000695,2017,96045,2644,285
696,96,6,46,6,296,6,LU00696,ZTB00000000000696,2018,96176,2655,286
697,97,7,47,7,297,1,BI00697,ZTB00000000000697,2019,96307,2666,287
698,98,8,48,8,298,2,RZ00698,ZTB00000000000698,2020,96438,2677,288
699,99,9,49,9,299,3,SC00699,ZTB00000000000699,2021,96569,2688,289
700,100,10,50,10,300,4,OP00700,ZTB00000000000700,2022,96700,2699,290
701,101,1,1,11,301,5,KR00701,ZTB00000000000701,2023,96831,2710,291
702,102,2,2,12,302,6,WA00702,ZTB00000000000702,2024,96962,2721,292
703,103,3,3,13,303,1,GD00703,ZTB00000000000703,2025,97093,2732,293
704,104,4,4,14,304,2,PO00704,ZTB00000000000704,2010,97224,2743,294
705,105,5,5,15,305,3,WR00705,ZTB00000000000705,2011,97355,2754,295
706,106,6,6,16,306,4,LU00706,ZTB00000000000706,2012,97486,2765,296
707,107,7,7,17,307,5,BI00707,ZTB00000000000707,2013,97617,2776,297
708,108,8,8,18,308,6,RZ00708,ZTB00000000000708,2014,97748,2787,298
709,109,9,9,19,309,1,SC00709,ZTB00000000000709,2015,97879,2798,299
710,110,10,10,20,310,2,OP00710,ZTB00000000000710,2016,98010,2809,300
711,111,1,11,21,311,3,KR00711,ZTB00000000000711,2017,98141,2820,301
712,112,2,12,22,312,4,WA00712,ZTB00000000000712,2018,98272,2831,302
713,113,3,13,23,313,5,GD00713,ZTB00000000000713,2019,98403,2842,303
714,114,4,14,24,314,6,PO00714,ZTB00000000000714,2020,98534,2853,304
715,115,5,15,25,315,1,WR00715,ZTB00000000000715,2021,98665,2864,305
716,116,6,16,26,316,2,LU00716,ZTB00000000000716,2022,98796,2875,306
717,117,7,17,27,317,3,BI00717,ZTB00000000000717,2023,98927,2886,307
718,118,8,18,28,318,4,RZ00718,ZTB00000000000718,2024,99058,2897,308
719,119,9,19,29,319,5,SC00719,ZTB00000000000719,2025,99189,2908,309
720,120,10,20,30,320,6,OP00720,ZTB00000000000720,2010,99320,2919,70
721,121,1,21,1,321,1,KR00721,ZTB00000000000721,2011,99451,2930,71
722,122,2,22,2,322,2,WA00722,ZTB00000000000722,2012,99582,2941,72
723,123,3,23,3,323,3,GD00723,ZTB00000000000723,2013,99713,2952,73
724,124,4,24,4,324,4,PO00724,ZTB00000000000724,2014,99844,2963,74
725,125,5,25,5,325,5,WR00725,ZTB00000000000725,2015,99975,2974,75
726,126,6,26,6,326,6,LU00726,ZTB00000000000726,2016,100106,2985,76
727,127,7,27,7,327,1,BI00727,ZTB00000000000727,2017,100237,2996,77
728,128,8,28,8,328,2,RZ00728,ZTB00000000000728,2018,100368,3007,78
729,129,9,29,9,329,3,SC00729,ZTB00000000000729,2019,100499,3018,79
730,130,10,30,10,330,4,OP00730,ZTB00000000000730,2020,100630,3029,80
731,131,1,31,11,331,5,KR00731,ZTB00000000000731,2021,100761,3040,81
732,132,2,32,12,332,6,WA00732,ZTB00000000000732,2022,100892,3051,82
733,133,3,33,13,333,1,GD00733,ZTB00000000000733,2023,101023,3062,83
734,134,4,34,14,334,2,PO00734,ZTB00000000000734,2024,101154,3073,84
735,135,5,35,15,335,3,WR00735,ZTB00000000000735,2025,101285,3084,85
736,136,6,36,16,336,4,LU00736,ZTB00000000000736,2010,101416,3095,86
737,137,7,37,17,337,5,BI00737,ZTB00000000000737,2011,101547,3106,87
738,138,8,38,18,338,6,RZ00738,ZTB00000000000738,2012,101678,3117,88
739,139,9,39,19,339,1,SC00739,ZTB00000000000739,2013,101809,3128,89
740,140,10,40,20,340,2,OP00740,ZTB00000000000740,2014,101940,3139,90
741,141,1,41,21,341,3,KR00741,ZTB00000000000741,2015,102071,3150,91
742,142,2,42,22,342,4,WA00742,ZTB00000000000742,2016,102202,3161,92
743,143,3,43,23,343,5,GD00743,ZTB00000000000743,2017,102333,3172,93
744,144,4,44,24,344,6,PO00744,ZTB00000000000744,2018,102464,3183,94
745,145,5,45,25,345,1,WR00745,ZTB00000000000745,2019,102595,3194,95
746,146,6,46,26,346,2,LU00746,ZTB00000000000746,2020,102726,3205,96
747,147,7,47,27,347,3,BI00747,ZTB00000000000747,2021,102857,3216,97
748,148,8,48,28,348,4,RZ00748,ZTB00000000000748,2022,102988,3227,98
749,149,9,49,29,349,5,SC00749,ZTB00000000000749,2023,103119,3238,99
750,150,10,50,30,350,6,OP00750,ZTB00000000000750,2024,103250,3249,100
751,151,1,1,1,351,1,KR00751,ZTB00000000000751,2025,103381,3260,101
752,152,2,2,2,352,2,WA00752,ZTB00000000000752,2010,103512,3271,102
753,153,3,3,3,353,3,GD00753,ZTB00000000000753,2011,103643,3282,103
754,154,4,4,4,354,4,PO00754,ZTB00000000000754,2012,103774,3293,104
755,155,5,5,5,355,5,WR00755,ZTB00000000000755,2013,103905,3304,105
756,156,6,6,6,356,6,LU00756,ZTB00000000000756,2014,104036,3315,106
757,157,7,7,7,357,1,BI00757,ZTB00000000000757,2015,104167,3326,107
758,158,8,8,8,358,2,RZ00758,ZTB00000000000758,2016,104298,3337,108
759,159,9,9,9,359,3,SC00759,ZTB00000000000759,2017,104429,3348,109
760,160,10,10,10,360,4,OP00760,ZTB00000000000760,2018,104560,3359,110
761,161,1,11,11,361,5,KR00761,ZTB00000000000761,2019,104691,3370,111
762,162,2,12,12,362,6,WA00762,ZTB00000000000762,2020,104822,3381,112
763,163,3,13,13,363,1,GD00763,ZTB00000000000763,2021,104953,3392,113
764,164,4,14,14,364,2,PO00764,ZTB00000000000764,2022,105084,3403,114
765,165,5,15,15,365,3,WR00765,ZTB00000000000765,2023,105215,3414,115
766,166,6,16,16,366,4,LU00766,ZTB00000000000766,2024,105346,3425,116
767,167,7,17,17,367,5,BI00767,ZTB00000000000767,2025,105477,3436,117
768,168,8,18,18,368,6,RZ00768,ZTB00000000000768,2010,105608,3447,118
769,169,9,19,19,369,1,SC00769,ZTB00000000000769,2011,105739,3458,119
770,170,10,20,20,370,2,OP00770,ZTB00000000000770,2012,105870,3469,120
771,171,1,21,21,371,3,KR00771,ZTB00000000000771,2013,106001,3480,121
772,172,2,22,22,372,4,WA00772,ZTB00000000000772,2014,106132,3491,122
773,173,3,23,23,373,5,GD00773,ZTB00000000000773,2015,106263,3502,123
774,174,4,24,24,374,6,PO00774,ZTB00000000000774,2016,106394,3513,124
775,175,5,25,25,375,1,WR00775,ZTB00000000000775,2017,106525,3524,125
776,176,6,26,26,376,2,LU00776,ZTB00000000000776,2018,106656,3535,126
777,177,7,27,27,377,3,BI00777,ZTB00000000000777,2019,106787,3546,127
778,178,8,28,28,378,4,RZ00778,ZTB00000000000778,2020,106918,3557,128
779,179,9,29,29,379,5,SC00779,ZTB00000000000779,2021,107049,3568,129
780,180,10,30,30,380,6,OP00780,ZTB00000000000780,2022,107180,3579,130
781,181,1,31,1,381,1,KR00781,ZTB00000000000781,2023,107311,3590,131
782,182,2,32,2,382,2,WA00782,ZTB00000000000782,2024,107442,3601,132
783,183,3,33,3,383,3,GD00783,ZTB00000000000783,2025,107573,3612,133
784,184,4,34,4,384,4,PO00784,ZTB00000000000784,2010,107704,3623,134
785,185,5,35,5,385,5,WR00785,ZTB00000000000785,2011,107835,3634,135
786,186,6,36,6,386,6,LU00786,ZTB00000000000786,2012,107966,3645,136
787,187,7,37,7,387,1,BI00787,ZTB00000000000787,2013,108097,3656,137
788,188,8,38,8,388,2,RZ00788,ZTB00000000000788,2014,108228,3667,138
789,189,9,39,9,389,3,SC00789,ZTB00000000000789,2015,108359,3678,139
790,190,10,40,10,390,4,OP00790,ZTB00000000000790,2016,108490,3689,140
791,191,1,41,11,391,5,KR00791,ZTB00000000000791,2017,108621,3700,141
792,192,2,42,12,392,6,WA00792,ZTB00000000000792,2018,108752,3711,142
793,193,3,43,13,393,1,GD00793,ZTB00000000000793,2019,108883,3722,143
794,194,4,44,14,394,2,PO00794,ZTB00000000000794,2020,109014,3733,144
795,195,5,45,15,395,3,WR00795,ZTB00000000000795,2021,109145,3744,145
796,196,6,46,16,396,4,LU00796,ZTB00000000000796,2022,109276,3755,146
797,197,7,47,17,397,5,BI00797,ZTB00000000000797,2023,109407,3766,147
798,198,8,48,18,398,6,RZ00798,ZTB00000000000798,2024,109538,3777,148
799,199,9,49,19,399,1,SC00799,ZTB00000000000799,2025,109669,3788,149
800,200,10,50,20,400,2,OP00800,ZTB00000000000800,2010,109800,3799,150
801,201,1,1,21,1,3,KR00801,ZTB00000000000801,2011,109931,3810,151
802,202,2,2,22,2,4,WA00802,ZTB00000000000802,2012,110062,3821,152
803,203,3,3,23,3,5,GD00803,ZTB00000000000803,2013,110193,3832,153
804,204,4,4,24,4,6,PO00804,ZTB00000000000804,2014,110324,3843,154
805,205,5,5,25,5,1,WR00805,ZTB00000000000805,2015,110455,3854,155
806,206,6,6,26,6,2,LU00806,ZTB00000000000806,2016,110586,3865,156
807,207,7,7,27,7,3,BI00807,ZTB00000000000807,2017,110717,3876,157
808,208,8,8,28,8,4,RZ00808,ZTB00000000000808,2018,110848,3887,158
809,209,9,9,29,9,5,SC00809,ZTB00000000000809,2019,110979,3898,159
810,210,10,10,30,10,6,OP00810,ZTB00000000000810,2020,111110,3909,160
811,211,1,11,1,11,1,KR00811,ZTB00000000000811,2021,111241,3920,161
812,212,2,12,2,12,2,WA00812,ZTB00000000000812,2022,111372,3931,162
813,213,3,13,3,13,3,GD00813,ZTB00000000000813,2023,111503,3942,163
814,214,4,14,4,14,4,PO00814,ZTB00000000000814,2024,111634,3953,164
815,215,5,15,5,15,5,WR00815,ZTB00000000000815,2025,111765,3964,165
816,216,6,16,6,16,6,LU00816,ZTB00000000000816,2010,111896,3975,166
817,217,7,17,7,17,1,BI00817,ZTB00000000000817,2011,112027,3986,167
818,218,8,18,8,18,2,RZ00818,ZTB00000000000818,2012,112158,3997,168
819,219,9,19,9,19,3,SC00819,ZTB00000000000819,2013,112289,1008,169
820,220,10,20,10,20,4,OP00820,ZTB00000000000820,2014,112420,1019,170
821,221,1,21,11,21,5,KR00821,ZTB00000000000821,2015,112551,1030,171
822,222,2,22,12,22,6,WA00822,ZTB00000000000822,2016,112682,1041,172
823,223,3,23,13,23,1,GD00823,ZTB00000000000823,2017,112813,1052,173
824,224,4,24,14,24,2,PO00824,ZTB00000000000824,2018,112944,1063,174
825,225,5,25,15,25,3,WR00825,ZTB00000000000825,2019,113075,1074,175
826,226,6,26,16,26,4,LU00826,ZTB00000000000826,2020,113206,1085,176
827,227,7,27,17,27,5,BI00827,ZTB00000000000827,2021,113337,1096,177
828,228,8,28,18,28,6,RZ00828,ZTB00000000000828,2022,113468,1107,178
829,229,9,29,19,29,1,SC00829,ZTB00000000000829,2023,113599,1118,179
830,230,10,30,20,30,2,OP00830,ZTB00000000000830,2024,113730,1129,180
831,231,1,31,21,31,3,KR00831,ZTB00000000000831,2025,113861,1140,181
832,232,2,32,22,32,4,WA00832,ZTB00000000000832,2010,113992,1151,182
833,233,3,33,23,33,5,GD00833,ZTB00000000000833,2011,114123,1162,183
834,234,4,34,24,34,6,PO00834,ZTB00000000000834,2012,114254,1173,184
835,235,5,35,25,35,1,WR00835,ZTB00000000000835,2013,114385,1184,185
836,236,6,36,26,36,2,LU00836,ZTB00000000000836,2014,114516,1195,186
837,237,7,37,27,37,3,BI00837,ZTB00000000000837,2015,114647,1206,187
838,238,8,38,28,38,4,RZ00838,ZTB00000000000838,2016,114778,1217,188
839,239,9,39,29,39,5,SC00839,ZTB00000000000839,2017,114909,1228,189
840,240,10,40,30,40,6,OP00840,ZTB00000000000840,2018,115040,1239,190
841,241,1,41,1,41,1,KR00841,ZTB00000000000841,2019,115171,1250,191
842,242,2,42,2,42,2,WA00842,ZTB00000000000842,2020,115302,1261,192
843,243,3,43,3,43,3,GD00843,ZTB00000000000843,2021,115433,1272,193
844,244,4,44,4,44,4,PO00844,ZTB00000000000844,2022,115564,1283,194
845,245,5,45,5,45,5,WR00845,ZTB00000000000845,2023,115695,1294,195
846,246,6,46,6,46,6,LU00846,ZTB00000000000846,2024,115826,1305,196
847,247,7,47,7,47,1,BI00847,ZTB00000000000847,2025,115957,1316,197
848,248,8,48,8,48,2,RZ00848,ZTB00000000000848,2010,116088,1327,198
849,249,9,49,9,49,3,SC00849,ZTB00000000000849,2011,116219,1338,199
850,250,10,50,10,50,4,OP00850,ZTB00000000000850,2012,116350,1349,200
851,251,1,1,11,51,5,KR00851,ZTB00000000000851,2013,116481,1360,201
852,252,2,2,12,52,6,WA00852,ZTB00000000000852,2014,116612,1371,202
853,253,3,3,13,53,1,GD00853,ZTB00000000000853,2015,116743,1382,203
854,254,4,4,14,54,2,PO00854,ZTB00000000000854,2016,116874,1393,204
855,255,5,5,15,55,3,WR00855,ZTB00000000000855,2017,117005,1404,205
856,256,6,6,16,56,4,LU00856,ZTB00000000000856,2018,117136,1415,206
857,257,7,7,17,57,5,BI00857,ZTB00000000000857,2019,117267,1426,207
858,258,8,8,18,58,6,RZ00858,ZTB00000000000858,2020,117398,1437,208
859,259,9,9,19,59,1,SC00859,ZTB00000000000859,2021,117529,1448,209
860,260,10,10,20,60,2,OP00860,ZTB00000000000860,2022,117660,1459,210
861,261,1,11,21,61,3,KR00861,ZTB00000000000861,2023,117791,1470,211
862,262,2,12,22,62,4,WA00862,ZTB00000000000862,2024,117922,1481,212
863,263,3,13,23,63,5,GD00863,ZTB00000000000863,2025,118053,1492,213
864,264,4,14,24,64,6,PO00864,ZTB00000000000864,2010,118184,1503,214
865,265,5,15,25,65,1,WR00865,ZTB00000000000865,2011,118315,1514,215
866,266,6,16,26,66,2,LU00866,ZTB00000000000866,2012,118446,1525,216
867,267,7,17,27,67,3,BI00867,ZTB00000000000867,2013,118577,1536,217
868,268,8,18,28,68,4,RZ00868,ZTB00000000000868,2014,118708,1547,218
869,269,9,19,29,69,5,SC00869,ZTB00000000000869,2015,118839,1558,219
870,270,10,20,30,70,6,OP00870,ZTB00000000000870,2016,118970,1569,220
871,271,1,21,1,71,1,KR00871,ZTB00000000000871,2017,119101,1580,221
872,272,2,22,2,72,2,WA00872,ZTB00000000000872,2018,119232,1591,222
873,273,3,23,3,73,3,GD00873,ZTB00000000000873,2019,119363,1602,223
874,274,4,24,4,74,4,PO00874,ZTB00000000000874,2020,119494,1613,224
875,275,5,25,5,75,5,WR00875,ZTB00000000000875,2021,119625,1624,225
876,276,6,26,6,76,6,LU00876,ZTB00000000000876,2022,119756,1635,226
877,277,7,27,7,77,1,BI00877,ZTB00000000000877,2023,119887,1646,227
878,278,8,28,8,78,2,RZ00878,ZTB00000000000878,2024,120018,1657,228
879,279,9,29,9,79,3,SC00879,ZTB00000000000879,2025,120149,1668,229
880,280,10,30,10,80,4,OP00880,ZTB00000000000880,2010,120280,1679,230
881,281,1,31,11,81,5,KR00881,ZTB00000000000881,2011,120411,1690,231
882,282,2,32,12,82,6,WA00882,ZTB00000000000882,2012,120542,1701,232
883,283,3,33,13,83,1,GD00883,ZTB00000000000883,2013,120673,1712,233
884,284,4,34,14,84,2,PO00884,ZTB00000000000884,2014,120804,1723,234
885,285,5,35,15,85,3,WR00885,ZTB00000000000885,2015,120935,1734,235
886,286,6,36,16,86,4,LU00886,ZTB00000000000886,2016,121066,1745,236
887,287,7,37,17,87,5,BI00887,ZTB00000000000887,2017,121197,1756,237
888,288,8,38,18,88,6,RZ00888,ZTB00000000000888,2018,121328,1767,238
889,289,9,39,19,89,1,SC00889,ZTB00000000000889,2019,121459,1778,239
890,290,10,40,20,90,2,OP00890,ZTB00000000000890,2020,121590,1789,240
891,291,1,41,21,91,3,KR00891,ZTB00000000000891,2021,121721,1800,241
892,292,2,42,22,92,4,WA00892,ZTB00000000000892,2022,121852,1811,242
893,293,3,43,23,93,5,GD00893,ZTB00000000000893,2023,121983,1822,243
894,294,4,44,24,94,6,PO00894,ZTB00000000000894,2024,122114,1833,244
895,295,5,45,25,95,1,WR00895,ZTB00000000000895,2025,122245,1844,245
896,296,6,46,26,96,2,LU00896,ZTB00000000000896,2010,122376,1855,246
897,297,7,47,27,97,3,BI00897,ZTB00000000000897,2011,122507,1866,247
898,298,8,48,28,98,4,RZ00898,ZTB00000000000898,2012,122638,1877,248
899,299,9,49,29,99,5,SC00899,ZTB00000000000899,2013,122769,1888,249
900,300,10,50,30,100,6,OP00900,ZTB00000000000900,2014,122900,1899,250
901,1,1,1,1,101,1,KR00901,ZTB00000000000901,2015,123031,1910,251
902,2,2,2,2,102,2,WA00902,ZTB00000000000902,2016,123162,1921,252
903,3,3,3,3,103,3,GD00903,ZTB00000000000903,2017,123293,1932,253
904,4,4,4,4,104,4,PO00904,ZTB00000000000904,2018,123424,1943,254
905,5,5,5,5,105,5,WR00905,ZTB00000000000905,2019,123555,1954,255
906,6,6,6,6,106,6,LU00906,ZTB00000000000906,2020,123686,1965,256
907,7,7,7,7,107,1,BI00907,ZTB00000000000907,2021,123817,1976,257
908,8,8,8,8,108,2,RZ00908,ZTB00000000000908,2022,123948,1987,258
909,9,9,9,9,109,3,SC00909,ZTB00000000000909,2023,124079,1998,259
910,10,10,10,10,110,4,OP00910,ZTB00000000000910,2024,124210,2009,260
911,11,1,11,11,111,5,KR00911,ZTB00000000000911,2025,124341,2020,261
912,12,2,12,12,112,6,WA00912,ZTB00000000000912,2010,124472,2031,262
913,13,3,13,13,113,1,GD00913,ZTB00000000000913,2011,124603,2042,263
914,14,4,14,14,114,2,PO00914,ZTB00000000000914,2012,124734,2053,264
915,15,5,15,15,115,3,WR00915,ZTB00000000000915,2013,124865,2064,265
916,16,6,16,16,116,4,LU00916,ZTB00000000000916,2014,124996,2075,266
917,17,7,17,17,117,5,BI00917,ZTB00000000000917,2015,125127,2086,267
918,18,8,18,18,118,6,RZ00918,ZTB00000000000918,2016,125258,2097,268
919,19,9,19,19,119,1,SC00919,ZTB00000000000919,2017,125389,2108,269
920,20,10,20,20,120,2,OP00920,ZTB00000000000920,2018,125520,2119,270
921,21,1,21,21,121,3,KR00921,ZTB00000000000921,2019,125651,2130,271
922,22,2,22,22,122,4,WA00922,ZTB00000000000922,2020,125782,2141,272
923,23,3,23,23,123,5,GD00923,ZTB00000000000923,2021,125913,2152,273
924,24,4,24,24,124,6,PO00924,ZTB00000000000924,2022,126044,2163,274
925,25,5,25,25,125,1,WR00925,ZTB00000000000925,2023,126175,2174,275
926,26,6,26,26,126,2,LU00926,ZTB00000000000926,2024,126306,2185,276
927,27,7,27,27,127,3,BI00927,ZTB00000000000927,2025,126437,2196,277
928,28,8,28,28,128,4,RZ00928,ZTB00000000000928,2010,126568,2207,278
929,29,9,29,29,129,5,SC00929,ZTB00000000000929,2011,126699,2218,279
930,30,10,30,30,130,6,OP00930,ZTB00000000000930,2012,126830,2229,280
931,31,1,31,1,131,1,KR00931,ZTB00000000000931,2013,126961,2240,281
932,32,2,32,2,132,2,WA00932,ZTB00000000000932,2014,127092,2251,282
933,33,3,33,3,133,3,GD00933,ZTB00000000000933,2015,127223,2262,283
934,34,4,34,4,134,4,PO00934,ZTB00000000000934,2016,127354,2273,284
935,35,5,35,5,135,5,WR00935,ZTB00000000000935,2017,127485,2284,285
936,36,6,36,6,136,6,LU00936,ZTB00000000000936,2018,127616,2295,286
937,37,7,37,7,137,1,BI00937,ZTB00000000000937,2019,127747,2306,287
938,38,8,38,8,138,2,RZ00938,ZTB00000000000938,2020,127878,2317,288
939,39,9,39,9,139,3,SC00939,ZTB00000000000939,2021,128009,2328,289
940,40,10,40,10,140,4,OP00940,ZTB00000000000940,2022,128140,2339,290
941,41,1,41,11,141,5,KR00941,ZTB00000000000941,2023,128271,2350,291
942,42,2,42,12,142,6,WA00942,ZTB00000000000942,2024,128402,2361,292
943,43,3,43,13,143,1,GD00943,ZTB00000000000943,2025,128533,2372,293
944,44,4,44,14,144,2,PO00944,ZTB00000000000944,2010,128664,2383,294
945,45,5,45,15,145,3,WR00945,ZTB00000000000945,2011,128795,2394,295
946,46,6,46,16,146,4,LU00946,ZTB00000000000946,2012,128926,2405,296
947,47,7,47,17,147,5,BI00947,ZTB00000000000947,2013,129057,2416,297
948,48,8,48,18,148,6,RZ00948,ZTB00000000000948,2014,129188,2427,298
949,49,9,49,19,149,1,SC00949,ZTB00000000000949,2015,129319,2438,299
950,50,10,50,20,150,2,OP00950,ZTB00000000000950,2016,129450,2449,300
951,51,1,1,21,151,3,KR00951,ZTB00000000000951,2017,129581,2460,301
952,52,2,2,22,152,4,WA00952,ZTB00000000000952,2018,129712,2471,302
953,53,3,3,23,153,5,GD00953,ZTB00000000000953,2019,129843,2482,303
954,54,4,4,24,154,6,PO00954,ZTB00000000000954,2020,129974,2493,304
955,55,5,5,25,155,1,WR00955,ZTB00000000000955,2021,130105,2504,305
956,56,6,6,26,156,2,LU00956,ZTB00000000000956,2022,130236,2515,306
957,57,7,7,27,157,3,BI00957,ZTB00000000000957,2023,130367,2526,307
958,58,8,8,28,158,4,RZ00958,ZTB00000000000958,2024,130498,2537,308
959,59,9,9,29,159,5,SC00959,ZTB00000000000959,2025,130629,2548,309
960,60,10,10,30,160,6,OP00960,ZTB00000000000960,2010,130760,2559,70
961,61,1,11,1,161,1,KR00961,ZTB00000000000961,2011,130891,2570,71
962,62,2,12,2,162,2,WA00962,ZTB00000000000962,2012,131022,2581,72
963,63,3,13,3,163,3,GD00963,ZTB00000000000963,2013,131153,2592,73
964,64,4,14,4,164,4,PO00964,ZTB00000000000964,2014,131284,2603,74
965,65,5,15,5,165,5,WR00965,ZTB00000000000965,2015,131415,2614,75
966,66,6,16,6,166,6,LU00966,ZTB00000000000966,2016,131546,2625,76
967,67,7,17,7,167,1,BI00967,ZTB00000000000967,2017,131677,2636,77
968,68,8,18,8,168,2,RZ00968,ZTB00000000000968,2018,131808,2647,78
969,69,9,19,9,169,3,SC00969,ZTB00000000000969,2019,131939,2658,79
970,70,10,20,10,170,4,OP00970,ZTB00000000000970,2020,132070,2669,80
971,71,1,21,11,171,5,KR00971,ZTB00000000000971,2021,132201,2680,81
972,72,2,22,12,172,6,WA00972,ZTB00000000000972,2022,132332,2691,82
973,73,3,23,13,173,1,GD00973,ZTB00000000000973,2023,132463,2702,83
974,74,4,24,14,174,2,PO00974,ZTB00000000000974,2024,132594,2713,84
975,75,5,25,15,175,3,WR00975,ZTB00000000000975,2025,132725,2724,85
976,76,6,26,16,176,4,LU00976,ZTB00000000000976,2010,132856,2735,86
977,77,7,27,17,177,5,BI00977,ZTB00000000000977,2011,132987,2746,87
978,78,8,28,18,178,6,RZ00978,ZTB00000000000978,2012,133118,2757,88
979,79,9,29,19,179,1,SC00979,ZTB00000000000979,2013,133249,2768,89
980,80,10,30,20,180,2,OP00980,ZTB00000000000980,2014,133380,2779,90
981,81,1,31,21,181,3,KR00981,ZTB00000000000981,2015,133511,2790,91
982,82,2,32,22,182,4,WA00982,ZTB00000000000982,2016,133642,2801,92
983,83,3,33,23,183,5,GD00983,ZTB00000000000983,2017,133773,2812,93
984,84,4,34,24,184,6,PO00984,ZTB00000000000984,2018,133904,2823,94
985,85,5,35,25,185,1,WR00985,ZTB00000000000985,2019,134035,2834,95
986,86,6,36,26,186,2,LU00986,ZTB00000000000986,2020,134166,2845,96
987,87,7,37,27,187,3,BI00987,ZTB00000000000987,2021,134297,2856,97
988,88,8,38,28,188,4,RZ00988,ZTB00000000000988,2022,134428,2867,98
989,89,9,39,29,189,5,SC00989,ZTB00000000000989,2023,134559,2878,99
990,90,10,40,30,190,6,OP00990,ZTB00000000000990,2024,134690,2889,100
991,91,1,41,1,191,1,KR00991,ZTB00000000000991,2025,134821,2900,101
992,92,2,42,2,192,2,WA00992,ZTB00000000000992,2010,134952,2911,102
993,93,3,43,3,193,3,GD00993,ZTB00000000000993,2011,135083,2922,103
994,94,4,44,4,194,4,PO00994,ZTB00000000000994,2012,135214,2933,104
995,95,5,45,5,195,5,WR00995,ZTB00000000000995,2013,135345,2944,105
996,96,6,46,6,196,6,LU00996,ZTB00000000000996,2014,135476,2955,106
997,97,7,47,7,197,1,BI00997,ZTB00000000000997,2015,135607,2966,107
998,98,8,48,8,198,2,RZ00998,ZTB00000000000998,2016,135738,2977,108
999,99,9,49,9,199,3,SC00999,ZTB00000000000999,2017,135869,2988,109
1000,100,10,50,10,200,4,OP01000,ZTB00000000001000,2018,136000,2999,110
1001,101,1,1,11,201,5,KR01001,ZTB00000000001001,2019,136131,3010,111
1002,102,2,2,12,202,6,WA01002,ZTB00000000001002,2020,136262,3021,112
1003,103,3,3,13,203,1,GD01003,ZTB00000000001003,2021,136393,3032,113
1004,104,4,4,14,204,2,PO01004,ZTB00000000001004,2022,136524,3043,114
1005,105,5,5,15,205,3,WR01005,ZTB00000000001005,2023,136655,3054,115
1006,106,6,6,16,206,4,LU01006,ZTB00000000001006,2024,136786,3065,116
1007,107,7,7,17,207,5,BI01007,ZTB00000000001007,2025,136917,3076,117
1008,108,8,8,18,208,6,RZ01008,ZTB00000000001008,2010,137048,3087,118
1009,109,9,9,19,209,1,SC01009,ZTB00000000001009,2011,137179,3098,119
1010,110,10,10,20,210,2,OP01010,ZTB00000000001010,2012,137310,3109,120
1011,111,1,11,21,211,3,KR01011,ZTB00000000001011,2013,137441,3120,121
1012,112,2,12,22,212,4,WA01012,ZTB00000000001012,2014,137572,3131,122
1013,113,3,13,23,213,5,GD01013,ZTB00000000001013,2015,137703,3142,123
1014,114,4,14,24,214,6,PO01014,ZTB00000000001014,2016,137834,3153,124
1015,115,5,15,25,215,1,WR01015,ZTB00000000001015,2017,137965,3164,125
1016,116,6,16,26,216,2,LU01016,ZTB00000000001016,2018,138096,3175,126
1017,117,7,17,27,217,3,BI01017,ZTB00000000001017,2019,138227,3186,127
1018,118,8,18,28,218,4,RZ01018,ZTB00000000001018,2020,138358,3197,128
1019,119,9,19,29,219,5,SC01019,ZTB00000000001019,2021,138489,3208,129
1020,120,10,20,30,220,6,OP01020,ZTB00000000001020,2022,138620,3219,130
1021,121,1,21,1,221,1,KR01021,ZTB00000000001021,2023,138751,3230,131
1022,122,2,22,2,222,2,WA01022,ZTB00000000001022,2024,138882,3241,132
1023,123,3,23,3,223,3,GD01023,ZTB00000000001023,2025,139013,3252,133
1024,124,4,24,4,224,4,PO01024,ZTB00000000001024,2010,139144,3263,134
1025,125,5,25,5,225,5,WR01025,ZTB00000000001025,2011,139275,3274,135
1026,126,6,26,6,226,6,LU01026,ZTB00000000001026,2012,139406,3285,136
1027,127,7,27,7,227,1,BI01027,ZTB00000000001027,2013,139537,3296,137
1028,128,8,28,8,228,2,RZ01028,ZTB00000000001028,2014,139668,3307,138
1029,129,9,29,9,229,3,SC01029,ZTB00000000001029,2015,139799,3318,139
1030,130,10,30,10,230,4,OP01030,ZTB00000000001030,2016,139930,3329,140
1031,131,1,31,11,231,5,KR01031,ZTB00000000001031,2017,140061,3340,141
1032,132,2,32,12,232,6,WA01032,ZTB00000000001032,2018,140192,3351,142
1033,133,3,33,13,233,1,GD01033,ZTB00000000001033,2019,140323,3362,143
1034,134,4,34,14,234,2,PO01034,ZTB00000000001034,2020,140454,3373,144
1035,135,5,35,15,235,3,WR01035,ZTB00000000001035,2021,140585,3384,145
1036,136,6,36,16,236,4,LU01036,ZTB00000000001036,2022,140716,3395,146
1037,137,7,37,17,237,5,BI01037,ZTB00000000001037,2023,140847,3406,147
1038,138,8,38,18,238,6,RZ01038,ZTB00000000001038,2024,140978,3417,148
1039,139,9,39,19,239,1,SC01039,ZTB00000000001039,2025,141109,3428,149
1040,140,10,40,20,240,2,OP01040,ZTB00000000001040,2010,141240,3439,150
1041,141,1,41,21,241,3,KR01041,ZTB00000000001041,2011,141371,3450,151
1042,142,2,42,22,242,4,WA01042,ZTB00000000001042,2012,141502,3461,152
1043,143,3,43,23,243,5,GD01043,ZTB00000000001043,2013,141633,3472,153
1044,144,4,44,24,244,6,PO01044,ZTB00000000001044,2014,141764,3483,154
1045,145,5,45,25,245,1,WR01045,ZTB00000000001045,2015,141895,3494,155
1046,146,6,46,26,246,2,LU01046,ZTB00000000001046,2016,142026,3505,156
1047,147,7,47,27,247,3,BI01047,ZTB00000000001047,2017,142157,3516,157
1048,148,8,48,28,248,4,RZ01048,ZTB00000000001048,2018,142288,3527,158
1049,149,9,49,29,249,5,SC01049,ZTB00000000001049,2019,142419,3538,159
1050,150,10,50,30,250,6,OP01050,ZTB00000000001050,2020,142550,3549,160
1051,151,1,1,1,251,1,KR01051,ZTB00000000001051,2021,142681,3560,161
1052,152,2,2,2,252,2,WA01052,ZTB00000000001052,2022,142812,3571,162
1053,153,3,3,3,253,3,GD01053,ZTB00000000001053,2023,142943,3582,163
1054,154,4,4,4,254,4,PO01054,ZTB00000000001054,2024,143074,3593,164
1055,155,5,5,5,255,5,WR01055,ZTB00000000001055,2025,143205,3604,165
1056,156,6,6,6,256,6,LU01056,ZTB00000000001056,2010,143336,3615,166
1057,157,7,7,7,257,1,BI01057,ZTB00000000001057,2011,143467,3626,167
1058,158,8,8,8,258,2,RZ01058,ZTB00000000001058,2012,143598,3637,168
1059,159,9,9,9,259,3,SC01059,ZTB00000000001059,2013,143729,3648,169
1060,160,10,10,10,260,4,OP01060,ZTB00000000001060,2014,143860,3659,170
1061,161,1,11,11,261,5,KR01061,ZTB00000000001061,2015,143991,3670,171
1062,162,2,12,12,262,6,WA01062,ZTB00000000001062,2016,144122,3681,172
1063,163,3,13,13,263,1,GD01063,ZTB00000000001063,2017,144253,3692,173
1064,164,4,14,14,264,2,PO01064,ZTB00000000001064,2018,144384,3703,174
1065,165,5,15,15,265,3,WR01065,ZTB00000000001065,2019,144515,3714,175
1066,166,6,16,16,266,4,LU01066,ZTB00000000001066,2020,144646,3725,176
1067,167,7,17,17,267,5,BI01067,ZTB00000000001067,2021,144777,3736,177
1068,168,8,18,18,268,6,RZ01068,ZTB00000000001068,2022,144908,3747,178
1069,169,9,19,19,269,1,SC01069,ZTB00000000001069,2023,145039,3758,179
1070,170,10,20,20,270,2,OP01070,ZTB00000000001070,2024,145170,3769,180
1071,171,1,21,21,271,3,KR01071,ZTB00000000001071,2025,145301,3780,181
1072,172,2,22,22,272,4,WA01072,ZTB00000000001072,2010,145432,3791,182
1073,173,3,23,23,273,5,GD01073,ZTB00000000001073,2011,145563,3802,183
1074,174,4,24,24,274,6,PO01074,ZTB00000000001074,2012,145694,3813,184
1075,175,5,25,25,275,1,WR01075,ZTB00000000001075,2013,145825,3824,185
1076,176,6,26,26,276,2,LU01076,ZTB00000000001076,2014,145956,3835,186
1077,177,7,27,27,277,3,BI01077,ZTB00000000001077,2015,146087,3846,187
1078,178,8,28,28,278,4,RZ01078,ZTB00000000001078,2016,146218,3857,188
1079,179,9,29,29,279,5,SC01079,ZTB00000000001079,2017,146349,3868,189
1080,180,10,30,30,280,6,OP01080,ZTB00000000001080,2018,146480,3879,190
1081,181,1,31,1,281,1,KR01081,ZTB00000000001081,2019,146611,3890,191
1082,182,2,32,2,282,2,WA01082,ZTB00000000001082,2020,146742,3901,192
1083,183,3,33,3,283,3,GD01083,ZTB00000000001083,2021,146873,3912,193
1084,184,4,34,4,284,4,PO01084,ZTB00000000001084,2022,147004,3923,194
1085,185,5,35,5,285,5,WR01085,ZTB00000000001085,2023,147135,3934,195
1086,186,6,36,6,286,6,LU01086,ZTB00000000001086,2024,147266,3945,196
1087,187,7,37,7,287,1,BI01087,ZTB00000000001087,2025,147397,3956,197
1088,188,8,38,8,288,2,RZ01088,ZTB00000000001088,2010,147528,3967,198
1089,189,9,39,9,289,3,SC01089,ZTB00000000001089,2011,147659,3978,199
1090,190,10,40,10,290,4,OP01090,ZTB00000000001090,2012,147790,3989,200
1091,191,1,41,11,291,5,KR01091,ZTB00000000001091,2013,147921,1000,201
1092,192,2,42,12,292,6,WA01092,ZTB00000000001092,2014,148052,1011,202
1093,193,3,43,13,293,1,GD01093,ZTB00000000001093,2015,148183,1022,203
1094,194,4,44,14,294,2,PO01094,ZTB00000000001094,2016,148314,1033,204
1095,195,5,45,15,295,3,WR01095,ZTB00000000001095,2017,148445,1044,205
1096,196,6,46,16,296,4,LU01096,ZTB00000000001096,2018,148576,1055,206
1097,197,7,47,17,297,5,BI01097,ZTB00000000001097,2019,148707,1066,207
1098,198,8,48,18,298,6,RZ01098,ZTB00000000001098,2020,148838,1077,208
1099,199,9,49,19,299,1,SC01099,ZTB00000000001099,2021,148969,1088,209
1100,200,10,50,20,300,2,OP01100,ZTB00000000001100,2022,149100,1099,210
1101,201,1,1,21,301,3,KR01101,ZTB00000000001101,2023,149231,1110,211
1102,202,2,2,22,302,4,WA01102,ZTB00000000001102,2024,149362,1121,212
1103,203,3,3,23,303,5,GD01103,ZTB00000000001103,2025,149493,1132,213
1104,204,4,4,24,304,6,PO01104,ZTB00000000001104,2010,149624,1143,214
1105,205,5,5,25,305,1,WR01105,ZTB00000000001105,2011,149755,1154,215
1106,206,6,6,26,306,2,LU01106,ZTB00000000001106,2012,149886,1165,216
1107,207,7,7,27,307,3,BI01107,ZTB00000000001107,2013,150017,1176,217
1108,208,8,8,28,308,4,RZ01108,ZTB00000000001108,2014,150148,1187,218
1109,209,9,9,29,309,5,SC01109,ZTB00000000001109,2015,150279,1198,219
1110,210,10,10,30,310,6,OP01110,ZTB00000000001110,2016,150410,1209,220
1111,211,1,11,1,311,1,KR01111,ZTB00000000001111,2017,150541,1220,221
1112,212,2,12,2,312,2,WA01112,ZTB00000000001112,2018,150672,1231,222
1113,213,3,13,3,313,3,GD01113,ZTB00000000001113,2019,150803,1242,223
1114,214,4,14,4,314,4,PO01114,ZTB00000000001114,2020,150934,1253,224
1115,215,5,15,5,315,5,WR01115,ZTB00000000001115,2021,151065,1264,225
1116,216,6,16,6,316,6,LU01116,ZTB00000000001116,2022,151196,1275,226
1117,217,7,17,7,317,1,BI01117,ZTB00000000001117,2023,151327,1286,227
1118,218,8,18,8,318,2,RZ01118,ZTB00000000001118,2024,151458,1297,228
1119,219,9,19,9,319,3,SC01119,ZTB00000000001119,2025,151589,1308,229
1120,220,10,20,10,320,4,OP01120,ZTB00000000001120,2010,151720,1319,230
1121,221,1,21,11,321,5,KR01121,ZTB00000000001121,2011,151851,1330,231
1122,222,2,22,12,322,6,WA01122,ZTB00000000001122,2012,151982,1341,232
1123,223,3,23,13,323,1,GD01123,ZTB00000000001123,2013,152113,1352,233
1124,224,4,24,14,324,2,PO01124,ZTB00000000001124,2014,152244,1363,234
1125,225,5,25,15,325,3,WR01125,ZTB00000000001125,2015,152375,1374,235
1126,226,6,26,16,326,4,LU01126,ZTB00000000001126,2016,152506,1385,236
1127,227,7,27,17,327,5,BI01127,ZTB00000000001127,2017,152637,1396,237
1128,228,8,28,18,328,6,RZ01128,ZTB00000000001128,2018,152768,1407,238
1129,229,9,29,19,329,1,SC01129,ZTB00000000001129,2019,152899,1418,239
1130,230,10,30,20,330,2,OP01130,ZTB00000000001130,2020,153030,1429,240
1131,231,1,31,21,331,3,KR01131,ZTB00000000001131,2021,153161,1440,241
1132,232,2,32,22,332,4,WA01132,ZTB00000000001132,2022,153292,1451,242
1133,233,3,33,23,333,5,GD01133,ZTB00000000001133,2023,153423,1462,243
1134,234,4,34,24,334,6,PO01134,ZTB00000000001134,2024,153554,1473,244
1135,235,5,35,25,335,1,WR01135,ZTB00000000001135,2025,153685,1484,245
1136,236,6,36,26,336,2,LU01136,ZTB00000000001136,2010,153816,1495,246
1137,237,7,37,27,337,3,BI01137,ZTB00000000001137,2011,153947,1506,247
1138,238,8,38,28,338,4,RZ01138,ZTB00000000001138,2012,154078,1517,248
1139,239,9,39,29,339,5,SC01139,ZTB00000000001139,2013,154209,1528,249
1140,240,10,40,30,340,6,OP01140,ZTB00000000001140,2014,154340,1539,250
1141,241,1,41,1,341,1,KR01141,ZTB00000000001141,2015,154471,1550,251
1142,242,2,42,2,342,2,WA01142,ZTB00000000001142,2016,154602,1561,252
1143,243,3,43,3,343,3,GD01143,ZTB00000000001143,2017,154733,1572,253
1144,244,4,44,4,344,4,PO01144,ZTB00000000001144,2018,154864,1583,254
1145,245,5,45,5,345,5,WR01145,ZTB00000000001145,2019,154995,1594,255
1146,246,6,46,6,346,6,LU01146,ZTB00000000001146,2020,155126,1605,256
1147,247,7,47,7,347,1,BI01147,ZTB00000000001147,2021,155257,1616,257
1148,248,8,48,8,348,2,RZ01148,ZTB00000000001148,2022,155388,1627,258
1149,249,9,49,9,349,3,SC01149,ZTB00000000001149,2023,155519,1638,259
1150,250,10,50,10,350,4,OP01150,ZTB00000000001150,2024,155650,1649,260
1151,251,1,1,11,351,5,KR01151,ZTB00000000001151,2025,155781,1660,261
1152,252,2,2,12,352,6,WA01152,ZTB00000000001152,2010,155912,1671,262
1153,253,3,3,13,353,1,GD01153,ZTB00000000001153,2011,156043,1682,263
1154,254,4,4,14,354,2,PO01154,ZTB00000000001154,2012,156174,1693,264
1155,255,5,5,15,355,3,WR01155,ZTB00000000001155,2013,156305,1704,265
1156,256,6,6,16,356,4,LU01156,ZTB00000000001156,2014,156436,1715,266
1157,257,7,7,17,357,5,BI01157,ZTB00000000001157,2015,156567,1726,267
1158,258,8,8,18,358,6,RZ01158,ZTB00000000001158,2016,156698,1737,268
1159,259,9,9,19,359,1,SC01159,ZTB00000000001159,2017,156829,1748,269
1160,260,10,10,20,360,2,OP01160,ZTB00000000001160,2018,156960,1759,270
1161,261,1,11,21,361,3,KR01161,ZTB00000000001161,2019,157091,1770,271
1162,262,2,12,22,362,4,WA01162,ZTB00000000001162,2020,157222,1781,272
1163,263,3,13,23,363,5,GD01163,ZTB00000000001163,2021,157353,1792,273
1164,264,4,14,24,364,6,PO01164,ZTB00000000001164,2022,157484,1803,274
1165,265,5,15,25,365,1,WR01165,ZTB00000000001165,2023,157615,1814,275
1166,266,6,16,26,366,2,LU01166,ZTB00000000001166,2024,157746,1825,276
1167,267,7,17,27,367,3,BI01167,ZTB00000000001167,2025,157877,1836,277
1168,268,8,18,28,368,4,RZ01168,ZTB00000000001168,2010,158008,1847,278
1169,269,9,19,29,369,5,SC01169,ZTB00000000001169,2011,158139,1858,279
1170,270,10,20,30,370,6,OP01170,ZTB00000000001170,2012,158270,1869,280
1171,271,1,21,1,371,1,KR01171,ZTB00000000001171,2013,158401,1880,281
1172,272,2,22,2,372,2,WA01172,ZTB00000000001172,2014,158532,1891,282
1173,273,3,23,3,373,3,GD01173,ZTB00000000001173,2015,158663,1902,283
1174,274,4,24,4,374,4,PO01174,ZTB00000000001174,2016,158794,1913,284
1175,275,5,25,5,375,5,WR01175,ZTB00000000001175,2017,158925,1924,285
1176,276,6,26,6,376,6,LU01176,ZTB00000000001176,2018,159056,1935,286
1177,277,7,27,7,377,1,BI01177,ZTB00000000001177,2019,159187,1946,287
1178,278,8,28,8,378,2,RZ01178,ZTB00000000001178,2020,159318,1957,288
1179,279,9,29,9,379,3,SC01179,ZTB00000000001179,2021,159449,1968,289
1180,280,10,30,10,380,4,OP01180,ZTB00000000001180,2022,159580,1979,290
1181,281,1,31,11,381,5,KR01181,ZTB00000000001181,2023,159711,1990,291
1182,282,2,32,12,382,6,WA01182,ZTB00000000001182,2024,159842,2001,292
1183,283,3,33,13,383,1,GD01183,ZTB00000000001183,2025,159973,2012,293
1184,284,4,34,14,384,2,PO01184,ZTB00000000001184,2010,160104,2023,294
1185,285,5,35,15,385,3,WR01185,ZTB00000000001185,2011,160235,2034,295
1186,286,6,36,16,386,4,LU01186,ZTB00000000001186,2012,160366,2045,296
1187,287,7,37,17,387,5,BI01187,ZTB00000000001187,2013,160497,2056,297
1188,288,8,38,18,388,6,RZ01188,ZTB00000000001188,2014,160628,2067,298
1189,289,9,39,19,389,1,SC01189,ZTB00000000001189,2015,160759,2078,299
1190,290,10,40,20,390,2,OP01190,ZTB00000000001190,2016,160890,2089,300
1191,291,1,41,21,391,3,KR01191,ZTB00000000001191,2017,161021,2100,301
1192,292,2,42,22,392,4,WA01192,ZTB00000000001192,2018,161152,2111,302
1193,293,3,43,23,393,5,GD01193,ZTB00000000001193,2019,161283,2122,303
1194,294,4,44,24,394,6,PO01194,ZTB00000000001194,2020,161414,2133,304
1195,295,5,45,25,395,1,WR01195,ZTB00000000001195,2021,161545,2144,305
1196,296,6,46,26,396,2,LU01196,ZTB00000000001196,2022,161676,2155,306
1197,297,7,47,27,397,3,BI01197,ZTB00000000001197,2023,161807,2166,307
1198,298,8,48,28,398,4,RZ01198,ZTB00000000001198,2024,161938,2177,308
1199,299,9,49,29,399,5,SC01199,ZTB00000000001199,2025,162069,2188,309
1200,300,10,50,30,400,6,OP01200,ZTB00000000001200,2010,162200,2199,70
1201,1,1,1,1,1,1,KR01201,ZTB00000000001201,2011,162331,2210,71
1202,2,2,2,2,2,2,WA01202,ZTB00000000001202,2012,162462,2221,72
1203,3,3,3,3,3,3,GD01203,ZTB00000000001203,2013,162593,2232,73
1204,4,4,4,4,4,4,PO01204,ZTB00000000001204,2014,162724,2243,74
1205,5,5,5,5,5,5,WR01205,ZTB00000000001205,2015,162855,2254,75
1206,6,6,6,6,6,6,LU01206,ZTB00000000001206,2016,162986,2265,76
1207,7,7,7,7,7,1,BI01207,ZTB00000000001207,2017,163117,2276,77
1208,8,8,8,8,8,2,RZ01208,ZTB00000000001208,2018,163248,2287,78
1209,9,9,9,9,9,3,SC01209,ZTB00000000001209,2019,163379,2298,79
1210,10,10,10,10,10,4,OP01210,ZTB00000000001210,2020,163510,2309,80
1211,11,1,11,11,11,5,KR01211,ZTB00000000001211,2021,163641,2320,81
1212,12,2,12,12,12,6,WA01212,ZTB00000000001212,2022,163772,2331,82
1213,13,3,13,13,13,1,GD01213,ZTB00000000001213,2023,163903,2342,83
1214,14,4,14,14,14,2,PO01214,ZTB00000000001214,2024,164034,2353,84
1215,15,5,15,15,15,3,WR01215,ZTB00000000001215,2025,164165,2364,85
1216,16,6,16,16,16,4,LU01216,ZTB00000000001216,2010,164296,2375,86
1217,17,7,17,17,17,5,BI01217,ZTB00000000001217,2011,164427,2386,87
1218,18,8,18,18,18,6,RZ01218,ZTB00000000001218,2012,164558,2397,88
1219,19,9,19,19,19,1,SC01219,ZTB00000000001219,2013,164689,2408,89
1220,20,10,20,20,20,2,OP01220,ZTB00000000001220,2014,164820,2419,90
1221,21,1,21,21,21,3,KR01221,ZTB00000000001221,2015,164951,2430,91
1222,22,2,22,22,22,4,WA01222,ZTB00000000001222,2016,165082,2441,92
1223,23,3,23,23,23,5,GD01223,ZTB00000000001223,2017,165213,2452,93
1224,24,4,24,24,24,6,PO01224,ZTB00000000001224,2018,165344,2463,94
1225,25,5,25,25,25,1,WR01225,ZTB00000000001225,2019,165475,2474,95
1226,26,6,26,26,26,2,LU01226,ZTB00000000001226,2020,165606,2485,96
1227,27,7,27,27,27,3,BI01227,ZTB00000000001227,2021,165737,2496,97
1228,28,8,28,28,28,4,RZ01228,ZTB00000000001228,2022,165868,2507,98
1229,29,9,29,29,29,5,SC01229,ZTB00000000001229,2023,165999,2518,99
1230,30,10,30,30,30,6,OP01230,ZTB00000000001230,2024,166130,2529,100
1231,31,1,31,1,31,1,KR01231,ZTB00000000001231,2025,166261,2540,101
1232,32,2,32,2,32,2,WA01232,ZTB00000000001232,2010,166392,2551,102
1233,33,3,33,3,33,3,GD01233,ZTB00000000001233,2011,166523,2562,103
1234,34,4,34,4,34,4,PO01234,ZTB00000000001234,2012,166654,2573,104
1235,35,5,35,5,35,5,WR01235,ZTB00000000001235,2013,166785,2584,105
1236,36,6,36,6,36,6,LU01236,ZTB00000000001236,2014,166916,2595,106
1237,37,7,37,7,37,1,BI01237,ZTB00000000001237,2015,167047,2606,107
1238,38,8,38,8,38,2,RZ01238,ZTB00000000001238,2016,167178,2617,108
1239,39,9,39,9,39,3,SC01239,ZTB00000000001239,2017,167309,2628,109
1240,40,10,40,10,40,4,OP01240,ZTB00000000001240,2018,167440,2639,110
1241,41,1,41,11,41,5,KR01241,ZTB00000000001241,2019,167571,2650,111
1242,42,2,42,12,42,6,WA01242,ZTB00000000001242,2020,167702,2661,112
1243,43,3,43,13,43,1,GD01243,ZTB00000000001243,2021,167833,2672,113
1244,44,4,44,14,44,2,PO01244,ZTB00000000001244,2022,167964,2683,114
1245,45,5,45,15,45,3,WR01245,ZTB00000000001245,2023,168095,2694,115
1246,46,6,46,16,46,4,LU01246,ZTB00000000001246,2024,168226,2705,116
1247,47,7,47,17,47,5,BI01247,ZTB00000000001247,2025,168357,2716,117
1248,48,8,48,18,48,6,RZ01248,ZTB00000000001248,2010,168488,2727,118
1249,49,9,49,19,49,1,SC01249,ZTB00000000001249,2011,168619,2738,119
1250,50,10,50,20,50,2,OP01250,ZTB00000000001250,2012,168750,2749,120
1251,51,1,1,21,51,3,KR01251,ZTB00000000001251,2013,168881,2760,121
1252,52,2,2,22,52,4,WA01252,ZTB00000000001252,2014,169012,2771,122
1253,53,3,3,23,53,5,GD01253,ZTB00000000001253,2015,169143,2782,123
1254,54,4,4,24,54,6,PO01254,ZTB00000000001254,2016,169274,2793,124
1255,55,5,5,25,55,1,WR01255,ZTB00000000001255,2017,169405,2804,125
1256,56,6,6,26,56,2,LU01256,ZTB00000000001256,2018,169536,2815,126
1257,57,7,7,27,57,3,BI01257,ZTB00000000001257,2019,169667,2826,127
1258,58,8,8,28,58,4,RZ01258,ZTB00000000001258,2020,169798,2837,128
1259,59,9,9,29,59,5,SC01259,ZTB00000000001259,2021,169929,2848,129
1260,60,10,10,30,60,6,OP01260,ZTB00000000001260,2022,170060,2859,130
1261,61,1,11,1,61,1,KR01261,ZTB00000000001261,2023,170191,2870,131
1262,62,2,12,2,62,2,WA01262,ZTB00000000001262,2024,170322,2881,132
1263,63,3,13,3,63,3,GD01263,ZTB00000000001263,2025,170453,2892,133
1264,64,4,14,4,64,4,PO01264,ZTB00000000001264,2010,170584,2903,134
1265,65,5,15,5,65,5,WR01265,ZTB00000000001265,2011,170715,2914,135
1266,66,6,16,6,66,6,LU01266,ZTB00000000001266,2012,170846,2925,136
1267,67,7,17,7,67,1,BI01267,ZTB00000000001267,2013,170977,2936,137
1268,68,8,18,8,68,2,RZ01268,ZTB00000000001268,2014,171108,2947,138
1269,69,9,19,9,69,3,SC01269,ZTB00000000001269,2015,171239,2958,139
1270,70,10,20,10,70,4,OP01270,ZTB00000000001270,2016,171370,2969,140
1271,71,1,21,11,71,5,KR01271,ZTB00000000001271,2017,171501,2980,141
1272,72,2,22,12,72,6,WA01272,ZTB00000000001272,2018,171632,2991,142
1273,73,3,23,13,73,1,GD01273,ZTB00000000001273,2019,171763,3002,143
1274,74,4,24,14,74,2,PO01274,ZTB00000000001274,2020,171894,3013,144
1275,75,5,25,15,75,3,WR01275,ZTB00000000001275,2021,172025,3024,145
1276,76,6,26,16,76,4,LU01276,ZTB00000000001276,2022,172156,3035,146
1277,77,7,27,17,77,5,BI01277,ZTB00000000001277,2023,172287,3046,147
1278,78,8,28,18,78,6,RZ01278,ZTB00000000001278,2024,172418,3057,148
1279,79,9,29,19,79,1,SC01279,ZTB00000000001279,2025,172549,3068,149
1280,80,10,30,20,80,2,OP01280,ZTB00000000001280,2010,172680,3079,150
1281,81,1,31,21,81,3,KR01281,ZTB00000000001281,2011,172811,3090,151
1282,82,2,32,22,82,4,WA01282,ZTB00000000001282,2012,172942,3101,152
1283,83,3,33,23,83,5,GD01283,ZTB00000000001283,2013,173073,3112,153
1284,84,4,34,24,84,6,PO01284,ZTB00000000001284,2014,173204,3123,154
1285,85,5,35,25,85,1,WR01285,ZTB00000000001285,2015,173335,3134,155
1286,86,6,36,26,86,2,LU01286,ZTB00000000001286,2016,173466,3145,156
1287,87,7,37,27,87,3,BI01287,ZTB00000000001287,2017,173597,3156,157
1288,88,8,38,28,88,4,RZ01288,ZTB00000000001288,2018,173728,3167,158
1289,89,9,39,29,89,5,SC01289,ZTB00000000001289,2019,173859,3178,159
1290,90,10,40,30,90,6,OP01290,ZTB00000000001290,2020,173990,3189,160
1291,91,1,41,1,91,1,KR01291,ZTB00000000001291,2021,174121,3200,161
1292,92,2,42,2,92,2,WA01292,ZTB00000000001292,2022,174252,3211,162
1293,93,3,43,3,93,3,GD01293,ZTB00000000001293,2023,174383,3222,163
1294,94,4,44,4,94,4,PO01294,ZTB00000000001294,2024,174514,3233,164
1295,95,5,45,5,95,5,WR01295,ZTB00000000001295,2025,174645,3244,165
1296,96,6,46,6,96,6,LU01296,ZTB00000000001296,2010,174776,3255,166
1297,97,7,47,7,97,1,BI01297,ZTB00000000001297,2011,174907,3266,167
1298,98,8,48,8,98,2,RZ01298,ZTB00000000001298,2012,175038,3277,168
1299,99,9,49,9,99,3,SC01299,ZTB00000000001299,2013,175169,3288,169
1300,100,10,50,10,100,4,OP01300,ZTB00000000001300,2014,175300,3299,170
1301,101,1,1,11,101,5,KR01301,ZTB00000000001301,2015,175431,3310,171
1302,102,2,2,12,102,6,WA01302,ZTB00000000001302,2016,175562,3321,172
1303,103,3,3,13,103,1,GD01303,ZTB00000000001303,2017,175693,3332,173
1304,104,4,4,14,104,2,PO01304,ZTB00000000001304,2018,175824,3343,174
1305,105,5,5,15,105,3,WR01305,ZTB00000000001305,2019,175955,3354,175
1306,106,6,6,16,106,4,LU01306,ZTB00000000001306,2020,176086,3365,176
1307,107,7,7,17,107,5,BI01307,ZTB00000000001307,2021,176217,3376,177
1308,108,8,8,18,108,6,RZ01308,ZTB00000000001308,2022,176348,3387,178
1309,109,9,9,19,109,1,SC01309,ZTB00000000001309,2023,176479,3398,179
1310,110,10,10,20,110,2,OP01310,ZTB00000000001310,2024,176610,3409,180
1311,111,1,11,21,111,3,KR01311,ZTB00000000001311,2025,176741,3420,181
1312,112,2,12,22,112,4,WA01312,ZTB00000000001312,2010,176872,3431,182
1313,113,3,13,23,113,5,GD01313,ZTB00000000001313,2011,177003,3442,183
1314,114,4,14,24,114,6,PO01314,ZTB00000000001314,2012,177134,3453,184
1315,115,5,15,25,115,1,WR01315,ZTB00000000001315,2013,177265,3464,185
1316,116,6,16,26,116,2,LU01316,ZTB00000000001316,2014,177396,3475,186
1317,117,7,17,27,117,3,BI01317,ZTB00000000001317,2015,177527,3486,187
1318,118,8,18,28,118,4,RZ01318,ZTB00000000001318,2016,177658,3497,188
1319,119,9,19,29,119,5,SC01319,ZTB00000000001319,2017,177789,3508,189
1320,120,10,20,30,120,6,OP01320,ZTB00000000001320,2018,177920,3519,190
1321,121,1,21,1,121,1,KR01321,ZTB00000000001321,2019,178051,3530,191
1322,122,2,22,2,122,2,WA01322,ZTB00000000001322,2020,178182,3541,192
1323,123,3,23,3,123,3,GD01323,ZTB00000000001323,2021,178313,3552,193
1324,124,4,24,4,124,4,PO01324,ZTB00000000001324,2022,178444,3563,194
1325,125,5,25,5,125,5,WR01325,ZTB00000000001325,2023,178575,3574,195
1326,126,6,26,6,126,6,LU01326,ZTB00000000001326,2024,178706,3585,196
1327,127,7,27,7,127,1,BI01327,ZTB00000000001327,2025,178837,3596,197
1328,128,8,28,8,128,2,RZ01328,ZTB00000000001328,2010,178968,3607,198
1329,129,9,29,9,129,3,SC01329,ZTB00000000001329,2011,179099,3618,199
1330,130,10,30,10,130,4,OP01330,ZTB00000000001330,2012,179230,3629,200
1331,131,1,31,11,131,5,KR01331,ZTB00000000001331,2013,179361,3640,201
1332,132,2,32,12,132,6,WA01332,ZTB00000000001332,2014,179492,3651,202
1333,133,3,33,13,133,1,GD01333,ZTB00000000001333,2015,179623,3662,203
1334,134,4,34,14,134,2,PO01334,ZTB00000000001334,2016,179754,3673,204
1335,135,5,35,15,135,3,WR01335,ZTB00000000001335,2017,179885,3684,205
1336,136,6,36,16,136,4,LU01336,ZTB00000000001336,2018,180016,3695,206
1337,137,7,37,17,137,5,BI01337,ZTB00000000001337,2019,180147,3706,207
1338,138,8,38,18,138,6,RZ01338,ZTB00000000001338,2020,180278,3717,208
1339,139,9,39,19,139,1,SC01339,ZTB00000000001339,2021,180409,3728,209
1340,140,10,40,20,140,2,OP01340,ZTB00000000001340,2022,180540,3739,210
1341,141,1,41,21,141,3,KR01341,ZTB00000000001341,2023,180671,3750,211
1342,142,2,42,22,142,4,WA01342,ZTB00000000001342,2024,180802,3761,212
1343,143,3,43,23,143,5,GD01343,ZTB00000000001343,2025,180933,3772,213
1344,144,4,44,24,144,6,PO01344,ZTB00000000001344,2010,181064,3783,214
1345,145,5,45,25,145,1,WR01345,ZTB00000000001345,2011,181195,3794,215
1346,146,6,46,26,146,2,LU01346,ZTB00000000001346,2012,181326,3805,216
1347,147,7,47,27,147,3,BI01347,ZTB00000000001347,2013,181457,3816,217
1348,148,8,48,28,148,4,RZ01348,ZTB00000000001348,2014,181588,3827,218
1349,149,9,49,29,149,5,SC01349,ZTB00000000001349,2015,181719,3838,219
1350,150,10,50,30,150,6,OP01350,ZTB00000000001350,2016,181850,3849,220
1351,151,1,1,1,151,1,KR01351,ZTB00000000001351,2017,181981,3860,221
1352,152,2,2,2,152,2,WA01352,ZTB00000000001352,2018,182112,3871,222
1353,153,3,3,3,153,3,GD01353,ZTB00000000001353,2019,182243,3882,223
1354,154,4,4,4,154,4,PO01354,ZTB00000000001354,2020,182374,3893,224
1355,155,5,5,5,155,5,WR01355,ZTB00000000001355,2021,182505,3904,225
1356,156,6,6,6,156,6,LU01356,ZTB00000000001356,2022,182636,3915,226
1357,157,7,7,7,157,1,BI01357,ZTB00000000001357,2023,182767,3926,227
1358,158,8,8,8,158,2,RZ01358,ZTB00000000001358,2024,182898,3937,228
1359,159,9,9,9,159,3,SC01359,ZTB00000000001359,2025,183029,3948,229
1360,160,10,10,10,160,4,OP01360,ZTB00000000001360,2010,183160,3959,230
1361,161,1,11,11,161,5,KR01361,ZTB00000000001361,2011,183291,3970,231
1362,162,2,12,12,162,6,WA01362,ZTB00000000001362,2012,183422,3981,232
1363,163,3,13,13,163,1,GD01363,ZTB00000000001363,2013,183553,3992,233
1364,164,4,14,14,164,2,PO01364,ZTB00000000001364,2014,183684,1003,234
1365,165,5,15,15,165,3,WR01365,ZTB00000000001365,2015,183815,1014,235
1366,166,6,16,16,166,4,LU01366,ZTB00000000001366,2016,183946,1025,236
1367,167,7,17,17,167,5,BI01367,ZTB00000000001367,2017,184077,1036,237
1368,168,8,18,18,168,6,RZ01368,ZTB00000000001368,2018,184208,1047,238
1369,169,9,19,19,169,1,SC01369,ZTB00000000001369,2019,184339,1058,239
1370,170,10,20,20,170,2,OP01370,ZTB00000000001370,2020,184470,1069,240
1371,171,1,21,21,171,3,KR01371,ZTB00000000001371,2021,184601,1080,241
1372,172,2,22,22,172,4,WA01372,ZTB00000000001372,2022,184732,1091,242
1373,173,3,23,23,173,5,GD01373,ZTB00000000001373,2023,184863,1102,243
1374,174,4,24,24,174,6,PO01374,ZTB00000000001374,2024,184994,1113,244
1375,175,5,25,25,175,1,WR01375,ZTB00000000001375,2025,185125,1124,245
1376,176,6,26,26,176,2,LU01376,ZTB00000000001376,2010,185256,1135,246
1377,177,7,27,27,177,3,BI01377,ZTB00000000001377,2011,185387,1146,247
1378,178,8,28,28,178,4,RZ01378,ZTB00000000001378,2012,185518,1157,248
1379,179,9,29,29,179,5,SC01379,ZTB00000000001379,2013,185649,1168,249
1380,180,10,30,30,180,6,OP01380,ZTB00000000001380,2014,185780,1179,250
1381,181,1,31,1,181,1,KR01381,ZTB00000000001381,2015,185911,1190,251
1382,182,2,32,2,182,2,WA01382,ZTB00000000001382,2016,186042,1201,252
1383,183,3,33,3,183,3,GD01383,ZTB00000000001383,2017,186173,1212,253
1384,184,4,34,4,184,4,PO01384,ZTB00000000001384,2018,186304,1223,254
1385,185,5,35,5,185,5,WR01385,ZTB00000000001385,2019,186435,1234,255
1386,186,6,36,6,186,6,LU01386,ZTB00000000001386,2020,186566,1245,256
1387,187,7,37,7,187,1,BI01387,ZTB00000000001387,2021,186697,1256,257
1388,188,8,38,8,188,2,RZ01388,ZTB00000000001388,2022,186828,1267,258
1389,189,9,39,9,189,3,SC01389,ZTB00000000001389,2023,186959,1278,259
1390,190,10,40,10,190,4,OP01390,ZTB00000000001390,2024,187090,1289,260
1391,191,1,41,11,191,5,KR01391,ZTB00000000001391,2025,187221,1300,261
1392,192,2,42,12,192,6,WA01392,ZTB00000000001392,2010,187352,1311,262
1393,193,3,43,13,193,1,GD01393,ZTB00000000001393,2011,187483,1322,263
1394,194,4,44,14,194,2,PO01394,ZTB00000000001394,2012,187614,1333,264
1395,195,5,45,15,195,3,WR01395,ZTB00000000001395,2013,187745,1344,265
1396,196,6,46,16,196,4,LU01396,ZTB00000000001396,2014,187876,1355,266
1397,197,7,47,17,197,5,BI01397,ZTB00000000001397,2015,188007,1366,267
1398,198,8,48,18,198,6,RZ01398,ZTB00000000001398,2016,188138,1377,268
1399,199,9,49,19,199,1,SC01399,ZTB00000000001399,2017,188269,1388,269
1400,200,10,50,20,200,2,OP01400,ZTB00000000001400,2018,188400,1399,270
1401,201,1,1,21,201,3,KR01401,ZTB00000000001401,2019,188531,1410,271
1402,202,2,2,22,202,4,WA01402,ZTB00000000001402,2020,188662,1421,272
1403,203,3,3,23,203,5,GD01403,ZTB00000000001403,2021,188793,1432,273
1404,204,4,4,24,204,6,PO01404,ZTB00000000001404,2022,188924,1443,274
1405,205,5,5,25,205,1,WR01405,ZTB00000000001405,2023,189055,1454,275
1406,206,6,6,26,206,2,LU01406,ZTB00000000001406,2024,189186,1465,276
1407,207,7,7,27,207,3,BI01407,ZTB00000000001407,2025,189317,1476,277
1408,208,8,8,28,208,4,RZ01408,ZTB00000000001408,2010,189448,1487,278
1409,209,9,9,29,209,5,SC01409,ZTB00000000001409,2011,189579,1498,279
1410,210,10,10,30,210,6,OP01410,ZTB00000000001410,2012,189710,1509,280
1411,211,1,11,1,211,1,KR01411,ZTB00000000001411,2013,189841,1520,281
1412,212,2,12,2,212,2,WA01412,ZTB00000000001412,2014,189972,1531,282
1413,213,3,13,3,213,3,GD01413,ZTB00000000001413,2015,190103,1542,283
1414,214,4,14,4,214,4,PO01414,ZTB00000000001414,2016,190234,1553,284
1415,215,5,15,5,215,5,WR01415,ZTB00000000001415,2017,190365,1564,285
1416,216,6,16,6,216,6,LU01416,ZTB00000000001416,2018,190496,1575,286
1417,217,7,17,7,217,1,BI01417,ZTB00000000001417,2019,190627,1586,287
1418,218,8,18,8,218,2,RZ01418,ZTB00000000001418,2020,190758,1597,288
1419,219,9,19,9,219,3,SC01419,ZTB00000000001419,2021,190889,1608,289
1420,220,10,20,10,220,4,OP01420,ZTB00000000001420,2022,191020,1619,290
1421,221,1,21,11,221,5,KR01421,ZTB00000000001421,2023,191151,1630,291
1422,222,2,22,12,222,6,WA01422,ZTB00000000001422,2024,191282,1641,292
1423,223,3,23,13,223,1,GD01423,ZTB00000000001423,2025,191413,1652,293
1424,224,4,24,14,224,2,PO01424,ZTB00000000001424,2010,191544,1663,294
1425,225,5,25,15,225,3,WR01425,ZTB00000000001425,2011,191675,1674,295
1426,226,6,26,16,226,4,LU01426,ZTB00000000001426,2012,191806,1685,296
1427,227,7,27,17,227,5,BI01427,ZTB00000000001427,2013,191937,1696,297
1428,228,8,28,18,228,6,RZ01428,ZTB00000000001428,2014,192068,1707,298
1429,229,9,29,19,229,1,SC01429,ZTB00000000001429,2015,192199,1718,299
1430,230,10,30,20,230,2,OP01430,ZTB00000000001430,2016,192330,1729,300
1431,231,1,31,21,231,3,KR01431,ZTB00000000001431,2017,192461,1740,301
1432,232,2,32,22,232,4,WA01432,ZTB00000000001432,2018,192592,1751,302
1433,233,3,33,23,233,5,GD01433,ZTB00000000001433,2019,192723,1762,303
1434,234,4,34,24,234,6,PO01434,ZTB00000000001434,2020,192854,1773,304
1435,235,5,35,25,235,1,WR01435,ZTB00000000001435,2021,192985,1784,305
1436,236,6,36,26,236,2,LU01436,ZTB00000000001436,2022,193116,1795,306
1437,237,7,37,27,237,3,BI01437,ZTB00000000001437,2023,193247,1806,307
1438,238,8,38,28,238,4,RZ01438,ZTB00000000001438,2024,193378,1817,308
1439,239,9,39,29,239,5,SC01439,ZTB00000000001439,2025,193509,1828,309
1440,240,10,40,30,240,6,OP01440,ZTB00000000001440,2010,193640,1839,70
1441,241,1,41,1,241,1,KR01441,ZTB00000000001441,2011,193771,1850,71
1442,242,2,42,2,242,2,WA01442,ZTB00000000001442,2012,193902,1861,72
1443,243,3,43,3,243,3,GD01443,ZTB00000000001443,2013,194033,1872,73
1444,244,4,44,4,244,4,PO01444,ZTB00000000001444,2014,194164,1883,74
1445,245,5,45,5,245,5,WR01445,ZTB00000000001445,2015,194295,1894,75
1446,246,6,46,6,246,6,LU01446,ZTB00000000001446,2016,194426,1905,76
1447,247,7,47,7,247,1,BI01447,ZTB00000000001447,2017,194557,1916,77
1448,248,8,48,8,248,2,RZ01448,ZTB00000000001448,2018,194688,1927,78
1449,249,9,49,9,249,3,SC01449,ZTB00000000001449,2019,194819,1938,79
1450,250,10,50,10,250,4,OP01450,ZTB00000000001450,2020,194950,1949,80
1451,251,1,1,11,251,5,KR01451,ZTB00000000001451,2021,195081,1960,81
1452,252,2,2,12,252,6,WA01452,ZTB00000000001452,2022,195212,1971,82
1453,253,3,3,13,253,1,GD01453,ZTB00000000001453,2023,195343,1982,83
1454,254,4,4,14,254,2,PO01454,ZTB00000000001454,2024,195474,1993,84
1455,255,5,5,15,255,3,WR01455,ZTB00000000001455,2025,195605,2004,85
1456,256,6,6,16,256,4,LU01456,ZTB00000000001456,2010,195736,2015,86
1457,257,7,7,17,257,5,BI01457,ZTB00000000001457,2011,195867,2026,87
1458,258,8,8,18,258,6,RZ01458,ZTB00000000001458,2012,195998,2037,88
1459,259,9,9,19,259,1,SC01459,ZTB00000000001459,2013,196129,2048,89
1460,260,10,10,20,260,2,OP01460,ZTB00000000001460,2014,196260,2059,90
1461,261,1,11,21,261,3,KR01461,ZTB00000000001461,2015,196391,2070,91
1462,262,2,12,22,262,4,WA01462,ZTB00000000001462,2016,196522,2081,92
1463,263,3,13,23,263,5,GD01463,ZTB00000000001463,2017,196653,2092,93
1464,264,4,14,24,264,6,PO01464,ZTB00000000001464,2018,196784,2103,94
1465,265,5,15,25,265,1,WR01465,ZTB00000000001465,2019,196915,2114,95
1466,266,6,16,26,266,2,LU01466,ZTB00000000001466,2020,197046,2125,96
1467,267,7,17,27,267,3,BI01467,ZTB00000000001467,2021,197177,2136,97
1468,268,8,18,28,268,4,RZ01468,ZTB00000000001468,2022,197308,2147,98
1469,269,9,19,29,269,5,SC01469,ZTB00000000001469,2023,197439,2158,99
1470,270,10,20,30,270,6,OP01470,ZTB00000000001470,2024,197570,2169,100
1471,271,1,21,1,271,1,KR01471,ZTB00000000001471,2025,197701,2180,101
1472,272,2,22,2,272,2,WA01472,ZTB00000000001472,2010,197832,2191,102
1473,273,3,23,3,273,3,GD01473,ZTB00000000001473,2011,197963,2202,103
1474,274,4,24,4,274,4,PO01474,ZTB00000000001474,2012,198094,2213,104
1475,275,5,25,5,275,5,WR01475,ZTB00000000001475,2013,198225,2224,105
1476,276,6,26,6,276,6,LU01476,ZTB00000000001476,2014,198356,2235,106
1477,277,7,27,7,277,1,BI01477,ZTB00000000001477,2015,198487,2246,107
1478,278,8,28,8,278,2,RZ01478,ZTB00000000001478,2016,198618,2257,108
1479,279,9,29,9,279,3,SC01479,ZTB00000000001479,2017,198749,2268,109
1480,280,10,30,10,280,4,OP01480,ZTB00000000001480,2018,198880,2279,110
1481,281,1,31,11,281,5,KR01481,ZTB00000000001481,2019,199011,2290,111
1482,282,2,32,12,282,6,WA01482,ZTB00000000001482,2020,199142,2301,112
1483,283,3,33,13,283,1,GD01483,ZTB00000000001483,2021,199273,2312,113
1484,284,4,34,14,284,2,PO01484,ZTB00000000001484,2022,199404,2323,114
1485,285,5,35,15,285,3,WR01485,ZTB00000000001485,2023,199535,2334,115
1486,286,6,36,16,286,4,LU01486,ZTB00000000001486,2024,199666,2345,116
1487,287,7,37,17,287,5,BI01487,ZTB00000000001487,2025,199797,2356,117
1488,288,8,38,18,288,6,RZ01488,ZTB00000000001488,2010,199928,2367,118
1489,289,9,39,19,289,1,SC01489,ZTB00000000001489,2011,200059,2378,119
1490,290,10,40,20,290,2,OP01490,ZTB00000000001490,2012,200190,2389,120
1491,291,1,41,21,291,3,KR01491,ZTB00000000001491,2013,200321,2400,121
1492,292,2,42,22,292,4,WA01492,ZTB00000000001492,2014,200452,2411,122
1493,293,3,43,23,293,5,GD01493,ZTB00000000001493,2015,200583,2422,123
1494,294,4,44,24,294,6,PO01494,ZTB00000000001494,2016,200714,2433,124
1495,295,5,45,25,295,1,WR01495,ZTB00000000001495,2017,200845,2444,125
1496,296,6,46,26,296,2,LU01496,ZTB00000000001496,2018,200976,2455,126
1497,297,7,47,27,297,3,BI01497,ZTB00000000001497,2019,201107,2466,127
1498,298,8,48,28,298,4,RZ01498,ZTB00000000001498,2020,201238,2477,128
1499,299,9,49,29,299,5,SC01499,ZTB00000000001499,2021,201369,2488,129
1500,300,10,50,30,300,6,OP01500,ZTB00000000001500,2022,201500,2499,130
