1,4,POL-578737815,2024-08-06,2025-08-06,293732.48,2596.22
2,10,POL-162173671,2026-03-04,2027-03-04,355466.85,7897.78
3,4,POL-873140319,2024-11-10,2025-11-10,29845.37,3383.99
4,8,POL-166616246,2025-10-10,2026-10-10,200948.94,6845.3
5,3,POL-889676218,2025-08-17,2026-08-17,180403.65,461.18
6,3,POL-479224768,2024-09-01,2025-09-01,323783.89,6696.16
7,2,POL-071671489,2025-03-28,2026-03-28,256750.53,7888.8
8,6,POL-925785235,2025-02-09,2026-02-09,142449.86,7231.21
9,3,POL-980093413,2026-05-21,2027-05-21,157217.15,3891.28
10,5,POL-345424711,2025-12-12,2026-12-12,108209.72,864.73
11,3,POL-582218195,2025-01-30,2026-01-30,337515.9,4752.38
12,3,POL-190706776,2024-07-23,2025-07-23,125040.87,2082.05
13,6,POL-931316453,2026-05-05,2027-05-05,430885.5,930.05
14,1,POL-364255035,2025-07-01,2026-07-01,294232.49,5287.95
15,7,POL-210125467,2024-11-17,2025-11-17,422686.53,752.6
16,4,POL-914999597,2025-01-17,2026-01-17,22696.93,6208.72
17,9,POL-317056825,2025-05-02,2026-05-02,286777.21,3546.43
18,5,POL-201435456,2025-06-30,2026-06-30,136628.35,1551.15
19,2,POL-367988368,2026-01-01,2027-01-01,62425.4,3383.62
20,4,POL-644498106,2025-04-04,2026-04-04,401397.59,5083.62
21,1,POL-326739206,2026-04-03,2027-04-03,155163.15,5555.37
22,8,POL-042942992,2026-01-12,2027-01-12,180359.84,7061.08
23,10,POL-192474350,2025-11-26,2026-11-26,287112.1,7863.36
24,8,POL-782099387,2025-04-02,2026-04-02,175173.26,4698.51
25,3,POL-112038299,2024-08-29,2025-08-29,62108.88,4909.99
26,10,POL-990150595,2025-05-27,2026-05-27,390111.7,2768.81
27,7,POL-761680680,2026-04-10,2027-04-10,42284.58,7644.71
28,4,POL-040054680,2026-04-17,2027-04-17,221158.53,6511.21
29,3,POL-314336057,2024-07-19,2025-07-19,402722.96,7124.06
30,3,POL-211154959,2024-11-30,2025-11-30,239635.1,3088.3
31,3,POL-929179196,2025-08-27,2026-08-27,57314.09,3910.77
32,8,POL-909136417,2026-01-28,2027-01-28,447165.5,5681.26
33,3,POL-592059483,2025-09-05,2026-09-05,20526.74,3781.37
34,2,POL-090168011,2025-12-18,2026-12-18,404553.49,6798.09
35,4,POL-360964394,2025-01-26,2026-01-26,362573.24,4585.55
36,3,POL-349732009,2025-02-13,2026-02-13,110741.66,5723.22
37,3,POL-153530532,2025-03-21,2026-03-21,67507.84,6443.99
38,3,POL-562488880,2025-12-24,2026-12-24,52412.08,7292.47
39,9,POL-497046485,2026-02-13,2027-02-13,397124.65,4369.13
40,8,POL-169324057,2025-01-13,2026-01-13,366938.91,5616.61
41,10,POL-411935391,2025-11-27,2026-11-27,65342.4,1208.76
42,2,POL-389166770,2025-08-24,2026-08-24,261503.79,2006.91
43,6,POL-521858680,2025-08-22,2026-08-22,179511.56,4584.57
44,10,POL-394290088,2024-11-29,2025-11-29,442747.79,4724.21
45,8,POL-258578398,2025-07-26,2026-07-26,351328.34,3975.38
46,2,POL-703773120,2024-06-24,2025-06-24,203225.48,4327.41
47,1,POL-886948530,2025-02-16,2026-02-16,380197.98,6275.76
48,4,POL-878134095,2025-04-22,2026-04-22,249800.1,6218.47
49,10,POL-140501813,2025-10-10,2026-10-10,431878.45,910.48
50,7,POL-617000485,2025-10-24,2026-10-24,312155.11,1574.76
51,10,POL-123481094,2024-12-31,2025-12-31,250204.1,1710.07
52,9,POL-255396255,2025-09-30,2026-09-30,152533.27,7706.98
53,5,POL-441298701,2025-04-03,2026-04-03,435791.67,5395.91
54,9,POL-093215294,2026-03-20,2027-03-20,86289.01,5890.11
55,8,POL-611148324,2024-08-09,2025-08-09,98006.52,810.2
56,9,POL-096526121,2025-11-22,2026-11-22,122600.69,2638.55
57,3,POL-694810011,2025-03-02,2026-03-02,320130.59,6773.99
58,4,POL-330167965,2024-09-20,2025-09-20,84929.73,7585.91
59,1,POL-673238368,2026-05-10,2027-05-10,140941.77,2508.42
60,8,POL-434462280,2025-01-02,2026-01-02,493953.43,5376.74
61,3,POL-490538905,2025-11-22,2026-11-22,463786.29,6937.93
62,2,POL-509428168,2025-11-07,2026-11-07,51698.72,7801.93
63,6,POL-257721087,2024-11-08,2025-11-08,297091.68,5800.11
64,1,POL-410591579,2024-10-05,2025-10-05,343100.6,5991.47
65,1,POL-155518495,2025-05-30,2026-05-30,81238.72,5218.73
66,1,POL-529643522,2025-10-29,2026-10-29,152959.15,5829.4
67,3,POL-328424872,2024-08-01,2025-08-01,125128.41,1397.12
68,8,POL-020291726,2025-07-11,2026-07-11,259052.97,6863.7
69,3,POL-134204578,2025-01-07,2026-01-07,353817.25,1184.59
70,6,POL-314562530,2025-11-24,2026-11-24,364569.12,714.86
71,3,POL-241300113,2024-10-29,2025-10-29,261602.3,3576.26
72,1,POL-644214377,2024-07-10,2025-07-10,215435.84,3408.63
73,1,POL-055922770,2025-05-25,2026-05-25,347447.33,6669.08
74,6,POL-260497697,2026-04-11,2027-04-11,363318.72,4921.02
75,8,POL-872569641,2025-08-13,2026-08-13,239320.67,3104.53
76,10,POL-507649967,2024-07-08,2025-07-08,66057.83,4483.24
77,3,POL-763396800,2024-09-22,2025-09-22,388594.47,5596.78
78,3,POL-194750522,2025-04-11,2026-04-11,495520.81,1081.41
79,2,POL-127042259,2024-06-25,2025-06-25,245444.7,3273.71
80,10,POL-323814331,2025-11-03,2026-11-03,39620.78,7581.17
81,10,POL-166974469,2025-03-15,2026-03-15,379555.61,4434.73
82,2,POL-711989511,2025-05-13,2026-05-13,473173.95,621.7
83,4,POL-787239037,2024-08-17,2025-08-17,424230.49,6038.24
84,5,POL-586026423,2024-08-16,2025-08-16,52102.8,3341.96
85,3,POL-245884693,2025-03-13,2026-03-13,92401.17,1016.81
86,4,POL-478750805,2025-04-14,2026-04-14,470665.27,3590.48
87,1,POL-711784440,2025-09-07,2026-09-07,260521.86,3188.38
88,9,POL-748942443,2024-07-06,2025-07-06,444703.09,7763.18
89,7,POL-366604486,2025-04-10,2026-04-10,423888.61,7296.32
90,8,POL-711881618,2025-12-18,2026-12-18,477942.42,7065.3
91,1,POL-773477496,2024-09-23,2025-09-23,203919.06,5723.24
92,3,POL-845273318,2025-04-08,2026-04-08,60374.08,4292.3
93,7,POL-815675413,2026-01-19,2027-01-19,193784.38,859.38
94,10,POL-455797079,2025-12-22,2026-12-22,157731.07,6199.31
95,5,POL-077045530,2025-12-16,2026-12-16,164241.49,674.95
96,7,POL-173141272,2026-05-17,2027-05-17,207927.8,1892.24
97,5,POL-921298567,2026-04-25,2027-04-25,310236.4,1833.09
98,4,POL-405552517,2025-10-09,2026-10-09,292425.38,3012.8
99,5,POL-856526424,2025-04-30,2026-04-30,330667.15,3264.66
100,8,POL-428220220,2024-10-27,2025-10-27,111090.92,6833.47
101,7,POL-064960726,2024-12-10,2025-12-10,84651.02,7103.69
102,2,POL-014876096,2025-01-26,2026-01-26,62460.63,7761.8
103,5,POL-372500932,2025-04-17,2026-04-17,123892.23,3523.11
104,3,POL-956932050,2026-05-05,2027-05-05,461424.87,6015.21
105,9,POL-506961588,2025-03-27,2026-03-27,353804.64,2425.82
106,3,POL-523649411,2024-11-24,2025-11-24,68677.69,4311.62
107,9,POL-002089676,2026-03-15,2027-03-15,325391.47,7657.69
108,9,POL-406232151,2025-11-19,2026-11-19,372777.05,7613.49
109,10,POL-751967929,2025-10-14,2026-10-14,476178.08,5094.51
110,10,POL-586531434,2025-03-17,2026-03-17,466546.47,1521.14
111,4,POL-207043107,2026-03-11,2027-03-11,367690.35,7296.54
112,2,POL-228749958,2025-04-22,2026-04-22,335847.2,4738.79
113,7,POL-674286017,2025-07-11,2026-07-11,146561.46,1927.7
114,6,POL-787388011,2025-12-09,2026-12-09,406399.01,7143.95
115,5,POL-305292383,2024-07-08,2025-07-08,474672.66,7803.22
116,3,POL-223775044,2025-02-13,2026-02-13,446702.44,5467.0
117,6,POL-063244896,2025-12-25,2026-12-25,275181.8,2109.34
118,5,POL-604126165,2025-06-28,2026-06-28,475632.89,7615.17
119,1,POL-427933997,2025-01-15,2026-01-15,408280.07,2230.73
120,2,POL-146169047,2024-07-02,2025-07-02,359074.8,3180.42
121,9,POL-102965441,2025-09-24,2026-09-24,259763.96,612.72
122,5,POL-043770296,2025-07-26,2026-07-26,197501.57,3948.47
123,7,POL-050356237,2025-04-23,2026-04-23,459746.05,4684.24
124,5,POL-464560485,2026-01-10,2027-01-10,259702.15,6450.1
125,7,POL-199065632,2026-02-19,2027-02-19,301676.73,7201.35
126,5,POL-679111785,2026-02-11,2027-02-11,366437.93,7564.83
127,6,POL-592729169,2024-08-14,2025-08-14,474554.93,3139.74
128,4,POL-222925384,2024-12-21,2025-12-21,229561.35,4688.81
129,5,POL-757617657,2024-07-13,2025-07-13,208653.18,7477.07
130,10,POL-458836607,2024-09-18,2025-09-18,392921.96,3305.54
131,2,POL-334083378,2025-07-24,2026-07-24,226835.85,7285.18
132,3,POL-159266866,2024-10-29,2025-10-29,57957.75,3008.76
133,6,POL-080795653,2025-09-06,2026-09-06,30620.48,5702.83
134,1,POL-022750936,2024-06-29,2025-06-29,294889.53,7432.23
135,10,POL-047092803,2025-09-16,2026-09-16,460191.22,2728.26
136,2,POL-714213747,2026-03-08,2027-03-08,411087.65,1808.77
137,7,POL-793922689,2026-01-15,2027-01-15,306053.38,2855.53
138,6,POL-954276293,2024-12-12,2025-12-12,296343.96,3417.77
139,8,POL-369832407,2025-11-06,2026-11-06,107227.45,6886.21
140,4,POL-819598161,2024-09-27,2025-09-27,26502.19,7012.88
141,5,POL-098098804,2025-09-20,2026-09-20,85620.26,3196.36
142,10,POL-336272445,2024-06-06,2025-06-06,493903.58,2419.28
143,7,POL-275942673,2026-01-19,2027-01-19,78819.11,6583.65
144,1,POL-722215532,2025-12-26,2026-12-26,498894.2,7647.79
145,9,POL-169932974,2025-01-11,2026-01-11,300090.18,2283.37
146,3,POL-165160862,2025-02-11,2026-02-11,471660.15,6605.99
147,5,POL-495133966,2025-12-10,2026-12-10,392840.74,7134.59
148,4,POL-057529664,2026-01-07,2027-01-07,364829.27,824.36
149,10,POL-711813207,2026-03-16,2027-03-16,218071.64,5399.17
150,8,POL-919184655,2024-09-13,2025-09-13,128482.63,7703.98
151,1,POL-636985167,2026-02-10,2027-02-10,34394.08,5306.69
152,2,POL-655999196,2026-02-26,2027-02-26,257927.56,4434.31
153,6,POL-697602236,2026-05-22,2027-05-22,461481.22,1479.87
154,2,POL-499514370,2024-12-09,2025-12-09,58112.4,5947.16
155,8,POL-342491626,2025-11-13,2026-11-13,64341.48,7487.24
156,5,POL-777442221,2024-10-14,2025-10-14,172801.11,1989.28
157,5,POL-421973819,2026-02-09,2027-02-09,374779.7,1739.26
158,9,POL-347317510,2024-06-12,2025-06-12,402805.03,2374.19
159,8,POL-958385083,2025-09-18,2026-09-18,43332.53,4178.87
160,3,POL-710453513,2024-11-10,2025-11-10,437452.94,7496.57
161,1,POL-634317191,2025-01-10,2026-01-10,351920.47,3523.01
162,6,POL-633547154,2026-03-07,2027-03-07,440149.8,6634.7
163,4,POL-338254176,2026-02-14,2027-02-14,454369.9,3917.27
164,3,POL-220682994,2025-06-25,2026-06-25,297106.26,3442.32
165,6,POL-802845718,2025-01-27,2026-01-27,215234.06,1881.84
166,1,POL-198162549,2025-03-24,2026-03-24,73508.06,7323.8
167,1,POL-145365133,2025-08-08,2026-08-08,464000.18,5182.68
168,6,POL-613674616,2026-03-26,2027-03-26,411339.72,6583.9
169,9,POL-054337073,2024-08-04,2025-08-04,50183.27,7449.54
170,6,POL-127470695,2025-02-26,2026-02-26,176232.15,4345.49
171,1,POL-121789406,2026-04-27,2027-04-27,37455.94,7397.89
172,8,POL-729672041,2025-08-20,2026-08-20,431040.73,1754.18
173,3,POL-293191678,2025-07-02,2026-07-02,51542.04,1815.95
174,8,POL-758647401,2026-03-30,2027-03-30,338032.67,7584.76
175,2,POL-255317550,2025-08-10,2026-08-10,224202.86,4992.04
176,4,POL-161438403,2024-11-29,2025-11-29,484476.59,5661.48
177,2,POL-726754576,2025-08-06,2026-08-06,389234.9,2053.89
178,7,POL-094142509,2026-01-11,2027-01-11,273961.57,5169.35
179,2,POL-360385528,2025-02-04,2026-02-04,257301.03,1650.04
180,1,POL-231329967,2025-11-26,2026-11-26,115260.55,1905.68
181,10,POL-435859919,2025-06-01,2026-06-01,186014.34,5789.82
182,9,POL-763858692,2025-04-26,2026-04-26,392271.42,1737.68
183,1,POL-437636628,2024-09-03,2025-09-03,308447.86,1817.3
184,8,POL-171653595,2025-05-21,2026-05-21,396364.66,3014.17
185,6,POL-394506989,2025-01-31,2026-01-31,483852.9,3077.09
186,4,POL-294863099,2025-01-24,2026-01-24,456581.41,1527.53
187,3,POL-285541793,2025-11-08,2026-11-08,327169.58,6258.52
188,8,POL-943149142,2025-10-17,2026-10-17,128882.93,5081.21
189,9,POL-544096762,2026-03-19,2027-03-19,309627.08,1724.73
190,5,POL-285740405,2025-01-05,2026-01-05,194523.48,3999.98
191,4,POL-770354766,2024-09-16,2025-09-16,395292.18,2113.81
192,4,POL-307799751,2026-04-05,2027-04-05,223148.89,1062.02
193,6,POL-090651940,2025-09-22,2026-09-22,486556.58,3968.52
194,2,POL-346150411,2025-05-14,2026-05-14,455551.04,4589.33
195,8,POL-829220925,2025-05-22,2026-05-22,41869.6,1824.53
196,10,POL-390029501,2024-07-26,2025-07-26,258960.42,7693.03
197,9,POL-147472990,2025-12-16,2026-12-16,407324.38,6706.21
198,4,POL-552378390,2025-10-22,2026-10-22,202943.83,1149.89
199,8,POL-757456844,2024-11-23,2025-11-23,79847.02,3412.84
200,6,POL-633338846,2024-08-30,2025-08-30,329506.96,7636.34
201,9,POL-903483082,2025-01-28,2026-01-28,126685.46,7716.87
202,9,POL-301606449,2024-12-24,2025-12-24,323417.61,1789.93
203,2,POL-593417733,2024-06-21,2025-06-21,482555.6,4146.76
204,7,POL-307182182,2024-12-17,2025-12-17,463060.58,6191.54
205,9,POL-606392318,2024-07-29,2025-07-29,432574.06,6323.07
206,8,POL-781108023,2026-04-01,2027-04-01,116145.98,3763.88
207,5,POL-836970257,2026-03-25,2027-03-25,82891.58,1994.63
208,4,POL-535644119,2025-08-10,2026-08-10,491433.1,7866.78
209,3,POL-354728639,2025-09-14,2026-09-14,477096.34,7389.28
210,9,POL-624023849,2026-05-09,2027-05-09,28105.92,1206.59
211,10,POL-317591450,2024-09-05,2025-09-05,160177.72,7978.25
212,6,POL-903957286,2025-08-09,2026-08-09,288902.29,5494.68
213,10,POL-953910673,2025-08-16,2026-08-16,94055.84,6599.22
214,3,POL-827653480,2024-10-30,2025-10-30,105746.34,7683.49
215,7,POL-496689923,2026-02-10,2027-02-10,47436.76,1791.11
216,10,POL-585520101,2026-04-26,2027-04-26,496593.34,2965.26
217,6,POL-544484792,2026-05-10,2027-05-10,334923.06,7241.66
218,4,POL-405187032,2024-05-25,2025-05-25,419895.74,5229.28
219,8,POL-775990254,2024-09-24,2025-09-24,434956.76,2259.28
220,2,POL-983910320,2025-11-20,2026-11-20,275154.87,2463.83
221,8,POL-103728102,2025-10-10,2026-10-10,152374.26,6690.32
222,1,POL-972957551,2026-03-18,2027-03-18,253072.08,2795.94
223,9,POL-370079633,2024-09-13,2025-09-13,475893.39,6268.49
224,9,POL-225176668,2025-10-18,2026-10-18,175500.26,503.0
225,2,POL-212746213,2025-08-21,2026-08-21,125480.74,3328.79
226,7,POL-595829565,2024-10-26,2025-10-26,337327.26,4266.26
227,5,POL-192959099,2025-03-09,2026-03-09,338705.69,2142.21
228,8,POL-414753763,2024-12-31,2025-12-31,335288.47,3334.48
229,6,POL-825648586,2025-11-26,2026-11-26,370638.83,6409.73
230,1,POL-766955770,2026-03-19,2027-03-19,193535.42,2310.85
231,2,POL-865067996,2025-01-13,2026-01-13,403655.44,7519.55
232,2,POL-511590592,2026-03-28,2027-03-28,196777.97,3653.7
233,5,POL-568704264,2026-02-20,2027-02-20,54570.02,4703.32
234,6,POL-979508046,2025-02-23,2026-02-23,178375.19,2464.31
235,10,POL-063828504,2025-03-16,2026-03-16,468005.7,1094.06
236,7,POL-275020922,2024-08-05,2025-08-05,304364.03,2007.55
237,6,POL-123802944,2025-01-22,2026-01-22,236412.46,4174.55
238,3,POL-627635148,2025-10-16,2026-10-16,48895.1,6506.05
239,3,POL-971512954,2025-04-27,2026-04-27,28716.88,1682.33
240,3,POL-893853358,2025-02-17,2026-02-17,339998.49,940.52
241,8,POL-499991695,2026-02-13,2027-02-13,66125.11,5940.13
242,2,POL-595228751,2024-11-01,2025-11-01,91842.15,957.02
243,4,POL-090181749,2024-08-25,2025-08-25,294355.34,6114.42
244,7,POL-111496336,2025-04-22,2026-04-22,454849.73,5114.31
245,8,POL-989105045,2026-02-03,2027-02-03,275350.55,5319.22
246,7,POL-619740059,2025-08-08,2026-08-08,37441.13,7657.17
247,8,POL-834459421,2025-05-16,2026-05-16,123497.33,1653.8
248,8,POL-420841828,2024-06-04,2025-06-04,448734.25,2158.06
249,10,POL-654907872,2025-08-24,2026-08-24,492843.18,1808.84
250,8,POL-054151909,2025-01-15,2026-01-15,332976.47,5529.62
251,1,POL-577079606,2024-10-19,2025-10-19,240983.48,2977.3
252,10,POL-694135128,2024-07-29,2025-07-29,482640.67,4464.22
253,8,POL-836955958,2024-11-30,2025-11-30,331399.2,3594.71
254,4,POL-770699226,2026-05-01,2027-05-01,423516.83,7513.37
255,10,POL-156949060,2025-08-03,2026-08-03,452052.43,5706.96
256,5,POL-276100235,2026-02-04,2027-02-04,117447.34,4979.9
257,7,POL-209459691,2026-01-08,2027-01-08,177831.52,1831.66
258,9,POL-734943856,2025-01-22,2026-01-22,342614.48,6370.85
259,6,POL-759849138,2024-10-16,2025-10-16,107210.72,1347.64
260,1,POL-870188111,2025-11-11,2026-11-11,96098.98,4854.31
261,6,POL-379523314,2025-10-31,2026-10-31,424239.15,6286.93
262,8,POL-417071278,2024-11-10,2025-11-10,407626.02,2469.38
263,5,POL-963387908,2025-05-12,2026-05-12,290259.37,3866.32
264,5,POL-322082204,2025-11-03,2026-11-03,250370.21,5803.34
265,1,POL-435197881,2024-12-15,2025-12-15,87334.62,7758.09
266,8,POL-495710425,2025-03-22,2026-03-22,209908.75,2749.82
267,7,POL-900284224,2026-05-17,2027-05-17,258277.67,2662.85
268,8,POL-701831377,2025-12-03,2026-12-03,304681.21,7417.52
269,2,POL-340305792,2025-09-29,2026-09-29,221499.0,1929.93
270,6,POL-173335813,2025-01-20,2026-01-20,224782.6,7928.62
271,5,POL-220152979,2025-03-17,2026-03-17,431792.46,651.0
272,7,POL-546211670,2025-03-24,2026-03-24,137246.68,2791.98
273,4,POL-620821240,2025-08-29,2026-08-29,245724.69,686.03
274,7,POL-664536292,2025-04-22,2026-04-22,488024.72,4694.35
275,10,POL-350113449,2024-08-15,2025-08-15,109506.31,3929.46
276,2,POL-950929184,2025-02-22,2026-02-22,72756.78,5225.92
277,6,POL-994549497,2025-05-29,2026-05-29,85929.53,5689.19
278,4,POL-472047442,2024-09-02,2025-09-02,174126.19,776.54
279,6,POL-756394904,2025-10-01,2026-10-01,304910.94,5864.52
280,3,POL-514444657,2026-01-07,2027-01-07,196643.28,1236.93
281,9,POL-145252888,2025-01-04,2026-01-04,97329.09,3542.79
282,4,POL-646508930,2025-09-22,2026-09-22,224751.9,2184.26
283,2,POL-178421391,2024-11-21,2025-11-21,429596.18,5067.02
284,9,POL-699754839,2024-11-02,2025-11-02,317967.16,4652.89
285,10,POL-772715422,2024-10-26,2025-10-26,386456.32,5049.1
286,6,POL-250383412,2024-11-27,2025-11-27,462849.56,3546.0
287,7,POL-223720741,2024-12-19,2025-12-19,139046.57,7790.05
288,5,POL-537006323,2025-08-04,2026-08-04,439836.32,7559.93
289,5,POL-988773352,2025-08-01,2026-08-01,377757.94,2736.18
290,5,POL-085837558,2024-08-01,2025-08-01,397071.01,6416.97
291,5,POL-263218945,2026-03-06,2027-03-06,313753.62,3405.97
292,10,POL-088589981,2026-02-24,2027-02-24,302762.37,6122.66
293,4,POL-199428178,2025-06-12,2026-06-12,420216.03,7580.1
294,5,POL-206433955,2024-11-10,2025-11-10,152378.21,3826.77
295,4,POL-433497197,2024-10-07,2025-10-07,295961.56,2449.26
296,7,POL-040932424,2024-08-24,2025-08-24,146621.29,4396.27
297,9,POL-009173163,2025-12-10,2026-12-10,102241.93,2106.42
298,10,POL-430872447,2024-10-31,2025-10-31,177530.24,3592.97
299,10,POL-907121257,2025-05-25,2026-05-25,367016.02,5898.95
300,4,POL-896910241,2025-08-18,2026-08-18,494397.04,5484.46
301,9,POL-827244952,2025-07-12,2026-07-12,328421.72,7105.76
302,10,POL-769915283,2026-05-23,2027-05-23,431904.12,2449.03
303,4,POL-977895166,2024-07-24,2025-07-24,95692.8,7751.77
304,10,POL-018005440,2025-02-08,2026-02-08,233860.67,865.15
305,3,POL-776012316,2025-11-23,2026-11-23,75268.89,4038.4
306,1,POL-751000366,2024-08-31,2025-08-31,249886.49,2690.33
307,9,POL-574397384,2025-11-22,2026-11-22,186918.87,2581.7
308,7,POL-718458163,2026-02-08,2027-02-08,197861.13,3991.89
309,10,POL-212918236,2026-02-11,2027-02-11,83317.61,6310.87
310,1,POL-725112980,2024-10-11,2025-10-11,137328.25,726.12
311,5,POL-310262370,2025-11-17,2026-11-17,292008.8,6846.75
312,7,POL-674825229,2025-02-12,2026-02-12,465872.19,1527.7
313,10,POL-465476316,2024-09-16,2025-09-16,127254.11,815.02
314,1,POL-455903653,2025-08-05,2026-08-05,87888.87,6003.46
315,6,POL-423724667,2025-02-06,2026-02-06,71185.32,6318.77
316,4,POL-226761747,2026-02-15,2027-02-15,372242.65,3907.18
317,7,POL-455224205,2025-07-26,2026-07-26,434873.19,4418.61
318,10,POL-642549780,2025-08-02,2026-08-02,207971.04,2913.83
319,6,POL-371960348,2025-02-21,2026-02-21,321442.13,6780.83
320,1,POL-311601565,2025-08-20,2026-08-20,286581.07,3669.86
321,2,POL-995211542,2024-11-10,2025-11-10,462894.98,5032.08
322,2,POL-150437908,2024-11-25,2025-11-25,145323.9,3139.77
323,5,POL-808835855,2025-03-23,2026-03-23,110793.23,5687.8
324,7,POL-364548759,2026-05-13,2027-05-13,206185.42,1043.28
325,4,POL-974254290,2025-04-16,2026-04-16,468583.43,4585.55
326,1,POL-436827568,2025-11-08,2026-11-08,444808.64,2654.34
327,3,POL-785078672,2024-11-26,2025-11-26,111436.98,3496.21
328,3,POL-308158086,2025-12-01,2026-12-01,36073.03,2289.82
329,5,POL-894511932,2026-04-27,2027-04-27,239609.26,1791.65
330,7,POL-671999275,2025-12-31,2026-12-31,119797.89,1219.14
331,5,POL-710029596,2024-09-25,2025-09-25,131355.54,3825.79
332,10,POL-187570532,2024-10-09,2025-10-09,219528.9,6035.03
333,7,POL-361301446,2024-06-22,2025-06-22,395086.86,4506.07
334,1,POL-197294103,2024-12-08,2025-12-08,35681.38,6415.17
335,6,POL-580693289,2025-03-31,2026-03-31,361162.7,7218.62
336,10,POL-117130370,2024-12-03,2025-12-03,432970.61,3298.86
337,10,POL-184679087,2025-08-18,2026-08-18,480446.38,1562.73
338,2,POL-373169275,2025-05-06,2026-05-06,330383.91,7789.32
339,8,POL-746010069,2025-08-11,2026-08-11,446848.91,889.53
340,5,POL-774009701,2026-03-20,2027-03-20,110395.35,685.3
341,4,POL-256618061,2025-06-02,2026-06-02,423906.75,844.18
342,4,POL-537007001,2024-05-25,2025-05-25,277549.53,6414.45
343,6,POL-222126839,2024-05-27,2025-05-27,474679.61,1641.61
344,9,POL-101181693,2024-06-22,2025-06-22,312560.94,2530.52
345,7,POL-910676987,2025-12-21,2026-12-21,182403.42,3808.26
346,6,POL-014941163,2026-01-29,2027-01-29,370319.7,6129.58
347,3,POL-822519642,2026-01-24,2027-01-24,115505.76,1414.42
348,3,POL-958616721,2026-03-20,2027-03-20,319332.07,2176.68
349,3,POL-702544965,2024-07-07,2025-07-07,27796.02,2909.44
350,10,POL-242182548,2025-01-16,2026-01-16,495923.12,2038.0
351,1,POL-759502424,2024-06-28,2025-06-28,130266.47,2067.89
352,5,POL-263352317,2025-09-10,2026-09-10,215979.91,3751.4
353,2,POL-487713202,2025-08-26,2026-08-26,341757.21,3651.1
354,8,POL-139203186,2024-06-04,2025-06-04,195296.05,6599.97
355,8,POL-744822878,2025-04-16,2026-04-16,430833.33,1479.16
356,8,POL-390049630,2024-05-30,2025-05-30,312642.81,3040.04
357,6,POL-666762960,2025-10-15,2026-10-15,139579.26,6087.79
358,3,POL-964991047,2025-08-28,2026-08-28,153437.13,3213.48
359,1,POL-649545844,2024-08-20,2025-08-20,57556.12,7266.69
360,4,POL-577137153,2026-03-18,2027-03-18,372663.74,4626.58
361,5,POL-789328732,2024-11-25,2025-11-25,411711.07,1696.77
362,1,POL-276654842,2026-04-08,2027-04-08,124056.71,5847.22
363,3,POL-494645403,2025-05-23,2026-05-23,42400.02,4505.4
364,8,POL-002143665,2026-03-06,2027-03-06,52688.66,7788.76
365,10,POL-945388232,2025-11-27,2026-11-27,408559.72,6458.44
366,1,POL-453356682,2026-05-09,2027-05-09,63616.15,5854.51
367,3,POL-896575492,2026-05-13,2027-05-13,337720.35,1406.26
368,1,POL-398013376,2025-09-20,2026-09-20,442918.42,844.52
369,7,POL-915770141,2024-07-15,2025-07-15,459820.08,2367.97
370,9,POL-158162315,2024-08-15,2025-08-15,242033.58,6299.03
371,2,POL-428115876,2024-11-16,2025-11-16,419214.58,4019.78
372,8,POL-916397505,2025-01-24,2026-01-24,174135.16,2379.42
373,2,POL-921510981,2026-03-02,2027-03-02,318703.32,6726.28
374,3,POL-944300277,2024-07-07,2025-07-07,464316.47,780.35
375,6,POL-065694276,2024-11-03,2025-11-03,327113.01,2128.16
376,8,POL-808263267,2025-08-25,2026-08-25,93961.36,5550.05
377,3,POL-311431075,2025-03-23,2026-03-23,182949.63,7028.79
378,2,POL-987141426,2024-11-06,2025-11-06,106341.78,2806.6
379,1,POL-429306461,2025-11-01,2026-11-01,405278.94,4845.49
380,6,POL-383816742,2024-12-14,2025-12-14,204933.15,6162.7
381,5,POL-954058474,2025-10-09,2026-10-09,362053.54,7352.92
382,3,POL-947528972,2024-11-18,2025-11-18,474634.07,4089.56
383,4,POL-597989822,2025-09-11,2026-09-11,236657.37,6247.6
384,2,POL-455404210,2026-03-30,2027-03-30,401326.0,1157.95
385,2,POL-499611778,2024-05-29,2025-05-29,61257.28,758.31
386,9,POL-453905798,2025-01-13,2026-01-13,239787.01,4302.7
387,4,POL-269233953,2025-02-24,2026-02-24,354506.76,7867.15
388,9,POL-002553952,2026-03-31,2027-03-31,219645.76,7378.42
389,10,POL-563773125,2026-02-15,2027-02-15,43998.38,7364.11
390,2,POL-587013111,2024-09-15,2025-09-15,238119.01,776.08
391,8,POL-173358362,2025-04-13,2026-04-13,159847.06,674.01
392,4,POL-921515694,2026-03-05,2027-03-05,307166.83,3079.17
393,10,POL-878717135,2025-01-05,2026-01-05,486379.72,5091.1
394,6,POL-935891054,2026-04-18,2027-04-18,105537.34,2819.38
395,2,POL-256273964,2025-06-20,2026-06-20,257116.04,1712.24
396,3,POL-316120992,2024-10-15,2025-10-15,454551.7,7584.63
397,5,POL-687842775,2026-04-05,2027-04-05,139891.2,4637.43
398,3,POL-367209750,2024-08-06,2025-08-06,98503.89,3141.45
399,5,POL-699128568,2026-01-17,2027-01-17,91833.69,1258.7
400,3,POL-441649331,2025-01-18,2026-01-18,200904.4,2835.82
401,5,POL-115685402,2025-12-03,2026-12-03,303729.25,5309.97
402,4,POL-218060363,2025-03-01,2026-03-01,456210.38,6024.29
403,1,POL-518522916,2024-09-24,2025-09-24,352330.92,6605.05
404,4,POL-613073987,2026-01-11,2027-01-11,488557.75,2637.65
405,8,POL-484544300,2024-07-19,2025-07-19,441060.36,6734.71
406,5,POL-457774146,2025-04-27,2026-04-27,261057.61,4341.09
407,9,POL-518316332,2026-01-13,2027-01-13,307625.75,7410.61
408,1,POL-336305757,2026-03-01,2027-03-01,150061.82,558.15
409,3,POL-660702507,2025-10-07,2026-10-07,24955.71,3243.85
410,7,POL-666069508,2025-10-30,2026-10-30,387658.51,5601.1
411,2,POL-261068965,2026-04-07,2027-04-07,313797.17,7049.67
412,4,POL-326474141,2025-01-31,2026-01-31,398250.97,3806.28
413,5,POL-404396848,2024-10-02,2025-10-02,319478.74,7268.68
414,7,POL-596000182,2026-01-29,2027-01-29,225026.57,5400.29
415,3,POL-871638819,2024-05-28,2025-05-28,474861.75,4942.77
416,6,POL-927191899,2024-10-27,2025-10-27,218775.12,2436.86
417,8,POL-819879216,2026-01-02,2027-01-02,462215.31,4003.66
418,3,POL-181757601,2025-01-21,2026-01-21,96808.63,3126.06
419,3,POL-867522624,2025-05-31,2026-05-31,28417.7,1012.21
420,7,POL-152893281,2025-08-02,2026-08-02,187659.05,1036.23
421,10,POL-665177313,2026-03-17,2027-03-17,84234.19,5371.31
422,10,POL-974931352,2024-07-22,2025-07-22,368061.32,1598.28
423,10,POL-762559376,2025-10-26,2026-10-26,157202.02,942.15
424,7,POL-118256651,2025-09-16,2026-09-16,124815.83,1552.42
425,6,POL-917271548,2025-02-27,2026-02-27,171586.23,5452.79
426,10,POL-628134135,2025-10-11,2026-10-11,213067.13,3712.78
427,8,POL-346074968,2024-06-09,2025-06-09,340820.03,6573.97
428,7,POL-744654482,2025-04-10,2026-04-10,102733.03,5130.41
429,5,POL-739821255,2024-08-14,2025-08-14,338758.55,7650.06
430,1,POL-774050315,2025-05-30,2026-05-30,227102.94,977.58
431,5,POL-465086569,2024-07-10,2025-07-10,319281.14,605.72
432,9,POL-638744771,2025-07-08,2026-07-08,183028.37,1878.44
433,2,POL-125383410,2024-11-06,2025-11-06,127056.94,4491.15
434,1,POL-729976656,2025-03-28,2026-03-28,40932.51,4761.61
435,4,POL-067039336,2025-12-02,2026-12-02,358098.79,1593.46
436,2,POL-774410843,2025-04-10,2026-04-10,104854.51,1553.98
437,3,POL-118200340,2025-07-24,2026-07-24,395413.26,3228.06
438,5,POL-358271732,2025-08-20,2026-08-20,265453.66,7328.89
439,2,POL-031066646,2026-01-09,2027-01-09,361389.82,4491.28
440,7,POL-184788797,2025-10-18,2026-10-18,280851.14,4471.97
441,7,POL-845879579,2025-06-11,2026-06-11,163018.04,464.11
442,10,POL-149179461,2025-05-06,2026-05-06,72672.93,2883.05
443,9,POL-906923951,2025-09-08,2026-09-08,277872.19,3359.92
444,5,POL-327866868,2024-06-07,2025-06-07,380036.77,6762.5
445,1,POL-998420032,2026-05-02,2027-05-02,40438.51,3350.83
446,10,POL-503052411,2026-04-11,2027-04-11,465472.95,7358.3
447,8,POL-207651335,2024-12-08,2025-12-08,232277.2,4385.57
448,4,POL-949576039,2024-09-29,2025-09-29,419315.99,4357.94
449,7,POL-108492970,2025-03-24,2026-03-24,326146.82,2541.44
450,7,POL-538687612,2024-12-29,2025-12-29,379488.48,6290.54
451,2,POL-976762135,2025-10-12,2026-10-12,305980.8,5904.08
452,4,POL-561431538,2024-12-28,2025-12-28,162173.26,1770.22
453,10,POL-489953120,2025-08-24,2026-08-24,87636.49,7469.23
454,3,POL-590400241,2024-06-15,2025-06-15,105941.93,1869.14
455,1,POL-703642373,2026-05-07,2027-05-07,166706.37,886.13
456,5,POL-342414718,2024-10-29,2025-10-29,98285.67,2322.31
457,4,POL-762177942,2025-07-15,2026-07-15,402002.09,1257.04
458,8,POL-921017274,2026-04-26,2027-04-26,470077.24,7369.48
459,10,POL-215175079,2025-06-23,2026-06-23,390793.09,5720.14
460,2,POL-132404961,2025-03-27,2026-03-27,63222.85,6956.53
461,8,POL-651966271,2025-08-20,2026-08-20,93643.64,6178.67
462,10,POL-706586862,2024-12-11,2025-12-11,312516.98,7823.41
463,5,POL-378577171,2026-01-24,2027-01-24,296176.31,4404.03
464,3,POL-999391767,2024-09-30,2025-09-30,266569.89,1913.63
465,9,POL-700227962,2024-05-23,2025-05-23,29553.15,2066.99
466,7,POL-452784300,2025-11-12,2026-11-12,222679.2,559.12
467,3,POL-878064659,2024-10-30,2025-10-30,358990.58,874.15
468,6,POL-918684987,2025-01-02,2026-01-02,469398.17,6084.77
469,9,POL-932039226,2025-10-14,2026-10-14,181597.07,4534.19
470,4,POL-687037557,2025-07-01,2026-07-01,439024.72,429.25
471,1,POL-457653092,2025-06-15,2026-06-15,176785.98,1763.9
472,4,POL-643081322,2024-11-29,2025-11-29,445422.04,7233.5
473,9,POL-750412266,2024-09-26,2025-09-26,360696.5,7508.41
474,9,POL-350945573,2025-01-01,2026-01-01,350773.98,7429.28
475,10,POL-926622477,2024-08-02,2025-08-02,102039.72,6315.49
476,10,POL-382807100,2025-04-01,2026-04-01,49974.93,3828.37
477,9,POL-588641793,2024-09-05,2025-09-05,354803.11,1646.51
478,8,POL-697933933,2025-08-03,2026-08-03,383017.53,7495.07
479,4,POL-387688386,2025-05-27,2026-05-27,105108.99,4624.16
480,4,POL-825817386,2025-06-08,2026-06-08,443366.78,4212.17
481,7,POL-165223507,2026-04-29,2027-04-29,343123.97,7109.01
482,4,POL-993787352,2026-01-03,2027-01-03,122955.28,4075.76
483,2,POL-980684960,2024-08-14,2025-08-14,262715.93,5226.0
484,9,POL-342995086,2025-09-22,2026-09-22,458264.46,6100.32
485,7,POL-266281076,2025-04-26,2026-04-26,104975.9,3857.06
486,4,POL-786739718,2025-04-09,2026-04-09,228345.65,2715.74
487,2,POL-905974689,2026-05-20,2027-05-20,20393.83,965.33
488,3,POL-330537406,2026-03-08,2027-03-08,338635.53,6412.37
489,4,POL-426103324,2024-09-15,2025-09-15,452033.09,5848.41
490,3,POL-773651884,2026-05-12,2027-05-12,67591.69,4508.29
491,9,POL-198661329,2025-12-14,2026-12-14,370923.11,2100.92
492,3,POL-635724763,2024-12-29,2025-12-29,241321.57,4960.66
493,2,POL-572685007,2025-08-04,2026-08-04,273610.39,2872.79
494,1,POL-438580099,2024-09-02,2025-09-02,214909.1,7206.96
495,8,POL-866924505,2026-01-06,2027-01-06,205108.52,5344.88
496,7,POL-490487359,2024-07-09,2025-07-09,382648.47,5897.47
497,10,POL-434536499,2025-05-14,2026-05-14,100183.11,5224.51
498,9,POL-077997722,2025-03-05,2026-03-05,270870.4,6907.88
499,5,POL-646153300,2024-09-17,2025-09-17,138733.9,970.46
500,3,POL-027507697,2024-09-08,2025-09-08,244202.66,3778.92
501,7,POL-693805145,2025-12-02,2026-12-02,76053.86,7378.48
502,2,POL-869016812,2024-11-14,2025-11-14,189124.78,4910.0
503,10,POL-075000699,2025-11-30,2026-11-30,429549.82,5288.71
504,9,POL-558593922,2025-10-05,2026-10-05,352533.97,3059.57
505,8,POL-455652322,2026-02-15,2027-02-15,105533.64,5534.23
506,3,POL-894413999,2024-08-01,2025-08-01,356717.7,3264.21
507,7,POL-176993303,2025-02-20,2026-02-20,276255.96,6204.27
508,10,POL-569590705,2025-06-30,2026-06-30,437541.25,4768.07
509,2,POL-695106361,2025-11-13,2026-11-13,86415.59,3806.45
510,5,POL-128740811,2025-09-10,2026-09-10,316036.48,4908.14
511,3,POL-306993821,2025-04-19,2026-04-19,184845.72,2098.72
512,5,POL-287899996,2024-12-10,2025-12-10,342157.99,5174.89
513,1,POL-930284052,2024-08-29,2025-08-29,386718.21,6010.12
514,3,POL-505608319,2024-07-16,2025-07-16,298079.16,5019.51
515,8,POL-604858965,2024-08-01,2025-08-01,148696.2,4011.36
516,10,POL-818440938,2024-12-01,2025-12-01,217762.75,4886.02
517,5,POL-654719270,2026-04-12,2027-04-12,50205.99,3727.83
518,10,POL-548748705,2025-10-07,2026-10-07,210251.49,564.11
519,1,POL-230056094,2025-03-10,2026-03-10,285557.98,4924.2
520,5,POL-615012350,2024-12-07,2025-12-07,349280.79,4185.03
521,9,POL-566050590,2025-03-23,2026-03-23,188932.8,5095.33
522,10,POL-557657893,2026-01-22,2027-01-22,156428.78,2496.08
523,9,POL-793919474,2026-01-16,2027-01-16,112899.8,5022.8
524,9,POL-299035219,2024-11-04,2025-11-04,426550.35,1255.34
525,8,POL-609102764,2025-11-09,2026-11-09,136415.3,6775.61
526,9,POL-424321119,2025-05-21,2026-05-21,472987.47,3009.56
527,7,POL-662377381,2024-06-27,2025-06-27,371876.55,4476.9
528,9,POL-309831452,2025-12-16,2026-12-16,71272.56,3294.24
529,10,POL-803463328,2024-11-21,2025-11-21,276178.01,2415.68
530,6,POL-256568668,2025-04-11,2026-04-11,24740.64,4997.45
531,9,POL-580005895,2024-06-16,2025-06-16,406977.7,7056.37
532,6,POL-381575015,2026-03-27,2027-03-27,483129.24,1298.83
533,1,POL-857818077,2024-12-06,2025-12-06,98732.67,1460.51
534,8,POL-491488151,2025-08-19,2026-08-19,38760.57,3441.63
535,9,POL-466199541,2026-04-21,2027-04-21,308878.07,865.17
536,9,POL-006562666,2025-04-19,2026-04-19,105987.92,4463.27
537,5,POL-545536377,2025-06-19,2026-06-19,192113.25,1193.25
538,4,POL-599599023,2025-03-30,2026-03-30,20261.49,7067.17
539,10,POL-238162266,2024-12-10,2025-12-10,286661.36,7049.5
540,1,POL-849186146,2026-05-03,2027-05-03,178342.41,2718.92
541,9,POL-883635805,2026-03-02,2027-03-02,284511.31,5103.29
542,8,POL-315131356,2025-11-23,2026-11-23,145717.52,6895.04
543,2,POL-170278473,2024-08-14,2025-08-14,285599.46,3561.55
544,4,POL-793722391,2024-12-26,2025-12-26,26993.07,7433.45
545,8,POL-619682258,2025-05-10,2026-05-10,398385.34,7355.51
546,1,POL-843135740,2025-06-26,2026-06-26,20303.3,749.02
547,6,POL-474073972,2025-06-12,2026-06-12,365697.85,6174.27
548,7,POL-617565779,2025-07-17,2026-07-17,68874.81,7153.39
549,10,POL-061834425,2025-07-14,2026-07-14,190827.66,1945.12
550,6,POL-809545519,2024-08-21,2025-08-21,205953.23,1137.89
551,5,POL-241528634,2026-03-10,2027-03-10,388281.98,1856.02
552,8,POL-016170649,2025-06-26,2026-06-26,489799.0,5453.75
553,5,POL-445337520,2026-03-19,2027-03-19,227356.74,4728.06
554,9,POL-569146164,2024-08-01,2025-08-01,385361.61,7346.25
555,1,POL-573376840,2026-05-19,2027-05-19,333741.29,4434.23
556,3,POL-134178109,2025-11-03,2026-11-03,218933.79,5284.82
557,1,POL-195714514,2024-05-27,2025-05-27,34990.4,5195.78
558,4,POL-149558387,2025-07-23,2026-07-23,225308.86,7153.02
559,2,POL-680729661,2026-02-08,2027-02-08,42850.61,2462.51
560,5,POL-808438816,2026-01-30,2027-01-30,165447.73,7763.86
561,3,POL-482723099,2026-01-18,2027-01-18,308697.43,7529.88
562,7,POL-046445030,2024-06-14,2025-06-14,252295.02,5456.02
563,7,POL-604519908,2025-09-19,2026-09-19,288140.52,7461.35
564,6,POL-873300276,2024-07-23,2025-07-23,99120.65,7543.99
565,7,POL-272237369,2024-11-13,2025-11-13,88046.42,6313.7
566,2,POL-043260590,2026-02-08,2027-02-08,175331.49,3015.87
567,10,POL-353522654,2024-11-29,2025-11-29,229370.22,4030.42
568,6,POL-053973451,2025-07-28,2026-07-28,467570.67,6237.7
569,3,POL-599642606,2024-10-12,2025-10-12,470691.54,1774.08
570,10,POL-098972740,2026-01-15,2027-01-15,23798.91,2192.93
571,5,POL-143164119,2025-10-17,2026-10-17,230996.88,623.44
572,8,POL-136564025,2025-08-15,2026-08-15,167505.53,7245.83
573,5,POL-260062892,2026-03-29,2027-03-29,279768.25,5603.98
574,6,POL-843579938,2024-09-22,2025-09-22,198735.4,2093.56
575,7,POL-594589225,2025-09-07,2026-09-07,176603.64,1132.56
576,4,POL-747529497,2024-07-08,2025-07-08,276501.23,2775.3
577,8,POL-655128895,2025-04-23,2026-04-23,418609.62,7767.81
578,5,POL-383676657,2026-05-20,2027-05-20,179848.13,3042.51
579,2,POL-101221338,2024-07-04,2025-07-04,99787.59,6699.64
580,10,POL-342144835,2025-05-18,2026-05-18,47051.17,6031.77
581,7,POL-574988396,2024-12-19,2025-12-19,81308.38,1804.75
582,2,POL-382525430,2026-03-01,2027-03-01,466648.77,916.72
583,8,POL-353521517,2025-08-21,2026-08-21,133677.71,6318.89
584,3,POL-466068992,2024-10-13,2025-10-13,323987.52,3921.19
585,3,POL-471575610,2026-05-03,2027-05-03,224287.37,2457.32
586,9,POL-103022123,2025-06-25,2026-06-25,371123.07,5092.89
587,9,POL-512169832,2025-07-22,2026-07-22,174072.81,5530.81
588,9,POL-854142263,2024-10-09,2025-10-09,175867.53,1775.18
589,5,POL-621445371,2025-08-25,2026-08-25,101749.37,6796.91
590,3,POL-045196787,2025-01-23,2026-01-23,362145.27,2775.97
591,7,POL-801159132,2025-05-18,2026-05-18,75514.96,4217.91
592,8,POL-423263554,2025-03-28,2026-03-28,196756.83,1038.65
593,2,POL-033693105,2025-03-22,2026-03-22,46274.78,7363.4
594,9,POL-973238154,2025-04-12,2026-04-12,428806.15,758.44
595,5,POL-278762602,2025-01-27,2026-01-27,307657.44,2363.28
596,8,POL-564093099,2026-02-24,2027-02-24,167483.03,3984.28
597,6,POL-868919507,2025-11-29,2026-11-29,326541.72,3110.33
598,3,POL-679699993,2025-10-13,2026-10-13,162830.29,7041.22
599,5,POL-191948746,2025-09-23,2026-09-23,73824.79,6399.98
600,8,POL-319002415,2024-08-17,2025-08-17,77159.6,4812.42
601,10,POL-758637353,2025-01-24,2026-01-24,240541.92,2375.68
602,10,POL-702899666,2024-10-18,2025-10-18,117523.78,2933.61
603,8,POL-858431162,2025-05-24,2026-05-24,265061.65,630.17
604,4,POL-065149473,2026-03-21,2027-03-21,79909.65,2055.08
605,2,POL-654310557,2025-12-19,2026-12-19,439446.52,921.72
606,4,POL-030275960,2025-05-20,2026-05-20,135030.04,5296.75
607,10,POL-895869793,2025-07-04,2026-07-04,490593.46,3646.14
608,1,POL-843423149,2026-05-15,2027-05-15,266230.33,4245.81
609,3,POL-521258606,2024-12-11,2025-12-11,409800.83,4631.8
610,6,POL-098180409,2024-09-01,2025-09-01,401313.87,4047.38
611,8,POL-991514140,2026-02-20,2027-02-20,114223.64,2567.83
612,9,POL-085013474,2025-02-08,2026-02-08,228701.57,2801.37
613,2,POL-963641226,2025-10-27,2026-10-27,170461.25,1328.93
614,5,POL-254392453,2024-12-30,2025-12-30,216124.98,6721.16
615,4,POL-604240817,2025-08-04,2026-08-04,464759.44,5939.93
616,8,POL-425396852,2024-12-16,2025-12-16,409840.54,6360.29
617,1,POL-682091881,2025-04-18,2026-04-18,68733.04,4690.39
618,2,POL-466142809,2024-09-20,2025-09-20,190995.41,5610.25
619,4,POL-020979096,2025-12-31,2026-12-31,160417.93,7007.11
620,8,POL-515911753,2025-09-27,2026-09-27,62058.72,4041.85
621,7,POL-702533797,2024-11-11,2025-11-11,468087.37,4902.92
622,7,POL-604377587,2024-05-24,2025-05-24,302648.16,896.31
623,5,POL-537172015,2024-10-01,2025-10-01,127752.27,6583.61
624,3,POL-300325696,2024-11-07,2025-11-07,302077.17,4774.5
625,7,POL-413311519,2024-12-07,2025-12-07,321970.39,3668.09
626,6,POL-394842266,2025-03-22,2026-03-22,45275.98,4865.32
627,10,POL-543099034,2024-10-14,2025-10-14,399342.37,5640.15
628,2,POL-131565366,2025-10-10,2026-10-10,43147.62,4926.39
629,6,POL-364635145,2025-05-20,2026-05-20,250251.47,4788.54
630,9,POL-823253485,2024-09-23,2025-09-23,454842.0,6728.22
631,6,POL-979934965,2025-11-04,2026-11-04,98588.4,5752.47
632,9,POL-758335219,2026-05-04,2027-05-04,305336.47,5443.14
633,5,POL-640641231,2025-05-20,2026-05-20,454209.01,1693.53
634,5,POL-024478307,2025-01-14,2026-01-14,207133.97,5994.53
635,9,POL-016327034,2026-03-04,2027-03-04,392709.91,2661.31
636,10,POL-410526963,2025-07-14,2026-07-14,367614.63,4829.58
637,8,POL-642721264,2026-01-13,2027-01-13,101934.35,7322.37
638,6,POL-436768796,2025-10-05,2026-10-05,415464.9,7162.73
639,6,POL-467269863,2025-05-07,2026-05-07,324852.53,4739.71
640,9,POL-133327988,2024-05-26,2025-05-26,80680.84,4339.18
641,2,POL-170267199,2026-04-16,2027-04-16,424441.77,790.2
642,3,POL-494918514,2025-02-28,2026-02-28,54299.41,6063.46
643,8,POL-561603849,2025-11-11,2026-11-11,370941.48,5029.94
644,2,POL-260682287,2026-04-16,2027-04-16,413600.81,2674.22
645,9,POL-614109661,2025-07-10,2026-07-10,110015.09,5024.11
646,8,POL-592932578,2025-09-26,2026-09-26,451382.57,3912.13
647,6,POL-885069030,2025-08-03,2026-08-03,380294.13,4421.32
648,5,POL-347112027,2026-01-08,2027-01-08,464211.46,6562.73
649,5,POL-238595129,2024-10-25,2025-10-25,401506.42,1966.44
650,8,POL-072230335,2025-08-23,2026-08-23,385063.73,1615.06
651,7,POL-233989511,2025-11-11,2026-11-11,491380.43,1196.56
652,3,POL-399773879,2025-10-15,2026-10-15,368537.34,5250.28
653,4,POL-876782360,2024-09-15,2025-09-15,273518.3,2997.06
654,7,POL-422966514,2025-08-30,2026-08-30,427482.21,1266.98
655,2,POL-486574306,2024-11-25,2025-11-25,297498.68,5034.14
656,8,POL-068148499,2024-09-13,2025-09-13,420460.23,1006.38
657,6,POL-987202981,2025-08-23,2026-08-23,296690.12,7145.06
658,1,POL-008433914,2024-07-08,2025-07-08,374186.48,5090.68
659,10,POL-981179633,2026-03-10,2027-03-10,322532.02,1668.62
660,2,POL-507495044,2024-06-07,2025-06-07,233741.55,4785.9
661,6,POL-271929802,2024-11-13,2025-11-13,171498.99,4658.08
662,7,POL-441616936,2025-10-21,2026-10-21,463813.6,4847.53
663,4,POL-408851632,2026-01-04,2027-01-04,415094.07,3239.88
664,6,POL-137057410,2024-11-14,2025-11-14,377366.49,4492.3
665,1,POL-622659415,2024-11-16,2025-11-16,382181.2,3931.56
666,1,POL-838516357,2024-08-25,2025-08-25,389025.06,5483.91
667,4,POL-164466847,2025-06-04,2026-06-04,80737.53,3398.69
668,2,POL-329010291,2024-08-08,2025-08-08,78493.06,2232.6
669,10,POL-851185811,2026-04-10,2027-04-10,58313.71,2289.51
670,9,POL-014602353,2026-01-17,2027-01-17,80312.11,4758.64
671,8,POL-968289014,2026-03-04,2027-03-04,167539.41,5312.02
672,6,POL-812356316,2026-04-26,2027-04-26,187789.63,2249.45
673,7,POL-660271689,2025-05-19,2026-05-19,40286.02,848.94
674,9,POL-888478718,2024-10-01,2025-10-01,177483.25,4466.09
675,2,POL-938347705,2024-07-18,2025-07-18,430680.92,5850.56
676,1,POL-047308028,2026-05-05,2027-05-05,156035.39,863.57
677,3,POL-131148241,2024-09-20,2025-09-20,163681.69,5831.22
678,4,POL-430444697,2026-01-20,2027-01-20,212221.24,7283.9
679,9,POL-942596349,2025-06-16,2026-06-16,258170.89,3281.27
680,7,POL-001976893,2026-04-04,2027-04-04,87133.23,3743.02
681,4,POL-500419511,2024-11-19,2025-11-19,351299.42,4273.39
682,10,POL-030766170,2024-10-14,2025-10-14,212452.75,2264.63
683,6,POL-166846482,2025-03-01,2026-03-01,136157.36,5101.98
684,1,POL-098728481,2025-12-25,2026-12-25,320783.04,4538.6
685,7,POL-869692344,2025-06-01,2026-06-01,63366.84,5209.81
686,5,POL-055724772,2026-03-09,2027-03-09,236174.13,2271.96
687,6,POL-396362091,2024-07-22,2025-07-22,433171.61,6635.13
688,4,POL-494172319,2025-03-17,2026-03-17,300695.92,4717.56
689,6,POL-706686372,2024-06-12,2025-06-12,186424.33,7066.88
690,2,POL-858935840,2024-08-04,2025-08-04,202318.81,2270.35
691,10,POL-470571265,2026-01-02,2027-01-02,40441.92,1418.58
692,9,POL-564165666,2025-03-02,2026-03-02,457286.51,3983.68
693,3,POL-571112070,2025-04-22,2026-04-22,239329.15,6899.98
694,9,POL-058935967,2024-08-07,2025-08-07,305360.64,7975.44
695,7,POL-262552576,2025-08-27,2026-08-27,216732.43,3007.68
696,4,POL-033598480,2024-07-19,2025-07-19,161592.93,4361.42
697,7,POL-618683043,2026-01-27,2027-01-27,407474.21,2348.83
698,7,POL-229978532,2024-12-13,2025-12-13,56740.83,7189.09
699,10,POL-101339893,2026-01-16,2027-01-16,499604.47,3909.89
700,6,POL-040037658,2024-05-30,2025-05-30,324610.88,1956.01
701,9,POL-901405650,2025-01-04,2026-01-04,438652.35,5224.58
702,5,POL-578709095,2024-09-08,2025-09-08,216605.48,2418.57
703,6,POL-279904636,2025-08-12,2026-08-12,482400.59,684.8
704,9,POL-199183864,2025-08-07,2026-08-07,282494.21,1428.8
705,4,POL-836269616,2025-06-14,2026-06-14,23970.83,1484.6
706,7,POL-677177529,2025-10-17,2026-10-17,120094.7,1420.84
707,9,POL-942691548,2025-03-19,2026-03-19,438733.99,2401.06
708,5,POL-788141245,2025-08-28,2026-08-28,344687.46,3844.99
709,9,POL-770508755,2026-01-21,2027-01-21,382389.36,2147.37
710,6,POL-624481888,2024-06-21,2025-06-21,401238.53,7441.89
711,10,POL-678950139,2025-09-16,2026-09-16,217645.49,6459.39
712,7,POL-938707414,2024-08-13,2025-08-13,257742.61,2376.97
713,10,POL-013498438,2026-02-22,2027-02-22,320814.16,5659.62
714,1,POL-281404624,2026-05-12,2027-05-12,293440.55,1715.81
715,9,POL-635723627,2025-05-05,2026-05-05,386495.06,2514.47
716,10,POL-308903454,2026-03-23,2027-03-23,264390.81,6215.98
717,6,POL-843210954,2025-01-04,2026-01-04,382111.42,3064.6
718,4,POL-686177307,2026-04-23,2027-04-23,418955.91,6228.59
719,9,POL-099199846,2025-07-10,2026-07-10,379335.97,3847.93
720,8,POL-170995110,2025-04-13,2026-04-13,79177.22,2420.7
721,4,POL-562576210,2024-10-27,2025-10-27,30211.03,7755.55
722,9,POL-902805795,2026-05-08,2027-05-08,480730.66,7886.91
723,2,POL-004441566,2025-02-20,2026-02-20,383628.3,6777.49
724,5,POL-057275622,2025-10-02,2026-10-02,392316.64,6219.07
725,1,POL-175892839,2024-06-07,2025-06-07,117485.64,7598.04
726,10,POL-537013760,2025-10-17,2026-10-17,261860.86,4372.65
727,2,POL-720324893,2026-04-29,2027-04-29,263483.42,1962.15
728,8,POL-237756779,2026-01-20,2027-01-20,232729.98,6080.34
729,9,POL-668532414,2026-03-29,2027-03-29,126773.45,2178.68
730,7,POL-268988077,2025-05-27,2026-05-27,156303.05,4009.21
731,1,POL-465857856,2025-02-09,2026-02-09,418112.05,1116.63
732,1,POL-519242793,2026-01-13,2027-01-13,310420.57,5132.43
733,2,POL-829851652,2024-12-02,2025-12-02,472198.19,3053.21
734,9,POL-873511877,2024-10-04,2025-10-04,416434.24,7037.44
735,1,POL-341448777,2025-06-14,2026-06-14,109419.06,1370.64
736,3,POL-639710318,2024-12-28,2025-12-28,187366.79,6385.18
737,1,POL-277960688,2025-06-19,2026-06-19,463438.26,915.43
738,3,POL-674205057,2025-12-24,2026-12-24,433931.09,2168.09
739,2,POL-462216346,2025-06-18,2026-06-18,313382.29,5903.62
740,6,POL-865153121,2025-01-19,2026-01-19,236100.92,1418.02
741,5,POL-138298790,2024-12-23,2025-12-23,383821.72,903.76
742,1,POL-686514660,2025-06-15,2026-06-15,359492.53,4160.08
743,10,POL-170593967,2025-12-16,2026-12-16,422655.52,2468.05
744,10,POL-552264124,2024-06-19,2025-06-19,123243.91,2457.49
745,4,POL-552957873,2026-05-20,2027-05-20,423290.57,5288.67
746,1,POL-168320227,2026-03-26,2027-03-26,318264.39,5830.86
747,5,POL-131800214,2025-10-28,2026-10-28,67419.53,5220.62
748,3,POL-008475557,2025-08-05,2026-08-05,89215.23,2505.56
749,8,POL-343282391,2025-10-05,2026-10-05,33517.41,5949.44
750,9,POL-183669498,2024-10-07,2025-10-07,247841.33,6057.51
751,5,POL-980846987,2024-11-20,2025-11-20,435464.07,4764.96
752,4,POL-975845627,2024-10-20,2025-10-20,107999.48,3236.28
753,8,POL-370244698,2024-08-09,2025-08-09,424151.31,6430.23
754,3,POL-989090660,2024-12-11,2025-12-11,159014.05,2414.11
755,4,POL-783062646,2025-07-16,2026-07-16,102747.84,1157.56
756,9,POL-588998724,2025-10-31,2026-10-31,417649.87,792.29
757,4,POL-463128420,2024-12-04,2025-12-04,166629.81,4396.39
758,2,POL-274939098,2025-07-20,2026-07-20,350020.29,2034.85
759,8,POL-122021512,2024-07-29,2025-07-29,25759.62,4550.78
760,8,POL-851368405,2025-09-06,2026-09-06,353340.11,1690.75
761,3,POL-165237008,2024-12-21,2025-12-21,393937.29,641.66
762,6,POL-777519003,2026-02-10,2027-02-10,394127.74,2196.99
763,7,POL-607347843,2024-09-28,2025-09-28,366292.02,932.6
764,6,POL-748464310,2024-09-17,2025-09-17,114365.06,7684.11
765,10,POL-323385437,2026-01-10,2027-01-10,34965.09,2976.13
766,8,POL-730585821,2025-10-27,2026-10-27,310359.29,628.19
767,2,POL-459968224,2025-08-19,2026-08-19,257567.76,1437.87
768,10,POL-212558898,2024-10-20,2025-10-20,483534.49,597.58
769,8,POL-923078141,2024-10-12,2025-10-12,123770.18,3907.24
770,4,POL-570670779,2024-08-24,2025-08-24,381264.91,663.02
771,8,POL-244547597,2025-10-19,2026-10-19,102399.29,1110.78
772,4,POL-315687310,2024-07-12,2025-07-12,279457.22,3293.13
773,1,POL-264596394,2024-08-26,2025-08-26,376757.31,3991.87
774,2,POL-845831090,2026-04-29,2027-04-29,334441.27,4166.67
775,3,POL-585872632,2024-10-10,2025-10-10,77576.14,6512.41
776,5,POL-750271926,2025-10-13,2026-10-13,171782.41,7407.57
777,5,POL-102387288,2025-01-01,2026-01-01,376871.13,6421.84
778,8,POL-366497069,2024-06-14,2025-06-14,73260.48,1670.6
779,2,POL-990196433,2026-01-15,2027-01-15,247501.28,447.79
780,5,POL-239502111,2025-01-30,2026-01-30,167068.76,3493.67
781,3,POL-870000822,2026-02-27,2027-02-27,416025.23,6172.78
782,5,POL-053220893,2024-08-24,2025-08-24,431277.7,7473.12
783,3,POL-560898046,2025-07-17,2026-07-17,108160.22,1496.11
784,7,POL-710147824,2025-02-26,2026-02-26,27390.44,3001.64
785,4,POL-599117390,2026-01-04,2027-01-04,457457.36,2451.07
786,2,POL-650688857,2025-12-21,2026-12-21,88119.72,5967.52
787,1,POL-027316035,2025-10-29,2026-10-29,300003.7,2718.69
788,8,POL-450632705,2024-06-30,2025-06-30,402961.43,4005.9
789,3,POL-416945646,2024-09-12,2025-09-12,200397.26,571.79
790,3,POL-676469142,2025-06-19,2026-06-19,221919.8,5153.88
791,6,POL-400001374,2025-10-27,2026-10-27,65299.22,7414.41
792,8,POL-847107382,2024-10-09,2025-10-09,216308.14,5351.75
793,10,POL-225833762,2024-10-09,2025-10-09,412803.77,5873.52
794,1,POL-233450154,2025-09-04,2026-09-04,485845.44,5546.17
795,5,POL-765786610,2024-08-17,2025-08-17,475048.93,6686.43
796,6,POL-000591186,2025-10-15,2026-10-15,300486.14,3065.74
797,7,POL-479393348,2024-09-18,2025-09-18,37786.58,1203.84
798,10,POL-140269631,2025-09-20,2026-09-20,340359.12,2829.49
799,9,POL-558008757,2026-04-24,2027-04-24,299092.25,6796.11
800,3,POL-751318382,2025-12-08,2026-12-08,406603.13,4507.74
801,7,POL-708444685,2026-04-08,2027-04-08,496816.51,5743.7
802,10,POL-381385418,2024-06-04,2025-06-04,405120.2,7125.21
803,5,POL-293264570,2026-04-10,2027-04-10,249905.36,3652.5
804,9,POL-733701065,2024-07-10,2025-07-10,343742.97,1364.45
805,8,POL-054971279,2024-10-10,2025-10-10,202097.2,846.78
806,1,POL-082627756,2024-11-09,2025-11-09,260095.95,2446.18
807,8,POL-999060418,2026-02-02,2027-02-02,144232.59,4284.91
808,4,POL-609566118,2025-04-05,2026-04-05,230394.56,5395.85
809,2,POL-921075864,2024-10-06,2025-10-06,488825.93,1232.47
810,1,POL-830975336,2024-10-30,2025-10-30,255533.93,5109.81
811,10,POL-492896918,2024-10-14,2025-10-14,82702.16,3722.59
812,1,POL-175686345,2025-10-06,2026-10-06,44168.91,4741.73
813,9,POL-964220699,2025-09-17,2026-09-17,467979.18,6240.87
814,4,POL-558300358,2025-09-20,2026-09-20,208658.3,7710.8
815,3,POL-875634491,2024-07-05,2025-07-05,420130.75,6369.22
816,4,POL-088534883,2025-10-30,2026-10-30,153729.2,2444.52
817,7,POL-927277834,2026-03-27,2027-03-27,149801.13,7578.57
818,1,POL-932818167,2024-06-26,2025-06-26,262001.45,1291.24
819,10,POL-771103402,2024-07-24,2025-07-24,483422.82,3517.66
820,5,POL-736174574,2024-06-30,2025-06-30,227212.86,1525.06
821,1,POL-918480000,2024-08-08,2025-08-08,100722.82,7983.82
822,4,POL-133021489,2025-11-23,2026-11-23,376870.55,4136.68
823,3,POL-011392158,2024-06-05,2025-06-05,435785.56,3130.53
824,6,POL-192772443,2026-02-13,2027-02-13,20715.24,1981.84
825,4,POL-645618468,2025-09-06,2026-09-06,20949.6,556.72
826,9,POL-158336597,2025-07-16,2026-07-16,269118.63,2289.87
827,5,POL-091487192,2025-01-04,2026-01-04,377012.83,7954.89
828,8,POL-908338265,2025-10-14,2026-10-14,134850.89,1245.35
829,1,POL-978968126,2025-03-27,2026-03-27,21612.17,4360.3
830,10,POL-991699277,2025-03-13,2026-03-13,499650.72,1322.02
831,2,POL-866574865,2025-09-27,2026-09-27,214973.02,420.14
832,10,POL-775977673,2026-01-26,2027-01-26,478373.59,6863.0
833,7,POL-800750682,2025-10-10,2026-10-10,292504.36,6034.51
834,3,POL-373393474,2024-10-10,2025-10-10,413791.99,1455.36
835,8,POL-267886570,2025-10-10,2026-10-10,116739.93,3871.27
836,10,POL-854605217,2025-04-14,2026-04-14,343161.98,7582.54
837,10,POL-321330587,2026-05-20,2027-05-20,368842.73,6024.1
838,10,POL-928802295,2025-10-02,2026-10-02,41470.12,467.69
839,6,POL-769308883,2025-01-21,2026-01-21,164096.75,7916.34
840,2,POL-079919062,2025-05-22,2026-05-22,472545.32,6986.17
841,9,POL-154344919,2024-10-07,2025-10-07,224123.55,7999.81
842,7,POL-470848671,2026-01-17,2027-01-17,137573.05,785.03
843,10,POL-724985963,2024-08-12,2025-08-12,411649.11,7790.55
844,9,POL-650941626,2024-11-26,2025-11-26,153118.41,2065.3
845,7,POL-240896287,2026-04-27,2027-04-27,76995.54,1135.54
846,4,POL-321566701,2024-07-03,2025-07-03,477484.28,1026.86
847,2,POL-918717104,2025-09-29,2026-09-29,271227.86,1047.24
848,2,POL-999207189,2025-12-18,2026-12-18,337833.34,4620.25
849,6,POL-022131896,2025-06-29,2026-06-29,353265.38,2905.92
850,3,POL-034611734,2024-06-15,2025-06-15,384430.2,7717.68
851,5,POL-741465545,2024-07-27,2025-07-27,92038.99,538.1
852,5,POL-233559164,2024-07-24,2025-07-24,406361.53,5451.95
853,2,POL-156630363,2025-11-19,2026-11-19,194249.04,2861.96
854,4,POL-648650074,2024-11-09,2025-11-09,153312.36,3524.48
855,8,POL-525019165,2024-11-30,2025-11-30,174392.79,7570.22
856,10,POL-470669677,2024-11-07,2025-11-07,306670.61,2553.71
857,5,POL-134145244,2025-05-28,2026-05-28,434350.49,3682.76
858,3,POL-649153509,2025-06-27,2026-06-27,363734.74,1125.73
859,9,POL-435184063,2024-06-04,2025-06-04,86215.13,7097.38
860,1,POL-946513271,2025-08-03,2026-08-03,408854.39,5768.18
861,9,POL-499126438,2024-06-27,2025-06-27,456919.92,5634.26
862,3,POL-709819205,2024-12-02,2025-12-02,461912.25,5359.9
863,9,POL-916339236,2024-06-27,2025-06-27,234434.41,7410.56
864,5,POL-932865711,2024-08-23,2025-08-23,484710.07,1534.62
865,7,POL-924912830,2026-05-11,2027-05-11,87554.44,4434.68
866,9,POL-623818392,2026-02-28,2027-02-28,445876.43,4176.29
867,6,POL-167917761,2024-12-05,2025-12-05,454320.56,3953.52
868,6,POL-960791172,2025-10-03,2026-10-03,325843.27,1864.17
869,5,POL-233591335,2025-08-14,2026-08-14,96689.33,7472.2
870,6,POL-535628724,2024-10-20,2025-10-20,497957.97,532.22
871,5,POL-040941477,2026-05-10,2027-05-10,61851.16,5110.14
872,9,POL-682898218,2024-07-27,2025-07-27,476200.53,4592.62
873,6,POL-446821636,2025-09-10,2026-09-10,71447.78,1283.08
874,7,POL-703864732,2024-08-26,2025-08-26,470368.69,5175.4
875,6,POL-232242637,2026-05-02,2027-05-02,186056.75,536.03
876,7,POL-836812541,2026-05-12,2027-05-12,74922.69,640.97
877,8,POL-287847590,2024-12-23,2025-12-23,308775.22,2064.88
878,5,POL-741764344,2024-12-11,2025-12-11,224705.86,578.84
879,2,POL-579406525,2024-07-18,2025-07-18,81337.68,2241.5
880,3,POL-932444834,2024-10-28,2025-10-28,239974.99,625.15
881,3,POL-199550897,2025-11-05,2026-11-05,116241.84,7271.0
882,10,POL-472815706,2025-05-10,2026-05-10,372803.89,7431.75
883,7,POL-501622043,2025-03-28,2026-03-28,52949.01,1080.74
884,1,POL-771494872,2025-09-17,2026-09-17,334334.7,2410.14
885,9,POL-492615283,2024-12-14,2025-12-14,363358.46,487.62
886,7,POL-682080820,2024-05-27,2025-05-27,228908.58,2870.78
887,5,POL-809882209,2025-11-03,2026-11-03,169787.15,5913.09
888,5,POL-521094235,2026-01-17,2027-01-17,334443.95,7193.14
889,8,POL-791302792,2025-10-01,2026-10-01,221101.72,2062.6
890,5,POL-902510022,2025-07-26,2026-07-26,203753.29,7744.59
891,2,POL-825799883,2025-05-08,2026-05-08,318578.83,2930.01
892,1,POL-943260322,2025-01-21,2026-01-21,195656.45,5865.76
893,4,POL-807700378,2024-12-28,2025-12-28,482738.66,2749.37
894,3,POL-150685246,2024-08-07,2025-08-07,144547.03,3057.89
895,7,POL-889592085,2024-06-01,2025-06-01,59875.59,7993.72
896,9,POL-512286600,2024-08-16,2025-08-16,101156.93,7545.53
897,2,POL-997494117,2026-04-27,2027-04-27,379737.56,1359.25
898,8,POL-903648737,2024-08-11,2025-08-11,340725.68,1792.87
899,8,POL-590125996,2024-08-22,2025-08-22,493695.5,4271.35
900,7,POL-834329786,2025-05-27,2026-05-27,357724.34,3344.44
901,6,POL-154295995,2025-08-25,2026-08-25,467303.51,6352.1
902,3,POL-194770071,2025-12-31,2026-12-31,430844.35,2498.07
903,2,POL-103533635,2025-08-04,2026-08-04,479068.48,5122.65
904,8,POL-172340515,2025-08-22,2026-08-22,444259.58,3506.65
905,9,POL-866314387,2025-01-12,2026-01-12,232158.96,6907.57
906,5,POL-115421188,2024-07-03,2025-07-03,399251.32,2630.23
907,8,POL-594919265,2025-08-19,2026-08-19,418337.28,5434.18
908,10,POL-517336664,2025-09-25,2026-09-25,48842.97,1978.47
909,1,POL-431374001,2025-06-28,2026-06-28,37519.73,7809.75
910,2,POL-011063822,2025-07-11,2026-07-11,407012.66,2705.14
911,10,POL-432654951,2024-12-09,2025-12-09,252018.86,2690.16
912,3,POL-981978551,2025-09-21,2026-09-21,80265.95,2780.37
913,5,POL-915436980,2026-05-17,2027-05-17,409613.61,2737.76
914,5,POL-345948930,2026-03-06,2027-03-06,368507.94,7078.16
915,7,POL-494080910,2026-05-05,2027-05-05,282888.2,7600.8
916,3,POL-695698198,2026-04-21,2027-04-21,61702.71,6408.79
917,7,POL-331679266,2025-10-17,2026-10-17,424868.78,4994.97
918,6,POL-307505999,2024-12-19,2025-12-19,98540.94,2351.51
919,3,POL-640810671,2024-06-11,2025-06-11,28252.12,3437.49
920,5,POL-179651059,2024-07-03,2025-07-03,404494.33,5285.42
921,2,POL-086537494,2024-09-18,2025-09-18,387879.17,1168.17
922,10,POL-583931856,2025-02-05,2026-02-05,256667.66,1886.29
923,9,POL-549347812,2025-02-28,2026-02-28,58547.77,1515.31
924,4,POL-688810786,2025-12-06,2026-12-06,21210.3,5482.04
925,4,POL-320197030,2026-05-19,2027-05-19,167227.04,2963.96
926,10,POL-817623255,2025-05-16,2026-05-16,398698.41,4203.37
927,9,POL-811912776,2026-03-24,2027-03-24,407019.94,5902.52
928,9,POL-518078442,2024-08-03,2025-08-03,268072.25,4858.82
929,7,POL-760042597,2024-12-01,2025-12-01,277683.36,7947.35
930,7,POL-571254458,2026-02-26,2027-02-26,144641.78,6283.4
931,6,POL-795196149,2024-12-29,2025-12-29,426436.28,6605.85
932,1,POL-901409054,2026-02-06,2027-02-06,107237.52,1623.58
933,6,POL-449625216,2026-04-03,2027-04-03,169281.0,5389.49
934,5,POL-897390766,2025-02-02,2026-02-02,59485.63,5919.18
935,4,POL-752442031,2025-11-17,2026-11-17,434331.13,1300.33
936,7,POL-579970658,2026-01-25,2027-01-25,44459.7,5045.89
937,9,POL-245077836,2024-07-10,2025-07-10,223464.29,6660.85
938,4,POL-096801922,2024-11-02,2025-11-02,258402.21,1163.65
939,9,POL-662393526,2025-04-23,2026-04-23,204824.27,7904.65
940,4,POL-772655813,2024-05-23,2025-05-23,98314.72,7996.22
941,4,POL-613542701,2024-08-23,2025-08-23,70416.59,3795.09
942,10,POL-823320025,2025-09-25,2026-09-25,318990.87,7334.39
943,1,POL-304674071,2026-02-12,2027-02-12,58487.31,6537.67
944,1,POL-533115648,2025-06-25,2026-06-25,470412.03,1994.91
945,8,POL-628753184,2024-10-30,2025-10-30,410379.87,2229.33
946,8,POL-336492152,2025-06-23,2026-06-23,378818.5,4881.67
947,8,POL-964587166,2026-01-12,2027-01-12,385725.24,4616.3
948,1,POL-930322168,2024-10-11,2025-10-11,394723.66,1197.71
949,7,POL-807018215,2025-10-26,2026-10-26,444370.92,1582.47
950,6,POL-412512188,2025-01-23,2026-01-23,348196.6,5087.98
951,1,POL-340179194,2024-10-09,2025-10-09,366444.1,2363.62
952,10,POL-557669625,2024-12-03,2025-12-03,331046.8,6825.05
953,8,POL-711712034,2024-10-17,2025-10-17,414308.29,2897.79
954,6,POL-741756592,2026-05-05,2027-05-05,462206.96,5178.02
955,2,POL-002242237,2024-10-22,2025-10-22,118895.85,3725.38
956,4,POL-643335199,2024-07-28,2025-07-28,182094.63,1658.93
957,2,POL-211152927,2025-08-19,2026-08-19,30864.23,7411.94
958,9,POL-099306764,2025-11-23,2026-11-23,273672.57,6990.94
959,8,POL-117310109,2024-08-22,2025-08-22,270841.39,426.32
960,3,POL-046005204,2026-02-16,2027-02-16,394107.02,4950.46
961,1,POL-668651038,2025-07-24,2026-07-24,363228.26,3956.41
962,7,POL-537227839,2026-01-28,2027-01-28,70776.14,608.93
963,9,POL-902532448,2026-03-16,2027-03-16,73312.73,5078.33
964,3,POL-076965776,2025-06-24,2026-06-24,82293.67,1941.3
965,10,POL-395928914,2025-01-07,2026-01-07,441975.33,4869.4
966,7,POL-124534749,2025-03-28,2026-03-28,140630.82,4127.12
967,2,POL-116084781,2025-10-19,2026-10-19,277027.44,4087.25
968,4,POL-223449447,2025-07-04,2026-07-04,39352.82,7075.13
969,9,POL-484856944,2025-12-20,2026-12-20,434379.76,7237.49
970,1,POL-142157299,2026-05-02,2027-05-02,107389.37,2579.65
971,1,POL-260713391,2024-07-30,2025-07-30,343393.48,5844.02
972,6,POL-827646123,2024-12-06,2025-12-06,396501.5,3937.97
973,9,POL-554525913,2025-11-10,2026-11-10,35109.36,1689.84
974,5,POL-067730978,2025-04-10,2026-04-10,341182.24,2628.02
975,3,POL-993468620,2024-06-11,2025-06-11,122377.89,3403.99
976,3,POL-539191938,2025-10-27,2026-10-27,97889.25,6664.23
977,7,POL-891835073,2026-04-04,2027-04-04,300838.49,6399.0
978,7,POL-485505068,2025-08-20,2026-08-20,309183.11,6201.98
979,9,POL-114627856,2024-08-17,2025-08-17,189157.56,3864.79
980,7,POL-621762724,2025-12-06,2026-12-06,339863.26,551.42
981,8,POL-814456514,2024-11-07,2025-11-07,347475.32,3109.46
982,7,POL-753014463,2025-07-30,2026-07-30,317477.0,1299.8
983,10,POL-455450122,2024-11-17,2025-11-17,427858.14,7349.37
984,6,POL-988481312,2024-09-02,2025-09-02,354551.1,7540.98
985,3,POL-593089893,2026-05-03,2027-05-03,62932.49,817.38
986,2,POL-922202417,2024-06-09,2025-06-09,422590.19,7199.33
987,3,POL-970683828,2025-03-30,2026-03-30,206429.69,433.53
988,1,POL-674000977,2024-09-20,2025-09-20,124441.1,3166.24
989,9,POL-496259590,2024-10-31,2025-10-31,388085.0,7185.19
990,3,POL-213553012,2025-11-08,2026-11-08,155393.26,2010.3
991,2,POL-436466937,2025-01-25,2026-01-25,317601.33,6979.34
992,10,POL-756440314,2024-07-06,2025-07-06,85737.7,4517.9
993,5,POL-211945720,2025-06-03,2026-06-03,261626.82,2074.97
994,1,POL-555321685,2026-03-04,2027-03-04,164685.33,1214.24
995,7,POL-550269450,2026-02-24,2027-02-24,308329.77,6552.12
996,1,POL-836072288,2025-02-04,2026-02-04,171868.56,2137.61
997,3,POL-993928866,2024-12-15,2025-12-15,68448.32,7328.1
998,7,POL-801065285,2025-05-27,2026-05-27,248610.16,3171.94
999,9,POL-430523614,2024-12-17,2025-12-17,494797.64,5706.97
1000,7,POL-163707274,2026-02-16,2027-02-16,362199.27,2262.52
1001,10,POL-005029407,2025-10-20,2026-10-20,434000.85,2168.31
1002,9,POL-397788104,2025-07-13,2026-07-13,63543.31,423.87
1003,1,POL-915905424,2025-05-29,2026-05-29,413688.98,7091.53
1004,5,POL-784041471,2025-07-03,2026-07-03,457800.31,3596.64
1005,3,POL-887795156,2024-11-29,2025-11-29,255480.31,6634.0
1006,10,POL-229137901,2025-08-11,2026-08-11,397874.24,6901.97
1007,2,POL-840476330,2025-03-09,2026-03-09,173627.5,2275.54
1008,6,POL-947914159,2025-12-14,2026-12-14,174056.78,6213.38
1009,2,POL-842767741,2024-10-05,2025-10-05,85671.55,6255.26
1010,8,POL-374667856,2025-04-04,2026-04-04,455651.54,2904.32
1011,2,POL-716436111,2024-10-20,2025-10-20,84313.48,4901.29
1012,10,POL-859524171,2026-04-22,2027-04-22,258920.26,1148.31
1013,6,POL-747825634,2025-04-02,2026-04-02,144606.72,3260.49
1014,1,POL-325101102,2025-11-09,2026-11-09,385965.07,6571.95
1015,8,POL-883149141,2025-09-16,2026-09-16,97172.55,5981.08
1016,1,POL-120174748,2024-06-30,2025-06-30,93683.98,6379.44
1017,7,POL-579619423,2024-07-30,2025-07-30,384021.62,6803.58
1018,6,POL-021245824,2025-12-13,2026-12-13,390416.9,3613.67
1019,8,POL-708070927,2026-02-07,2027-02-07,244910.63,678.76
1020,2,POL-574364254,2025-06-05,2026-06-05,231940.61,607.61
1021,4,POL-470269154,2024-09-30,2025-09-30,49350.14,4200.31
1022,2,POL-692072972,2025-03-10,2026-03-10,193593.82,6521.87
1023,8,POL-318708633,2024-08-27,2025-08-27,275148.15,5273.25
1024,4,POL-445397508,2026-01-18,2027-01-18,250954.13,5892.22
1025,4,POL-038569802,2024-09-26,2025-09-26,66897.26,2817.18
1026,4,POL-402783626,2025-07-04,2026-07-04,274436.61,6300.01
1027,8,POL-494147904,2025-06-30,2026-06-30,162323.29,954.01
1028,5,POL-515379260,2024-12-18,2025-12-18,261562.34,2864.81
1029,8,POL-608238200,2026-01-24,2027-01-24,342425.09,3313.25
1030,3,POL-297806782,2024-06-02,2025-06-02,290058.79,2925.71
1031,7,POL-655309222,2025-08-23,2026-08-23,348920.57,3461.48
1032,3,POL-128816903,2026-04-19,2027-04-19,448881.41,1813.12
1033,9,POL-583223272,2025-12-25,2026-12-25,420274.63,7977.44
1034,8,POL-424160838,2024-11-03,2025-11-03,219977.34,2305.1
1035,1,POL-148994822,2025-06-10,2026-06-10,233753.39,7182.0
1036,4,POL-322846619,2024-10-26,2025-10-26,89032.08,7586.53
1037,4,POL-710818632,2025-07-23,2026-07-23,472677.98,1982.67
1038,9,POL-133752145,2026-04-07,2027-04-07,484109.66,3446.74
1039,7,POL-447227004,2025-09-18,2026-09-18,351981.71,3121.82
1040,3,POL-997442259,2026-05-17,2027-05-17,124586.29,4420.51
1041,9,POL-730374850,2025-10-04,2026-10-04,421229.89,5016.1
1042,7,POL-743200608,2025-06-10,2026-06-10,450042.0,5675.03
1043,5,POL-773667585,2024-11-19,2025-11-19,268165.99,7514.56
1044,7,POL-771573335,2025-07-22,2026-07-22,303834.45,2176.55
1045,1,POL-837902389,2026-05-20,2027-05-20,353082.42,6329.31
1046,4,POL-405694761,2026-03-22,2027-03-22,144659.96,3036.08
1047,1,POL-278120796,2026-04-18,2027-04-18,349906.0,7571.29
1048,10,POL-809952242,2024-09-13,2025-09-13,390561.37,4004.42
1049,10,POL-561737201,2025-11-25,2026-11-25,220697.62,1036.94
1050,6,POL-011755567,2025-05-05,2026-05-05,306166.97,3815.23
1051,5,POL-473510674,2025-04-23,2026-04-23,392725.6,2788.46
1052,6,POL-499890716,2026-02-15,2027-02-15,217517.07,839.07
1053,8,POL-788030249,2025-05-14,2026-05-14,260091.98,7101.95
1054,8,POL-300833418,2026-02-02,2027-02-02,361126.37,3016.39
1055,3,POL-155039303,2025-05-08,2026-05-08,229440.41,985.01
1056,1,POL-035431373,2025-05-30,2026-05-30,135795.23,6337.55
1057,5,POL-950488819,2024-08-10,2025-08-10,90638.04,1775.05
1058,4,POL-599732292,2025-06-22,2026-06-22,432950.43,6096.8
1059,3,POL-780992839,2026-02-21,2027-02-21,238612.0,1967.44
1060,1,POL-639106204,2026-01-29,2027-01-29,358959.95,1733.35
1061,3,POL-786303816,2026-04-18,2027-04-18,251429.76,1208.77
1062,2,POL-948670769,2025-07-20,2026-07-20,421239.97,6709.01
1063,8,POL-644491185,2026-04-16,2027-04-16,224444.66,1317.26
1064,8,POL-154272557,2024-07-21,2025-07-21,71171.82,1649.3
1065,5,POL-180872584,2024-11-06,2025-11-06,95655.02,7111.11
1066,6,POL-302272752,2024-09-28,2025-09-28,74729.62,2438.36
1067,9,POL-527231143,2024-08-14,2025-08-14,213991.19,4606.29
1068,1,POL-663826775,2024-12-18,2025-12-18,199902.51,7543.98
1069,7,POL-727771984,2025-12-24,2026-12-24,478569.88,459.76
1070,10,POL-534657409,2025-03-16,2026-03-16,431109.39,1761.7
1071,1,POL-834869871,2025-02-25,2026-02-25,451274.61,6076.27
1072,10,POL-462929177,2025-03-31,2026-03-31,401462.45,505.75
1073,5,POL-605390811,2025-11-23,2026-11-23,108504.67,3421.16
1074,8,POL-007783182,2025-12-15,2026-12-15,417836.12,860.18
1075,9,POL-374198703,2025-11-09,2026-11-09,32131.18,943.04
1076,8,POL-250819339,2026-03-20,2027-03-20,444098.28,6172.0
1077,4,POL-274454544,2025-09-27,2026-09-27,406987.25,1010.93
1078,4,POL-278792447,2026-03-20,2027-03-20,233911.15,6316.85
1079,6,POL-717406686,2026-01-09,2027-01-09,348920.43,7554.35
1080,5,POL-942061376,2025-04-16,2026-04-16,299985.21,1985.96
1081,7,POL-823761825,2025-08-11,2026-08-11,420862.75,1794.9
1082,5,POL-930878790,2026-05-06,2027-05-06,200832.86,2101.46
1083,2,POL-281212635,2025-08-04,2026-08-04,434252.24,3748.33
1084,10,POL-815671026,2025-12-27,2026-12-27,153745.79,3771.37
1085,4,POL-519335628,2024-09-25,2025-09-25,459622.3,440.5
1086,4,POL-437282840,2026-02-14,2027-02-14,479793.31,647.09
1087,7,POL-125200432,2025-11-03,2026-11-03,382991.4,2870.73
1088,1,POL-182812479,2024-06-26,2025-06-26,95011.4,3058.43
1089,10,POL-667830317,2025-03-09,2026-03-09,412459.36,4580.32
1090,2,POL-409937513,2024-09-23,2025-09-23,355462.79,2064.28
1091,10,POL-848141967,2025-05-13,2026-05-13,127935.84,3911.33
1092,3,POL-184519208,2025-07-08,2026-07-08,495827.11,4148.75
1093,9,POL-496538519,2025-11-01,2026-11-01,433365.91,1616.5
1094,10,POL-568459340,2024-11-30,2025-11-30,76579.01,3345.89
1095,6,POL-107528799,2026-04-07,2027-04-07,333064.35,2668.34
1096,10,POL-257502259,2025-05-04,2026-05-04,412210.01,852.2
1097,7,POL-122725449,2024-11-20,2025-11-20,364892.62,3839.47
1098,6,POL-503079582,2026-01-04,2027-01-04,415550.15,3847.49
1099,3,POL-677239677,2025-01-19,2026-01-19,285423.09,2708.29
1100,4,POL-907516380,2025-06-07,2026-06-07,302293.81,2412.29
1101,10,POL-267940990,2025-03-11,2026-03-11,199344.68,3840.09
1102,1,POL-722917648,2025-04-23,2026-04-23,262719.44,4550.6
1103,5,POL-614544029,2024-06-02,2025-06-02,411710.97,3582.09
1104,8,POL-956505848,2024-07-20,2025-07-20,496984.31,6126.88
1105,1,POL-492283560,2024-12-28,2025-12-28,101430.16,4546.87
1106,2,POL-293511748,2025-10-23,2026-10-23,291221.48,6802.28
1107,3,POL-369380584,2025-08-29,2026-08-29,305610.49,1660.87
1108,2,POL-070435175,2025-03-05,2026-03-05,453976.81,6302.38
1109,5,POL-172610845,2025-08-09,2026-08-09,443416.02,2210.29
1110,1,POL-147961265,2025-03-09,2026-03-09,154156.56,4520.83
1111,1,POL-899755853,2024-06-28,2025-06-28,300695.16,1717.48
1112,3,POL-997881668,2026-03-02,2027-03-02,187278.04,1862.46
1113,4,POL-965119888,2025-08-30,2026-08-30,103190.31,7676.27
1114,4,POL-473217785,2025-04-13,2026-04-13,191610.03,709.6
1115,6,POL-747706085,2024-12-23,2025-12-23,454816.74,6520.74
1116,6,POL-883485643,2025-11-13,2026-11-13,429683.37,851.28
1117,10,POL-754115652,2026-04-01,2027-04-01,444673.39,2119.44
1118,6,POL-015626699,2025-05-03,2026-05-03,156166.35,6451.23
1119,1,POL-805279200,2025-06-20,2026-06-20,128497.44,3476.63
1120,9,POL-463164606,2025-07-05,2026-07-05,410316.5,6544.87
1121,5,POL-649323755,2026-05-06,2027-05-06,353668.45,1981.95
1122,4,POL-838833314,2025-10-12,2026-10-12,382425.45,2266.58
1123,3,POL-254859282,2025-07-22,2026-07-22,161380.76,2271.8
1124,3,POL-666534797,2025-11-18,2026-11-18,304205.84,1405.2
1125,9,POL-109002810,2026-03-23,2027-03-23,32793.1,4688.91
1126,9,POL-326661780,2024-06-20,2025-06-20,499914.19,2151.73
1127,3,POL-864499162,2025-05-29,2026-05-29,419193.58,6393.82
1128,5,POL-765029425,2026-04-19,2027-04-19,63423.62,7085.75
1129,1,POL-122915353,2024-07-07,2025-07-07,233278.89,2933.38
1130,10,POL-927197661,2025-04-21,2026-04-21,208554.46,7298.32
1131,10,POL-429338010,2025-02-21,2026-02-21,308548.87,1417.62
1132,1,POL-701774460,2025-12-02,2026-12-02,76594.11,2244.72
1133,8,POL-486491750,2025-06-21,2026-06-21,212714.48,971.93
1134,8,POL-312331534,2025-04-21,2026-04-21,168315.2,3224.88
1135,3,POL-621741037,2025-08-03,2026-08-03,51471.94,513.14
1136,3,POL-416486689,2025-02-01,2026-02-01,305742.83,6988.93
1137,2,POL-397327860,2025-07-06,2026-07-06,291851.46,7252.82
1138,6,POL-849635550,2024-09-16,2025-09-16,318624.38,6455.91
1139,10,POL-199149952,2024-07-11,2025-07-11,83570.76,3405.98
1140,2,POL-595301965,2025-01-13,2026-01-13,357435.5,1159.05
1141,6,POL-705944599,2024-12-07,2025-12-07,131417.18,3445.95
1142,7,POL-521020388,2024-08-04,2025-08-04,430386.03,2482.93
1143,6,POL-071360421,2025-09-22,2026-09-22,92549.49,6883.16
1144,7,POL-100468797,2024-09-03,2025-09-03,140899.77,1181.93
1145,3,POL-100848654,2025-02-05,2026-02-05,356585.37,7166.71
1146,7,POL-568622290,2024-09-28,2025-09-28,77823.45,6545.75
1147,4,POL-544171056,2026-04-19,2027-04-19,32695.86,4740.22
1148,3,POL-929369070,2025-05-21,2026-05-21,336725.49,7083.13
1149,5,POL-487235838,2026-01-22,2027-01-22,171394.42,1444.46
1150,1,POL-951752047,2025-08-28,2026-08-28,111704.89,5759.14
1151,2,POL-048307627,2025-05-11,2026-05-11,189839.78,2150.06
1152,6,POL-255382743,2026-02-21,2027-02-21,190220.35,2815.24
1153,5,POL-262250634,2025-07-05,2026-07-05,120744.19,6266.39
1154,2,POL-732301464,2025-06-14,2026-06-14,299305.61,1198.51
1155,4,POL-503809541,2025-03-28,2026-03-28,339771.38,775.21
1156,8,POL-203971010,2025-06-22,2026-06-22,252854.94,4893.73
1157,3,POL-433050980,2024-12-10,2025-12-10,145245.6,5001.53
1158,3,POL-934096008,2026-01-10,2027-01-10,199693.63,6033.49
1159,3,POL-684865584,2026-03-28,2027-03-28,93596.2,1110.02
1160,9,POL-527768575,2024-09-13,2025-09-13,133408.16,6621.65
1161,6,POL-644292775,2025-02-14,2026-02-14,356197.75,4501.72
1162,2,POL-932526749,2024-06-08,2025-06-08,303536.37,5993.25
1163,1,POL-221660952,2024-12-13,2025-12-13,165205.34,4524.76
1164,8,POL-149871420,2024-10-09,2025-10-09,39894.73,4144.59
1165,7,POL-357779312,2025-11-08,2026-11-08,418167.11,1906.88
1166,4,POL-493863623,2024-11-24,2025-11-24,442701.25,6157.41
1167,10,POL-755337347,2026-05-20,2027-05-20,302992.53,4642.24
1168,6,POL-630658582,2026-05-11,2027-05-11,65732.0,7031.81
1169,1,POL-654699158,2025-04-19,2026-04-19,99645.99,3951.25
1170,9,POL-303785814,2025-07-13,2026-07-13,339445.84,7696.27
1171,5,POL-429836876,2025-09-24,2026-09-24,47518.43,4350.22
1172,9,POL-075056115,2024-08-14,2025-08-14,397092.87,3130.51
1173,9,POL-551074981,2026-04-15,2027-04-15,274594.31,6704.52
1174,9,POL-696115889,2025-07-08,2026-07-08,102462.2,6288.77
1175,7,POL-718729701,2024-06-12,2025-06-12,361088.7,4031.48
1176,7,POL-683156242,2025-11-07,2026-11-07,398497.33,536.72
1177,9,POL-051169769,2024-07-06,2025-07-06,147740.23,4065.14
1178,10,POL-435268219,2024-05-30,2025-05-30,393880.95,3154.34
1179,4,POL-471902327,2026-01-12,2027-01-12,433886.5,5246.12
1180,6,POL-073257592,2025-10-21,2026-10-21,373814.63,1009.16
1181,10,POL-230348990,2024-08-19,2025-08-19,208059.26,4621.41
1182,3,POL-431721046,2025-01-15,2026-01-15,108112.11,3062.76
1183,2,POL-118670198,2024-10-23,2025-10-23,275976.15,3080.28
1184,7,POL-350544593,2025-05-19,2026-05-19,100641.27,7110.21
1185,5,POL-131254709,2024-08-10,2025-08-10,234666.62,4598.78
1186,4,POL-341350540,2025-07-21,2026-07-21,302711.55,2314.84
1187,3,POL-647186294,2025-04-16,2026-04-16,330137.16,1088.86
1188,3,POL-813145394,2024-10-10,2025-10-10,400601.08,2267.2
1189,5,POL-072078458,2025-07-01,2026-07-01,61850.97,4729.96
1190,3,POL-840222776,2024-12-11,2025-12-11,305130.39,6389.26
1191,10,POL-218066725,2025-10-06,2026-10-06,357039.51,3573.04
1192,3,POL-934445190,2024-09-29,2025-09-29,419108.13,3769.72
1193,3,POL-742108306,2025-03-15,2026-03-15,216756.48,401.88
1194,6,POL-443710842,2024-10-22,2025-10-22,417454.99,799.88
1195,10,POL-542373534,2025-01-20,2026-01-20,193427.12,1875.96
1196,2,POL-724868983,2025-07-10,2026-07-10,249062.74,2566.31
1197,1,POL-535022774,2024-09-21,2025-09-21,29006.27,2160.15
1198,2,POL-903384713,2025-09-10,2026-09-10,43953.08,6177.96
1199,10,POL-058775222,2026-04-01,2027-04-01,125410.89,3217.59
1200,4,POL-200402342,2025-12-20,2026-12-20,278596.79,1750.04
1201,3,POL-033873845,2026-04-28,2027-04-28,162981.74,3923.97
1202,2,POL-350021563,2026-03-26,2027-03-26,475826.1,2088.67
1203,1,POL-666943658,2025-06-23,2026-06-23,353517.36,3591.03
1204,1,POL-949199785,2025-02-21,2026-02-21,467246.83,1491.1
1205,8,POL-134455329,2026-02-04,2027-02-04,336356.4,2834.82
1206,5,POL-737594283,2025-03-03,2026-03-03,212111.97,7418.36
1207,7,POL-886166633,2024-07-26,2025-07-26,418857.66,817.19
1208,7,POL-280911541,2026-01-07,2027-01-07,437748.03,3371.01
1209,4,POL-249770549,2025-02-24,2026-02-24,360181.54,5820.53
1210,6,POL-406547651,2024-08-14,2025-08-14,24955.22,4750.57
1211,4,POL-674907535,2026-05-07,2027-05-07,242253.84,1919.13
1212,7,POL-834562933,2024-08-05,2025-08-05,63263.22,6678.83
1213,3,POL-956515822,2024-12-29,2025-12-29,431547.05,5517.05
1214,4,POL-309476059,2025-10-20,2026-10-20,491858.62,7134.05
1215,7,POL-656124983,2025-03-31,2026-03-31,75039.77,5286.15
1216,10,POL-441467969,2024-11-07,2025-11-07,144308.1,5815.39
1217,7,POL-389252914,2025-11-09,2026-11-09,163841.73,7534.05
1218,2,POL-373529083,2025-09-04,2026-09-04,206762.92,2497.77
1219,5,POL-168674478,2024-07-23,2025-07-23,75826.02,6091.38
1220,8,POL-873207181,2026-05-14,2027-05-14,105765.02,3971.0
1221,7,POL-694418269,2026-05-06,2027-05-06,271212.27,4022.23
1222,7,POL-187015398,2025-05-22,2026-05-22,449261.89,6115.59
1223,7,POL-405419199,2025-09-27,2026-09-27,432153.47,1984.05
1224,5,POL-985117426,2025-07-23,2026-07-23,310114.48,1768.46
1225,1,POL-227404512,2024-07-20,2025-07-20,413018.94,7088.0
1226,2,POL-858937081,2026-01-23,2027-01-23,247223.11,6923.44
1227,2,POL-357431891,2024-06-28,2025-06-28,265566.59,3754.49
1228,2,POL-492460128,2024-06-19,2025-06-19,421228.85,4157.55
1229,10,POL-499726315,2025-08-24,2026-08-24,291023.33,1710.51
1230,3,POL-108667042,2024-06-30,2025-06-30,39764.66,1682.12
1231,9,POL-579035406,2025-11-12,2026-11-12,125212.49,2738.16
1232,5,POL-823598488,2024-12-06,2025-12-06,57329.32,4171.2
1233,4,POL-691864841,2026-03-19,2027-03-19,148960.75,3655.84
1234,6,POL-123496059,2026-05-17,2027-05-17,402142.67,4207.47
1235,7,POL-370627235,2026-03-08,2027-03-08,294847.76,3809.63
1236,1,POL-436113887,2024-09-01,2025-09-01,99443.74,7043.51
1237,9,POL-571629847,2024-07-04,2025-07-04,197467.1,2113.0
1238,3,POL-487009646,2025-11-09,2026-11-09,220650.38,4715.43
1239,5,POL-699483856,2024-08-17,2025-08-17,350342.92,1714.47
1240,9,POL-166858677,2025-11-02,2026-11-02,228259.25,5766.34
1241,2,POL-532497539,2025-06-12,2026-06-12,333361.74,7842.32
1242,1,POL-361999326,2024-10-22,2025-10-22,305897.66,2126.24
1243,6,POL-386157423,2025-11-08,2026-11-08,320394.3,2778.44
1244,5,POL-837803717,2026-02-14,2027-02-14,103702.92,3370.19
1245,5,POL-658807461,2024-07-15,2025-07-15,132538.8,6329.75
1246,10,POL-046545656,2025-10-09,2026-10-09,27681.65,6465.43
1247,10,POL-636381392,2025-03-03,2026-03-03,394886.01,4024.86
1248,2,POL-223042103,2025-12-26,2026-12-26,145688.12,3647.79
1249,5,POL-982048793,2025-05-17,2026-05-17,254589.8,5321.33
1250,7,POL-012335793,2025-05-22,2026-05-22,373778.82,2631.36
1251,8,POL-759012929,2025-11-15,2026-11-15,262490.64,7289.62
1252,5,POL-929201337,2026-01-21,2027-01-21,152387.54,3873.48
1253,7,POL-457408507,2024-06-02,2025-06-02,369315.89,1025.89
1254,8,POL-911392823,2025-10-21,2026-10-21,424755.85,7718.94
1255,6,POL-696493826,2026-02-20,2027-02-20,441665.73,2348.69
1256,7,POL-138003383,2025-07-07,2026-07-07,427558.24,1398.44
1257,7,POL-673614047,2026-01-20,2027-01-20,382408.81,3471.4
1258,2,POL-194561581,2025-09-27,2026-09-27,196516.64,2656.7
1259,2,POL-106994292,2025-05-27,2026-05-27,269344.26,6605.22
1260,10,POL-319789589,2024-09-19,2025-09-19,294201.62,7531.71
1261,3,POL-201089810,2024-10-23,2025-10-23,237349.5,7426.22
1262,3,POL-322747830,2025-05-09,2026-05-09,296895.04,1235.97
1263,9,POL-441088344,2024-07-28,2025-07-28,167871.41,711.67
1264,8,POL-537424941,2024-11-22,2025-11-22,331909.8,6765.97
1265,7,POL-858477023,2026-01-03,2027-01-03,29808.26,7819.83
1266,6,POL-831091571,2025-07-23,2026-07-23,217710.78,7105.5
1267,1,POL-104397923,2025-08-02,2026-08-02,181981.24,677.44
1268,4,POL-102425059,2026-05-01,2027-05-01,233219.37,7352.84
1269,10,POL-310626844,2025-10-07,2026-10-07,264414.11,2005.68
1270,7,POL-877689617,2026-03-08,2027-03-08,251862.55,3744.24
1271,4,POL-872962042,2026-03-31,2027-03-31,30681.52,3474.59
1272,2,POL-758101410,2025-12-05,2026-12-05,283036.95,1430.86
1273,3,POL-825923065,2025-11-02,2026-11-02,221902.26,7147.68
1274,8,POL-768251528,2024-08-01,2025-08-01,457387.79,5282.04
1275,2,POL-049605469,2025-06-02,2026-06-02,314868.02,6260.34
1276,8,POL-084951704,2024-06-09,2025-06-09,263880.92,4253.71
1277,6,POL-047308788,2024-08-22,2025-08-22,124654.39,6175.45
1278,10,POL-526322844,2026-01-13,2027-01-13,408002.32,754.85
1279,8,POL-335802103,2024-08-15,2025-08-15,380686.34,4752.07
1280,4,POL-700233582,2025-05-09,2026-05-09,166246.37,6580.37
1281,9,POL-062741570,2024-10-14,2025-10-14,352927.77,7000.28
1282,9,POL-832860416,2026-03-07,2027-03-07,382850.67,7904.33
1283,1,POL-354349189,2024-08-04,2025-08-04,376107.67,2793.34
1284,6,POL-455746433,2024-09-10,2025-09-10,427117.05,6813.2
1285,5,POL-040305818,2026-05-16,2027-05-16,294080.82,1456.39
1286,2,POL-853506292,2024-08-17,2025-08-17,353345.27,845.99
1287,9,POL-809949194,2025-02-10,2026-02-10,222841.97,5721.21
1288,2,POL-733312938,2025-12-09,2026-12-09,281631.22,3451.19
1289,8,POL-556850220,2025-02-25,2026-02-25,34274.98,3369.73
1290,3,POL-053847927,2025-09-01,2026-09-01,422689.23,6195.28
1291,7,POL-132465183,2025-07-31,2026-07-31,386242.89,4791.89
1292,1,POL-914612014,2025-10-04,2026-10-04,247791.95,7570.64
1293,10,POL-798340077,2024-06-21,2025-06-21,299050.07,6227.21
1294,9,POL-601083173,2025-12-20,2026-12-20,422866.59,1008.7
1295,10,POL-996321553,2025-01-03,2026-01-03,411872.52,7471.71
1296,8,POL-397531752,2025-09-10,2026-09-10,77599.06,1569.78
1297,6,POL-861224000,2026-01-10,2027-01-10,483572.24,6247.93
1298,4,POL-937581835,2024-08-29,2025-08-29,242552.27,3877.31
1299,1,POL-022874089,2024-06-19,2025-06-19,276268.86,6649.92
1300,5,POL-784235180,2025-05-16,2026-05-16,313158.06,1704.28
1301,10,POL-264214928,2025-10-22,2026-10-22,160129.63,629.57
1302,10,POL-416344779,2025-10-23,2026-10-23,277069.87,7647.97
1303,4,POL-796939205,2026-04-02,2027-04-02,486788.55,1061.95
1304,4,POL-157045330,2025-02-16,2026-02-16,479667.81,2698.9
1305,10,POL-494815988,2024-12-20,2025-12-20,352317.91,1258.46
1306,6,POL-687443373,2026-01-19,2027-01-19,392041.96,5039.77
1307,7,POL-402903008,2024-08-12,2025-08-12,235827.75,7953.52
1308,10,POL-039111407,2024-08-08,2025-08-08,106223.47,5088.67
1309,9,POL-978621634,2025-01-29,2026-01-29,230810.82,415.14
1310,5,POL-430534475,2025-05-27,2026-05-27,498192.39,4431.81
1311,5,POL-082382888,2026-03-06,2027-03-06,131360.12,7334.72
1312,5,POL-613719588,2024-08-02,2025-08-02,336170.7,2264.72
1313,1,POL-073271463,2026-02-08,2027-02-08,354739.87,6349.36
1314,2,POL-428468638,2025-02-01,2026-02-01,243636.04,4494.71
1315,7,POL-032383227,2025-04-12,2026-04-12,246308.47,6936.25
1316,1,POL-943274026,2024-07-06,2025-07-06,205455.02,3264.48
1317,5,POL-859245802,2025-02-04,2026-02-04,338395.37,5551.29
1318,6,POL-310818548,2024-11-11,2025-11-11,443853.53,4410.55
1319,1,POL-514388273,2025-11-07,2026-11-07,69418.95,5343.73
1320,5,POL-490994471,2025-05-14,2026-05-14,443592.49,4814.98
1321,3,POL-132406214,2025-06-17,2026-06-17,452601.2,5370.77
1322,2,POL-133547337,2026-05-01,2027-05-01,177712.43,1917.82
1323,8,POL-555634814,2024-07-04,2025-07-04,391861.12,1269.73
1324,1,POL-577180749,2024-08-14,2025-08-14,469719.56,7827.68
1325,7,POL-396652851,2024-08-29,2025-08-29,322789.17,723.24
1326,1,POL-190827457,2025-09-02,2026-09-02,117721.8,4300.15
1327,9,POL-659925076,2024-12-10,2025-12-10,35093.83,5268.73
1328,2,POL-373643537,2026-02-18,2027-02-18,238045.57,3456.04
1329,9,POL-146307009,2024-08-13,2025-08-13,99490.11,7588.61
1330,9,POL-830428632,2026-05-14,2027-05-14,103449.56,7012.9
1331,5,POL-026557474,2024-11-14,2025-11-14,419803.32,6802.6
1332,6,POL-936673521,2025-10-04,2026-10-04,381087.64,629.45
1333,1,POL-834028974,2025-03-11,2026-03-11,239668.77,4324.19
1334,10,POL-939349647,2025-12-14,2026-12-14,483651.59,7630.71
1335,3,POL-935395621,2026-01-01,2027-01-01,327961.25,3948.64
1336,5,POL-426267188,2025-11-16,2026-11-16,62632.31,3584.01
1337,1,POL-267013619,2025-08-06,2026-08-06,223031.53,4901.76
1338,2,POL-673221775,2024-07-29,2025-07-29,365231.53,7122.64
1339,7,POL-144772045,2025-07-28,2026-07-28,432118.19,1703.33
1340,8,POL-376979162,2024-11-03,2025-11-03,214949.36,1406.48
1341,9,POL-243960630,2025-04-24,2026-04-24,35884.93,1414.36
1342,1,POL-798233891,2024-06-20,2025-06-20,135251.72,1312.36
1343,1,POL-735639211,2025-05-04,2026-05-04,325089.26,6513.93
1344,7,POL-781626987,2025-05-26,2026-05-26,113416.8,7250.3
1345,5,POL-510597344,2025-04-08,2026-04-08,154693.3,2059.4
1346,10,POL-685009479,2025-12-14,2026-12-14,203112.89,5347.3
1347,5,POL-792936166,2025-09-29,2026-09-29,180323.78,4366.6
1348,8,POL-908792968,2026-02-13,2027-02-13,451995.33,1017.29
1349,1,POL-636776396,2026-05-17,2027-05-17,373176.66,2643.79
1350,3,POL-527360075,2025-02-28,2026-02-28,163163.16,5397.98
1351,6,POL-408413838,2025-02-15,2026-02-15,123175.82,4934.7
1352,10,POL-117528207,2025-07-16,2026-07-16,63211.89,7437.86
1353,4,POL-779886182,2025-08-02,2026-08-02,240094.09,2289.69
1354,3,POL-166402802,2025-02-20,2026-02-20,284633.46,2423.58
1355,8,POL-802224466,2026-03-04,2027-03-04,214433.14,6604.35
1356,1,POL-651758666,2024-07-22,2025-07-22,139964.28,3263.09
1357,8,POL-657043883,2026-05-18,2027-05-18,20369.2,7379.01
1358,5,POL-923840991,2024-10-14,2025-10-14,136295.86,2818.66
1359,5,POL-691764985,2024-10-06,2025-10-06,40173.75,3096.93
1360,7,POL-427359840,2025-04-15,2026-04-15,142804.25,6129.63
1361,9,POL-705472092,2025-10-01,2026-10-01,411273.21,6402.27
1362,5,POL-652967947,2025-04-04,2026-04-04,346241.44,7778.82
1363,7,POL-916680731,2024-08-11,2025-08-11,416993.14,2467.03
1364,9,POL-001797766,2025-11-04,2026-11-04,282456.49,1303.31
1365,10,POL-002200364,2026-04-11,2027-04-11,236849.33,4187.94
1366,9,POL-382235522,2025-12-09,2026-12-09,197330.57,7536.93
1367,7,POL-412456212,2024-06-13,2025-06-13,217334.66,7992.88
1368,3,POL-025409411,2025-11-15,2026-11-15,130794.12,692.15
1369,7,POL-965452551,2026-02-28,2027-02-28,407262.65,4992.82
1370,10,POL-656983649,2025-04-13,2026-04-13,485674.88,3498.92
1371,10,POL-092628975,2026-04-10,2027-04-10,55371.27,3233.53
1372,5,POL-720314306,2025-09-29,2026-09-29,292134.86,4082.97
1373,3,POL-328858994,2024-08-04,2025-08-04,84746.45,783.78
1374,5,POL-990699818,2025-04-18,2026-04-18,109277.72,4385.7
1375,3,POL-371044907,2025-07-10,2026-07-10,99577.07,3521.54
1376,10,POL-136468906,2024-08-01,2025-08-01,81829.22,3317.12
1377,7,POL-878580391,2025-10-24,2026-10-24,54882.3,3848.16
1378,10,POL-779053875,2024-09-03,2025-09-03,300035.3,1744.6
1379,6,POL-895342970,2024-07-17,2025-07-17,200938.56,7888.03
1380,10,POL-773380041,2024-11-07,2025-11-07,335506.06,1572.83
1381,10,POL-326944104,2024-11-26,2025-11-26,399740.25,5978.52
1382,4,POL-320086586,2025-12-03,2026-12-03,123361.4,6111.37
1383,8,POL-334878193,2024-09-27,2025-09-27,435277.43,3438.61
1384,9,POL-211474675,2024-12-27,2025-12-27,242715.83,4165.28
1385,10,POL-732514156,2026-02-09,2027-02-09,109899.71,7364.37
1386,7,POL-312432197,2024-07-13,2025-07-13,25931.51,1322.78
1387,5,POL-247617403,2025-07-15,2026-07-15,272092.1,771.3
1388,5,POL-300568417,2025-01-17,2026-01-17,449702.15,6579.55
1389,2,POL-340697541,2024-09-14,2025-09-14,177137.9,4983.73
1390,4,POL-263015089,2024-11-05,2025-11-05,488503.16,4956.13
1391,3,POL-983092213,2024-08-27,2025-08-27,495700.22,3458.63
1392,1,POL-704503860,2024-10-21,2025-10-21,22121.13,905.39
1393,5,POL-943062873,2025-05-20,2026-05-20,43841.76,7839.55
1394,8,POL-512951972,2025-12-07,2026-12-07,466374.2,1515.64
1395,10,POL-558679316,2025-06-19,2026-06-19,367700.82,7573.6
1396,5,POL-027863487,2026-03-14,2027-03-14,375771.79,5426.15
1397,1,POL-561280695,2026-01-08,2027-01-08,437943.29,5956.28
1398,10,POL-211095316,2026-04-02,2027-04-02,53944.14,2683.94
1399,1,POL-566785971,2026-02-08,2027-02-08,117980.12,6567.61
1400,8,POL-112928810,2024-10-24,2025-10-24,174270.64,7248.61
1401,9,POL-385247965,2024-12-06,2025-12-06,245637.11,652.11
1402,10,POL-545085548,2025-10-08,2026-10-08,279270.17,5297.65
1403,7,POL-598069043,2025-06-05,2026-06-05,162618.89,6041.35
1404,3,POL-878889994,2025-07-20,2026-07-20,162488.71,486.31
1405,10,POL-844060269,2025-08-20,2026-08-20,485418.08,5332.13
1406,1,POL-095940521,2025-11-26,2026-11-26,268923.3,2174.85
1407,4,POL-899020777,2026-05-06,2027-05-06,34870.52,7486.91
1408,7,POL-881530293,2024-10-11,2025-10-11,225491.43,7562.31
1409,2,POL-677052979,2024-10-21,2025-10-21,318744.92,2383.74
1410,10,POL-384127913,2024-08-30,2025-08-30,212325.81,7356.84
1411,10,POL-332588840,2024-09-04,2025-09-04,471279.23,6687.35
1412,9,POL-162742212,2024-12-31,2025-12-31,462184.15,7840.38
1413,1,POL-115444850,2025-09-26,2026-09-26,331536.8,6915.53
1414,7,POL-461016810,2024-09-06,2025-09-06,276295.09,7083.04
1415,2,POL-377973095,2025-05-19,2026-05-19,247451.87,3170.16
1416,1,POL-460737204,2026-04-10,2027-04-10,235313.55,3504.53
1417,2,POL-240440121,2024-06-21,2025-06-21,469494.7,3672.66
1418,6,POL-563436145,2025-04-13,2026-04-13,489521.96,1562.31
1419,5,POL-012904312,2025-02-13,2026-02-13,427795.57,451.13
1420,4,POL-686677564,2025-06-13,2026-06-13,401793.29,2735.89
1421,5,POL-983633209,2025-03-10,2026-03-10,77847.67,1641.59
1422,4,POL-168531999,2024-12-15,2025-12-15,482895.27,5390.53
1423,8,POL-870146187,2024-05-24,2025-05-24,337028.55,2799.69
1424,7,POL-027392467,2026-02-27,2027-02-27,66527.9,793.91
1425,8,POL-314642508,2025-06-20,2026-06-20,258016.68,5281.96
1426,2,POL-232439696,2026-01-04,2027-01-04,258237.95,7777.18
1427,1,POL-477323724,2026-02-04,2027-02-04,128362.76,1054.82
1428,10,POL-929213324,2026-02-14,2027-02-14,385661.67,1762.97
1429,1,POL-618694605,2026-04-16,2027-04-16,90374.12,2934.8
1430,10,POL-274505695,2025-03-08,2026-03-08,377221.21,4837.1
1431,2,POL-261691343,2025-09-22,2026-09-22,303577.42,4318.84
1432,4,POL-812580256,2025-08-25,2026-08-25,120784.26,706.39
1433,5,POL-974760440,2024-09-23,2025-09-23,371245.95,6558.77
1434,5,POL-414265626,2024-12-26,2025-12-26,152029.6,3809.01
1435,9,POL-604643007,2024-07-13,2025-07-13,312288.18,6325.95
1436,8,POL-766053139,2024-09-17,2025-09-17,227000.92,3773.88
1437,9,POL-837476693,2025-10-18,2026-10-18,219671.75,1377.9
1438,4,POL-724242784,2025-05-18,2026-05-18,171302.36,899.24
1439,1,POL-128761282,2025-12-16,2026-12-16,352077.55,3975.31
1440,6,POL-124998779,2025-03-30,2026-03-30,56583.84,6153.62
1441,2,POL-481940681,2025-07-11,2026-07-11,397485.25,5187.05
1442,9,POL-756104086,2024-09-29,2025-09-29,429599.41,7809.91
1443,2,POL-325868481,2025-05-03,2026-05-03,251994.21,2215.58
1444,3,POL-247165693,2024-06-14,2025-06-14,434661.43,4907.48
1445,2,POL-865120541,2025-08-25,2026-08-25,148632.58,3314.8
1446,5,POL-280786477,2025-02-06,2026-02-06,37778.91,6585.97
1447,9,POL-696202336,2024-05-28,2025-05-28,401497.21,4267.51
1448,6,POL-065381378,2024-08-22,2025-08-22,186232.03,6039.11
1449,2,POL-623543512,2025-07-30,2026-07-30,174061.25,6747.28
1450,5,POL-045896385,2025-07-27,2026-07-27,150199.28,6485.83
1451,7,POL-524050045,2026-01-26,2027-01-26,341156.9,2291.46
1452,2,POL-066605880,2025-12-20,2026-12-20,462476.24,756.37
1453,8,POL-924398158,2025-07-20,2026-07-20,414203.92,420.47
1454,5,POL-322570211,2025-08-23,2026-08-23,25427.8,2268.31
1455,1,POL-660289281,2025-03-19,2026-03-19,364075.75,2823.89
1456,5,POL-896569178,2024-11-27,2025-11-27,76270.24,2499.81
1457,1,POL-548361153,2024-08-11,2025-08-11,497341.29,2289.7
1458,9,POL-366449347,2025-07-04,2026-07-04,91813.43,1018.91
1459,9,POL-303426784,2025-10-17,2026-10-17,31584.15,1988.45
1460,7,POL-661155681,2026-01-06,2027-01-06,208955.0,1618.42
1461,1,POL-096405787,2026-03-07,2027-03-07,134502.75,3225.28
1462,9,POL-601782961,2026-02-02,2027-02-02,286247.81,5602.14
1463,5,POL-473074802,2026-02-14,2027-02-14,321604.18,5669.64
1464,1,POL-727301996,2025-04-21,2026-04-21,336834.31,4459.75
1465,1,POL-946521745,2025-08-22,2026-08-22,92744.85,2844.89
1466,10,POL-589884386,2025-09-11,2026-09-11,354950.97,1088.13
1467,7,POL-438068414,2025-07-07,2026-07-07,155592.59,3723.7
1468,10,POL-955738156,2025-02-20,2026-02-20,119190.37,1948.3
1469,4,POL-997281561,2025-10-29,2026-10-29,184421.98,3573.18
1470,4,POL-023276391,2024-10-07,2025-10-07,46637.01,1843.04
1471,8,POL-949739768,2025-03-07,2026-03-07,163990.91,6860.03
1472,9,POL-659647181,2025-04-27,2026-04-27,455783.87,7240.02
1473,7,POL-753409619,2025-09-27,2026-09-27,253943.36,4242.48
1474,10,POL-975117563,2026-03-15,2027-03-15,288026.79,7942.24
1475,1,POL-440602109,2026-01-13,2027-01-13,306358.81,711.8
1476,2,POL-626969672,2024-08-05,2025-08-05,307752.9,5075.02
1477,9,POL-783322637,2025-12-08,2026-12-08,422765.93,6649.67
1478,5,POL-968243698,2024-10-15,2025-10-15,435513.31,999.34
1479,4,POL-200678972,2026-04-14,2027-04-14,346759.74,7319.56
1480,7,POL-156914701,2025-03-27,2026-03-27,201714.71,1131.49
1481,9,POL-839454164,2024-09-15,2025-09-15,152324.98,2972.63
1482,1,POL-715006652,2025-03-01,2026-03-01,184596.91,6482.6
1483,4,POL-300455786,2025-06-28,2026-06-28,109505.95,1306.72
1484,10,POL-592222006,2025-06-17,2026-06-17,334974.93,645.85
1485,8,POL-597741442,2026-03-31,2027-03-31,403385.79,5508.99
1486,3,POL-180342068,2025-09-01,2026-09-01,90435.23,2782.9
1487,10,POL-217046687,2025-04-29,2026-04-29,454392.24,5553.72
1488,8,POL-081796211,2025-09-04,2026-09-04,249155.39,2472.04
1489,5,POL-712304658,2026-04-21,2027-04-21,162207.62,5920.71
1490,1,POL-659980166,2024-11-04,2025-11-04,434500.74,5559.61
1491,3,POL-136622208,2025-02-08,2026-02-08,460896.26,7205.04
1492,2,POL-102130509,2025-02-21,2026-02-21,233020.66,882.78
1493,7,POL-399478348,2026-03-31,2027-03-31,378030.97,6653.84
1494,10,POL-460824740,2025-06-26,2026-06-26,182700.07,2253.49
1495,5,POL-794344417,2026-05-17,2027-05-17,222187.78,6424.31
1496,7,POL-666196213,2026-01-14,2027-01-14,498945.04,1405.26
1497,7,POL-392950197,2024-09-24,2025-09-24,106304.95,2883.05
1498,10,POL-103216580,2026-01-05,2027-01-05,200444.92,421.1
1499,4,POL-726705119,2026-05-04,2027-05-04,488587.06,1447.8
1500,7,POL-883090458,2024-11-03,2025-11-03,55362.77,4463.12
1501,1,POL-729193042,2024-07-25,2025-07-25,82275.14,4094.83
1502,9,POL-018590527,2025-12-13,2026-12-13,455463.66,445.13
1503,7,POL-187656722,2024-11-05,2025-11-05,268129.57,767.98
1504,1,POL-286503841,2024-12-09,2025-12-09,208817.95,715.63
1505,7,POL-959922249,2024-07-01,2025-07-01,134578.88,6702.19
1506,6,POL-444066159,2024-09-30,2025-09-30,41128.06,5955.1
1507,2,POL-220976486,2025-08-26,2026-08-26,330550.09,3659.9
1508,1,POL-382559143,2024-07-10,2025-07-10,319445.27,4867.04
1509,1,POL-117245605,2024-09-29,2025-09-29,432598.93,4858.48
1510,10,POL-208086178,2024-07-18,2025-07-18,76767.5,1653.31
1511,4,POL-713538473,2024-05-24,2025-05-24,326765.38,1488.03
1512,3,POL-420570365,2024-09-09,2025-09-09,31186.63,2393.42
1513,3,POL-592570727,2025-07-12,2026-07-12,350508.59,6232.18
1514,8,POL-929046998,2026-01-28,2027-01-28,383348.54,4720.02
1515,10,POL-117213702,2025-11-26,2026-11-26,196000.68,6916.76
1516,10,POL-167167270,2025-10-18,2026-10-18,331648.29,1818.71
1517,7,POL-410262108,2024-09-10,2025-09-10,39996.81,5136.94
1518,9,POL-832091431,2024-10-20,2025-10-20,226583.84,1411.16
1519,8,POL-384153118,2026-01-25,2027-01-25,187432.1,6591.93
1520,8,POL-307313972,2025-07-31,2026-07-31,468533.48,5428.06
1521,5,POL-872877130,2025-07-12,2026-07-12,409433.72,7859.27
1522,10,POL-387680900,2024-12-30,2025-12-30,476873.25,733.22
1523,5,POL-779642770,2025-11-15,2026-11-15,378639.98,7716.1
1524,5,POL-785253991,2025-08-09,2026-08-09,352873.18,7435.54
1525,4,POL-854131744,2024-10-07,2025-10-07,266621.46,1345.1
1526,1,POL-519544233,2025-06-19,2026-06-19,322698.42,1317.89
1527,9,POL-025885510,2024-11-29,2025-11-29,305716.62,3043.74
1528,6,POL-921710874,2025-06-11,2026-06-11,274108.41,2553.79
1529,5,POL-315996460,2025-06-18,2026-06-18,385802.75,3425.84
1530,7,POL-725477753,2025-07-05,2026-07-05,95312.13,1675.84
1531,6,POL-817683532,2026-04-14,2027-04-14,91715.87,4149.26
1532,8,POL-811016219,2024-12-10,2025-12-10,45119.8,5715.53
1533,7,POL-744693168,2025-06-07,2026-06-07,25794.37,7768.26
1534,7,POL-516491907,2025-10-11,2026-10-11,69223.48,3591.99
1535,3,POL-445196492,2024-06-26,2025-06-26,168606.52,3615.23
1536,8,POL-066190174,2024-11-13,2025-11-13,25032.8,3811.71
1537,3,POL-425246719,2025-12-15,2026-12-15,383729.33,7253.66
1538,7,POL-647390875,2024-10-29,2025-10-29,27697.01,1895.23
1539,2,POL-898324359,2024-10-10,2025-10-10,195666.79,3175.26
1540,2,POL-513331695,2026-04-01,2027-04-01,199740.24,1912.76
1541,1,POL-323246935,2026-03-17,2027-03-17,52568.74,2151.04
1542,2,POL-697883777,2025-02-07,2026-02-07,223117.01,6548.12
1543,6,POL-043971888,2025-12-26,2026-12-26,223158.44,3036.14
1544,8,POL-271696564,2025-10-01,2026-10-01,294599.17,3237.99
1545,3,POL-539284034,2026-04-02,2027-04-02,142716.83,970.41
1546,4,POL-964544066,2025-05-13,2026-05-13,303550.7,2737.69
1547,10,POL-994253283,2025-06-05,2026-06-05,147367.18,5793.38
1548,5,POL-308011872,2025-03-09,2026-03-09,371323.0,3176.79
1549,2,POL-398302005,2024-08-13,2025-08-13,346404.52,2831.04
1550,8,POL-572386160,2026-04-29,2027-04-29,300091.83,2826.82
1551,8,POL-619136406,2024-07-17,2025-07-17,79091.96,7495.18
1552,2,POL-805184047,2025-07-30,2026-07-30,384066.21,7486.28
1553,10,POL-350318849,2026-03-17,2027-03-17,275128.21,3703.93
1554,5,POL-416322855,2025-04-24,2026-04-24,426853.95,3475.08
1555,4,POL-336602352,2025-03-16,2026-03-16,226248.89,3351.41
1556,2,POL-179211828,2026-02-19,2027-02-19,285789.91,1880.54
1557,6,POL-305102719,2025-07-16,2026-07-16,362471.87,4161.21
1558,9,POL-814796056,2024-06-04,2025-06-04,240802.91,4556.73
1559,1,POL-309479768,2024-09-02,2025-09-02,199642.55,3962.18
1560,3,POL-434645829,2025-06-11,2026-06-11,485873.2,7953.03
1561,8,POL-637333003,2025-01-14,2026-01-14,426831.19,6489.8
1562,2,POL-471662342,2025-11-06,2026-11-06,280189.22,2257.14
1563,1,POL-012819400,2025-02-14,2026-02-14,406741.14,1161.99
1564,3,POL-295207818,2024-08-10,2025-08-10,98692.35,4986.37
1565,7,POL-414656637,2025-05-19,2026-05-19,254657.08,2049.31
1566,3,POL-043737514,2024-06-24,2025-06-24,351297.55,4988.15
1567,8,POL-355462228,2024-11-11,2025-11-11,122096.69,5587.85
1568,4,POL-476600974,2026-02-28,2027-02-28,291450.76,6940.64
1569,5,POL-909126193,2025-12-15,2026-12-15,144356.61,1813.93
1570,9,POL-151418594,2025-02-20,2026-02-20,462348.5,2848.42
1571,3,POL-489656084,2024-07-03,2025-07-03,411429.03,7504.26
1572,8,POL-544956977,2025-03-01,2026-03-01,200509.79,6931.94
1573,3,POL-612340015,2025-02-10,2026-02-10,143977.91,3738.65
1574,4,POL-904015076,2024-08-28,2025-08-28,318535.74,5789.23
1575,4,POL-420121722,2024-09-20,2025-09-20,366046.42,6992.74
1576,3,POL-434220824,2024-06-22,2025-06-22,42432.37,2211.07
1577,3,POL-198577873,2026-04-28,2027-04-28,30411.72,1113.8
1578,1,POL-372307357,2024-12-20,2025-12-20,51324.16,5088.04
1579,4,POL-361877497,2024-08-03,2025-08-03,385349.78,1731.42
1580,5,POL-953525853,2025-06-02,2026-06-02,160800.84,2014.38
1581,5,POL-599515414,2026-01-04,2027-01-04,257429.13,936.58
1582,10,POL-043872430,2024-11-20,2025-11-20,272130.19,7159.88
1583,1,POL-848606414,2026-05-12,2027-05-12,403853.8,4072.86
1584,6,POL-250969337,2024-12-28,2025-12-28,433768.49,2894.74
1585,5,POL-790155088,2025-01-20,2026-01-20,351220.91,1363.97
1586,7,POL-639584545,2024-05-23,2025-05-23,47637.9,7437.45
1587,6,POL-529653704,2024-05-27,2025-05-27,229480.4,5641.92
1588,10,POL-809856835,2025-05-04,2026-05-04,53331.22,4588.47
1589,4,POL-183440275,2024-07-01,2025-07-01,79672.21,428.73
1590,7,POL-701429503,2025-02-12,2026-02-12,398529.16,7883.58
1591,4,POL-693683402,2025-08-26,2026-08-26,343248.62,1800.72
1592,7,POL-104549804,2026-02-22,2027-02-22,496589.7,5907.77
1593,3,POL-653493096,2025-03-03,2026-03-03,458533.26,4145.0
1594,8,POL-634916605,2025-03-19,2026-03-19,244093.82,1948.52
1595,2,POL-773904554,2025-11-16,2026-11-16,218800.39,5917.42
1596,1,POL-233193121,2024-10-10,2025-10-10,478371.98,3453.75
1597,5,POL-811038773,2025-10-30,2026-10-30,370454.36,614.91
1598,8,POL-800778981,2026-04-01,2027-04-01,21655.52,4644.69
1599,1,POL-687066688,2026-02-09,2027-02-09,134259.3,6461.54
1600,6,POL-331650983,2024-12-27,2025-12-27,314894.08,1687.94
1601,9,POL-812724901,2024-11-03,2025-11-03,402151.46,1428.07
1602,5,POL-405439346,2026-01-30,2027-01-30,60710.89,6663.1
1603,8,POL-898473843,2026-04-26,2027-04-26,399720.99,2661.08
1604,1,POL-372580153,2025-07-30,2026-07-30,83492.68,4170.05
1605,1,POL-584962003,2025-09-21,2026-09-21,344190.8,7000.92
1606,8,POL-302019268,2024-10-03,2025-10-03,395120.59,3187.86
1607,3,POL-601738555,2026-04-24,2027-04-24,225453.26,3593.88
1608,6,POL-051817614,2025-02-12,2026-02-12,293203.83,418.39
1609,7,POL-624436770,2024-09-16,2025-09-16,418595.1,504.83
1610,1,POL-110800264,2026-01-17,2027-01-17,137652.93,3476.77
1611,9,POL-359748956,2025-08-17,2026-08-17,337932.67,3111.91
1612,7,POL-527531779,2024-12-03,2025-12-03,443858.33,6445.52
1613,7,POL-053725656,2026-04-06,2027-04-06,369885.68,2548.71
1614,8,POL-373434889,2024-11-02,2025-11-02,148287.58,4922.1
1615,10,POL-000024201,2024-07-16,2025-07-16,120255.57,4372.66
1616,4,POL-776066259,2025-12-31,2026-12-31,490851.29,5712.27
1617,10,POL-787441128,2025-02-17,2026-02-17,346107.74,6089.07
1618,9,POL-421727421,2025-01-05,2026-01-05,359872.38,6800.06
1619,10,POL-940478913,2026-05-10,2027-05-10,399004.86,2358.42
1620,9,POL-161684989,2025-04-04,2026-04-04,225079.68,4878.51
1621,10,POL-126382794,2025-08-04,2026-08-04,446597.15,6585.39
1622,1,POL-550973330,2024-07-25,2025-07-25,436052.2,4938.84
1623,4,POL-870382429,2025-08-07,2026-08-07,88602.78,3568.79
1624,7,POL-270497344,2025-06-26,2026-06-26,162367.45,1369.45
1625,4,POL-634647496,2026-03-18,2027-03-18,488172.64,2355.18
1626,7,POL-913110152,2026-02-04,2027-02-04,68686.05,1166.42
1627,9,POL-181595881,2026-01-25,2027-01-25,301147.44,7502.66
1628,9,POL-688660882,2024-09-19,2025-09-19,406679.16,967.19
1629,2,POL-351139522,2024-11-08,2025-11-08,178181.27,2591.21
1630,6,POL-494570317,2025-01-13,2026-01-13,129429.65,523.76
1631,2,POL-101324707,2025-03-12,2026-03-12,107577.2,3823.27
1632,3,POL-814142375,2024-10-07,2025-10-07,85985.92,1867.63
1633,10,POL-454517330,2025-04-08,2026-04-08,486641.15,5744.31
1634,5,POL-548765781,2024-07-11,2025-07-11,470742.48,2681.3
1635,3,POL-591665517,2026-04-23,2027-04-23,183683.82,5835.01
1636,9,POL-864213601,2024-09-06,2025-09-06,354119.98,888.03
1637,9,POL-147222945,2025-05-09,2026-05-09,391688.6,4400.3
1638,3,POL-196516441,2024-10-16,2025-10-16,118414.18,4396.53
1639,9,POL-054008538,2025-06-27,2026-06-27,331487.14,839.35
1640,9,POL-094207961,2025-11-11,2026-11-11,486814.94,2604.94
1641,7,POL-909798965,2025-10-13,2026-10-13,270635.14,3321.59
1642,2,POL-131187087,2025-11-13,2026-11-13,493975.82,1919.46
1643,5,POL-157491671,2025-06-06,2026-06-06,296256.58,3212.59
1644,5,POL-567098667,2025-03-28,2026-03-28,244418.54,7844.52
1645,10,POL-885168203,2026-01-06,2027-01-06,277510.47,7010.79
1646,5,POL-528579401,2026-04-28,2027-04-28,207879.2,6123.09
1647,6,POL-541506898,2026-02-17,2027-02-17,267350.67,5618.91
1648,10,POL-188116787,2025-01-26,2026-01-26,149282.97,6290.34
1649,7,POL-808514966,2024-10-15,2025-10-15,112542.92,5554.86
1650,4,POL-716954023,2025-04-19,2026-04-19,486111.3,6908.0
1651,8,POL-342683969,2024-07-30,2025-07-30,93999.34,3401.78
1652,2,POL-713957001,2025-08-18,2026-08-18,44333.74,4526.82
1653,10,POL-451224023,2025-03-27,2026-03-27,442427.34,3570.57
1654,7,POL-789303814,2025-06-06,2026-06-06,212372.52,456.31
1655,7,POL-604096262,2025-11-07,2026-11-07,174872.73,7246.6
1656,8,POL-225953762,2026-03-15,2027-03-15,348504.23,3488.28
1657,5,POL-098532727,2024-08-17,2025-08-17,178661.11,5457.87
1658,9,POL-066754905,2025-12-30,2026-12-30,474570.53,2850.8
1659,6,POL-730375374,2026-04-08,2027-04-08,446464.39,3075.69
1660,3,POL-088306829,2025-02-20,2026-02-20,142287.54,3675.25
1661,1,POL-170496729,2024-11-29,2025-11-29,23287.32,3336.75
1662,8,POL-791916379,2024-12-27,2025-12-27,182037.67,6380.41
1663,7,POL-004720288,2025-06-09,2026-06-09,408011.18,6904.35
1664,5,POL-239797087,2025-07-03,2026-07-03,347980.81,3116.34
1665,7,POL-152424431,2025-05-06,2026-05-06,203654.97,2340.69
1666,2,POL-299321036,2024-06-24,2025-06-24,93875.0,7177.48
1667,5,POL-400925427,2025-05-02,2026-05-02,144805.81,6250.79
1668,10,POL-983181803,2024-06-09,2025-06-09,313578.73,7490.45
1669,1,POL-307148830,2025-12-11,2026-12-11,88985.74,6845.03
1670,4,POL-450827598,2026-04-04,2027-04-04,116763.64,3489.67
1671,9,POL-685819748,2026-01-04,2027-01-04,499093.54,529.11
1672,4,POL-467482232,2025-06-30,2026-06-30,421518.75,6636.43
1673,1,POL-642504647,2025-12-22,2026-12-22,370491.09,3840.03
1674,4,POL-742658840,2024-07-30,2025-07-30,215940.44,746.42
1675,10,POL-661245011,2026-04-30,2027-04-30,163183.54,7518.23
1676,3,POL-012418116,2025-04-04,2026-04-04,459827.34,4296.48
1677,7,POL-621096926,2024-06-30,2025-06-30,49166.31,743.69
1678,6,POL-168472020,2025-11-10,2026-11-10,371034.57,4508.24
1679,9,POL-141092443,2025-02-24,2026-02-24,127202.64,7871.71
1680,5,POL-540568642,2024-10-03,2025-10-03,378419.64,2015.69
1681,10,POL-617247273,2026-04-16,2027-04-16,25815.67,6253.2
1682,2,POL-897060446,2024-07-11,2025-07-11,415362.8,4014.79
1683,8,POL-374457199,2024-09-03,2025-09-03,436643.15,7386.65
1684,10,POL-673421421,2024-07-17,2025-07-17,441267.14,1425.46
1685,5,POL-078136649,2024-08-03,2025-08-03,181584.97,1561.71
1686,5,POL-907038394,2024-08-27,2025-08-27,72567.62,3155.6
1687,10,POL-134247064,2024-09-26,2025-09-26,149744.86,500.19
1688,6,POL-922257164,2025-09-21,2026-09-21,458899.02,3926.69
1689,6,POL-048952414,2024-06-28,2025-06-28,381685.28,3270.07
1690,8,POL-456466397,2024-11-01,2025-11-01,163594.46,4271.74
1691,1,POL-801206335,2024-07-20,2025-07-20,295057.71,4186.82
1692,4,POL-759979497,2026-04-05,2027-04-05,295057.85,5543.91
1693,6,POL-675646676,2025-01-08,2026-01-08,300549.43,5172.32
1694,9,POL-749134816,2025-03-09,2026-03-09,41675.55,5399.74
1695,7,POL-403242216,2026-03-24,2027-03-24,20523.09,5850.93
1696,5,POL-453244214,2026-05-19,2027-05-19,149727.13,5345.12
1697,1,POL-004983590,2025-03-10,2026-03-10,404686.77,7767.8
1698,6,POL-581983651,2026-01-24,2027-01-24,457446.83,4963.53
1699,3,POL-690591837,2025-12-02,2026-12-02,179419.3,2530.79
1700,1,POL-397900578,2025-03-20,2026-03-20,244949.04,6817.32
1701,3,POL-410807509,2024-10-28,2025-10-28,39617.13,1132.4
1702,8,POL-354513640,2025-01-20,2026-01-20,339194.19,3980.85
1703,9,POL-942208595,2024-08-22,2025-08-22,229657.46,3155.56
1704,6,POL-312155959,2024-05-24,2025-05-24,478720.4,1263.96
1705,5,POL-592419716,2025-08-14,2026-08-14,52012.97,7235.09
1706,5,POL-536018117,2025-03-05,2026-03-05,496846.31,5619.19
1707,3,POL-328032538,2025-12-04,2026-12-04,116703.96,4206.54
1708,3,POL-144917921,2024-10-16,2025-10-16,422767.55,2832.0
1709,9,POL-514811146,2025-09-13,2026-09-13,439420.13,5692.12
1710,5,POL-261173702,2025-07-01,2026-07-01,70890.17,3594.16
1711,4,POL-384503559,2024-08-20,2025-08-20,330417.36,2070.35
1712,7,POL-731312131,2025-08-03,2026-08-03,34941.43,5285.47
1713,9,POL-243466629,2026-05-02,2027-05-02,200837.06,5132.6
1714,5,POL-362153944,2024-08-12,2025-08-12,99558.25,3591.92
1715,8,POL-601461205,2024-06-02,2025-06-02,160417.06,4324.29
1716,2,POL-849844753,2025-10-30,2026-10-30,427667.13,3770.24
1717,1,POL-600748133,2025-08-18,2026-08-18,204295.56,1781.63
1718,10,POL-336941751,2025-02-17,2026-02-17,122545.49,7746.21
1719,2,POL-075658255,2025-05-24,2026-05-24,198334.62,7861.12
1720,9,POL-386861235,2024-11-29,2025-11-29,463195.01,6466.54
1721,2,POL-790507309,2025-12-04,2026-12-04,244994.74,4204.96
1722,5,POL-294856366,2024-07-07,2025-07-07,393890.91,7136.29
1723,6,POL-313962863,2025-03-14,2026-03-14,414417.11,4679.76
1724,7,POL-975470112,2024-10-19,2025-10-19,318971.62,4912.27
1725,1,POL-359393942,2024-07-23,2025-07-23,468110.81,7451.67
1726,4,POL-282881565,2026-03-11,2027-03-11,84088.43,5909.49
1727,4,POL-604028744,2025-11-17,2026-11-17,333806.42,1304.76
1728,10,POL-064813357,2025-04-24,2026-04-24,261241.72,4802.46
1729,3,POL-299244235,2025-06-08,2026-06-08,444273.66,2132.79
1730,10,POL-688439393,2025-12-10,2026-12-10,47174.73,5784.06
1731,7,POL-960626382,2025-09-22,2026-09-22,171852.04,2472.77
1732,9,POL-192947874,2024-11-07,2025-11-07,321289.94,3804.96
1733,9,POL-456031868,2025-02-06,2026-02-06,154672.63,3941.72
1734,8,POL-659279948,2026-03-09,2027-03-09,298843.98,5744.83
1735,2,POL-296454827,2024-08-14,2025-08-14,321017.55,3783.29
1736,8,POL-959119941,2025-05-20,2026-05-20,170700.89,1939.19
1737,9,POL-364477291,2026-01-18,2027-01-18,57149.08,6620.93
1738,9,POL-844014708,2024-08-18,2025-08-18,279577.72,5609.73
1739,8,POL-319617258,2024-09-29,2025-09-29,379494.54,3917.04
1740,2,POL-284427180,2026-02-07,2027-02-07,189316.33,892.49
1741,8,POL-591289951,2024-12-02,2025-12-02,309213.52,4639.48
1742,5,POL-744756365,2024-09-17,2025-09-17,197405.06,7905.5
1743,7,POL-837047023,2024-08-21,2025-08-21,100471.17,6683.48
1744,4,POL-125068212,2026-02-13,2027-02-13,262653.42,4583.75
1745,8,POL-358139795,2024-05-28,2025-05-28,217291.96,4390.94
1746,3,POL-624524055,2024-07-22,2025-07-22,480552.72,5607.88
1747,7,POL-723591998,2025-05-28,2026-05-28,58051.31,2207.24
1748,7,POL-552292977,2025-12-31,2026-12-31,347004.21,1771.09
1749,10,POL-259845855,2025-12-19,2026-12-19,33371.51,6857.91
1750,2,POL-220548729,2026-01-28,2027-01-28,282647.38,6535.33
1751,2,POL-989673353,2024-08-11,2025-08-11,94249.42,4709.75
1752,9,POL-632300171,2025-04-21,2026-04-21,271037.48,3340.95
1753,2,POL-557632951,2025-08-10,2026-08-10,265156.91,1416.99
1754,1,POL-621567486,2025-03-06,2026-03-06,331450.88,4112.25
1755,7,POL-470303663,2024-10-19,2025-10-19,206251.51,6179.23
1756,10,POL-860268717,2026-04-21,2027-04-21,37591.01,1300.0
1757,8,POL-840531886,2025-01-21,2026-01-21,301345.47,2067.79
1758,3,POL-522887617,2025-01-20,2026-01-20,302950.26,1494.24
1759,9,POL-460034105,2024-09-14,2025-09-14,311213.78,2155.36
1760,5,POL-828703517,2026-02-14,2027-02-14,454538.76,4286.49
1761,7,POL-949745009,2024-07-25,2025-07-25,337449.41,5016.79
1762,8,POL-644071253,2025-05-06,2026-05-06,462233.71,2243.84
1763,6,POL-611555240,2025-12-28,2026-12-28,41234.59,4130.31
1764,8,POL-782015811,2025-12-22,2026-12-22,265295.59,3544.62
1765,9,POL-083953116,2024-11-06,2025-11-06,395811.49,6974.24
1766,4,POL-515223450,2025-09-01,2026-09-01,182393.23,5647.93
1767,1,POL-896071376,2026-01-20,2027-01-20,404175.68,3761.17
1768,2,POL-708060605,2025-02-27,2026-02-27,387652.24,6782.97
1769,4,POL-064051183,2025-10-29,2026-10-29,68072.02,2902.45
1770,1,POL-401440790,2024-09-30,2025-09-30,347045.87,6234.0
1771,8,POL-893531732,2024-12-08,2025-12-08,344537.19,648.78
1772,3,POL-615522411,2026-02-13,2027-02-13,328979.58,4388.46
1773,10,POL-414812689,2024-11-20,2025-11-20,309681.97,7066.52
1774,4,POL-658352738,2024-08-28,2025-08-28,267957.58,5802.9
1775,5,POL-968856069,2024-10-19,2025-10-19,146435.61,2764.97
1776,9,POL-684709319,2024-12-05,2025-12-05,277949.56,1195.5
1777,2,POL-996591239,2025-02-20,2026-02-20,169454.39,2745.12
1778,8,POL-494930784,2025-11-20,2026-11-20,476467.44,5350.65
1779,2,POL-844902307,2025-01-18,2026-01-18,381220.52,7515.19
1780,6,POL-714650286,2026-01-09,2027-01-09,428399.25,1908.24
1781,9,POL-118376910,2024-06-01,2025-06-01,495430.48,1265.11
1782,7,POL-898137801,2025-05-31,2026-05-31,413185.04,6300.98
1783,10,POL-470844445,2024-08-12,2025-08-12,55830.94,684.81
1784,8,POL-325672119,2026-02-08,2027-02-08,441603.89,3822.54
1785,8,POL-511094526,2025-10-02,2026-10-02,278108.88,7040.2
1786,3,POL-821655146,2025-02-05,2026-02-05,131417.97,7798.77
1787,5,POL-000888876,2024-09-26,2025-09-26,191437.04,4294.07
1788,5,POL-143772228,2024-12-27,2025-12-27,217766.58,3995.02
1789,5,POL-693149354,2025-02-16,2026-02-16,31875.07,6185.75
1790,4,POL-107327619,2025-06-19,2026-06-19,413313.33,3616.76
1791,7,POL-903777311,2025-09-28,2026-09-28,477813.84,6589.47
1792,2,POL-253759335,2024-05-29,2025-05-29,227363.07,7526.0
1793,10,POL-515149400,2026-04-09,2027-04-09,173263.04,2061.59
1794,8,POL-672397988,2025-05-19,2026-05-19,262895.32,1983.18
1795,2,POL-188210760,2026-05-04,2027-05-04,190432.27,7581.26
1796,6,POL-955870425,2025-01-14,2026-01-14,237442.89,7369.17
1797,10,POL-776967325,2024-11-02,2025-11-02,456805.78,5487.14
1798,8,POL-966070287,2026-03-03,2027-03-03,132090.28,4268.73
1799,9,POL-723805712,2024-10-26,2025-10-26,391531.13,1983.67
1800,1,POL-629668273,2024-08-15,2025-08-15,85618.48,6706.98
1801,6,POL-890426854,2024-12-02,2025-12-02,288421.08,7405.43
1802,5,POL-068895899,2024-12-21,2025-12-21,328415.82,7969.07
1803,4,POL-321913304,2025-12-16,2026-12-16,128786.79,2680.65
1804,7,POL-179534856,2024-12-26,2025-12-26,430177.49,5996.55
1805,2,POL-504462404,2024-11-23,2025-11-23,283995.3,5163.9
1806,5,POL-416316641,2025-10-05,2026-10-05,278021.2,4831.39
1807,7,POL-003379047,2025-05-13,2026-05-13,31503.68,3945.88
1808,4,POL-212066058,2024-12-03,2025-12-03,163947.73,6439.79
1809,8,POL-856902891,2024-06-11,2025-06-11,360329.11,3354.7
1810,2,POL-088807242,2025-08-24,2026-08-24,185780.92,5204.64
1811,6,POL-753087722,2026-04-18,2027-04-18,281489.29,5342.29
1812,8,POL-966734958,2025-02-24,2026-02-24,148512.69,7482.37
1813,10,POL-601500858,2025-10-14,2026-10-14,75154.19,883.68
1814,1,POL-491465167,2025-01-13,2026-01-13,181601.65,7607.11
1815,3,POL-921271952,2025-12-19,2026-12-19,56922.83,5449.47
1816,7,POL-718670968,2025-03-15,2026-03-15,290981.15,945.72
1817,5,POL-720164854,2024-11-14,2025-11-14,447795.36,1151.5
1818,5,POL-332581963,2025-04-26,2026-04-26,422133.02,5474.11
1819,7,POL-130043625,2024-11-24,2025-11-24,355544.23,845.16
1820,10,POL-691539305,2025-09-04,2026-09-04,142469.86,4674.64
1821,8,POL-187624046,2025-07-03,2026-07-03,409213.43,2587.29
1822,3,POL-010619581,2025-02-23,2026-02-23,303915.84,5864.14
1823,3,POL-189329865,2025-12-23,2026-12-23,277286.98,2593.48
1824,4,POL-661450181,2024-10-11,2025-10-11,486124.85,6256.94
1825,1,POL-850374361,2025-07-07,2026-07-07,409715.72,3628.12
1826,6,POL-142618912,2024-09-29,2025-09-29,485237.32,6093.17
1827,10,POL-521219338,2025-01-05,2026-01-05,368484.32,4847.08
1828,3,POL-006032897,2025-04-20,2026-04-20,75956.03,7169.26
1829,7,POL-573775641,2025-08-06,2026-08-06,201013.56,3893.57
1830,10,POL-945207259,2024-06-07,2025-06-07,378202.35,7923.6
1831,7,POL-037649413,2026-05-17,2027-05-17,229043.55,992.49
1832,3,POL-098455225,2026-05-09,2027-05-09,498743.31,6074.2
1833,4,POL-942285141,2025-01-14,2026-01-14,153384.72,6565.94
1834,1,POL-632558613,2026-03-06,2027-03-06,84525.09,6852.63
1835,3,POL-330561311,2024-10-24,2025-10-24,84146.97,5712.01
1836,4,POL-372367908,2024-08-21,2025-08-21,148959.14,4871.71
1837,1,POL-135221111,2024-10-01,2025-10-01,54737.85,7913.11
1838,8,POL-098308799,2025-06-04,2026-06-04,486535.65,4608.32
1839,7,POL-330913891,2024-10-25,2025-10-25,254346.63,5090.7
1840,1,POL-986020828,2025-08-26,2026-08-26,65017.93,6968.26
1841,10,POL-818143358,2025-07-09,2026-07-09,54640.07,1537.87
1842,5,POL-835880588,2025-03-27,2026-03-27,152517.53,3467.4
1843,5,POL-779680768,2026-05-17,2027-05-17,161007.53,5087.54
1844,4,POL-024464423,2025-05-19,2026-05-19,137750.35,6923.44
1845,2,POL-986484092,2025-09-14,2026-09-14,239802.18,6871.14
1846,6,POL-702907542,2025-10-06,2026-10-06,228454.88,2734.49
1847,7,POL-248980147,2025-12-25,2026-12-25,410506.94,1236.33
1848,7,POL-983639159,2025-03-01,2026-03-01,138239.79,6112.22
1849,7,POL-866814034,2025-03-05,2026-03-05,124728.94,4713.85
1850,6,POL-454536793,2025-06-20,2026-06-20,372830.77,5285.63
1851,10,POL-263345708,2025-09-11,2026-09-11,324178.73,3105.71
1852,3,POL-175966144,2025-09-24,2026-09-24,326892.22,4093.35
1853,8,POL-658490895,2025-09-17,2026-09-17,200301.97,7094.07
1854,2,POL-070611402,2025-05-02,2026-05-02,163342.67,741.86
1855,4,POL-359606585,2024-09-21,2025-09-21,465101.14,7762.47
1856,9,POL-229509443,2026-02-06,2027-02-06,175220.66,7793.3
1857,6,POL-488486181,2025-04-05,2026-04-05,184772.03,5937.42
1858,4,POL-575768263,2025-05-20,2026-05-20,419236.87,6341.64
1859,5,POL-900897303,2025-12-25,2026-12-25,394154.03,7432.73
1860,5,POL-907746743,2025-03-28,2026-03-28,440002.32,3434.91
1861,3,POL-097055501,2024-10-12,2025-10-12,106672.61,7320.6
1862,4,POL-333431727,2025-10-13,2026-10-13,294878.2,2685.24
1863,4,POL-963188534,2025-10-16,2026-10-16,479216.99,902.4
1864,6,POL-261015852,2024-06-06,2025-06-06,152476.8,5957.23
1865,2,POL-231078577,2025-02-25,2026-02-25,199419.85,4064.73
1866,10,POL-846205420,2025-06-02,2026-06-02,418140.14,1531.01
1867,2,POL-118668272,2025-11-22,2026-11-22,74939.22,5694.79
1868,10,POL-401881497,2025-03-10,2026-03-10,239834.45,4329.65
1869,10,POL-741818271,2026-01-05,2027-01-05,415471.76,2023.79
1870,3,POL-131948288,2025-09-07,2026-09-07,439927.31,461.39
1871,1,POL-763439463,2025-12-02,2026-12-02,299918.18,2569.15
1872,8,POL-188683547,2025-02-18,2026-02-18,257862.61,3709.4
1873,2,POL-745714727,2026-04-28,2027-04-28,266639.73,793.43
1874,9,POL-793198071,2024-12-02,2025-12-02,406107.76,4215.57
1875,1,POL-367812155,2024-08-24,2025-08-24,67954.53,5695.0
1876,8,POL-237399770,2024-12-06,2025-12-06,483214.02,1051.88
1877,4,POL-145886136,2024-12-07,2025-12-07,299502.61,2866.75
1878,2,POL-235906328,2024-12-06,2025-12-06,140081.9,3691.82
1879,9,POL-554840042,2025-04-22,2026-04-22,218025.34,5197.94
1880,1,POL-099798857,2024-07-11,2025-07-11,253224.91,4568.63
1881,9,POL-019666793,2025-03-16,2026-03-16,238931.65,744.56
1882,7,POL-927836079,2026-01-14,2027-01-14,322813.67,2832.63
1883,5,POL-097892079,2025-06-06,2026-06-06,81859.48,6183.49
1884,1,POL-338101362,2025-05-31,2026-05-31,215142.15,4564.16
1885,1,POL-831952646,2024-12-14,2025-12-14,88538.19,3651.38
1886,10,POL-456322505,2025-05-10,2026-05-10,335141.94,2257.37
1887,2,POL-678848805,2025-01-01,2026-01-01,198698.11,2400.91
1888,4,POL-474200289,2025-07-19,2026-07-19,25873.94,652.63
1889,3,POL-343714243,2025-11-11,2026-11-11,113714.08,1806.15
1890,9,POL-801372492,2025-09-29,2026-09-29,227233.86,2947.83
1891,6,POL-409696573,2025-06-18,2026-06-18,456777.73,543.39
1892,6,POL-537512207,2025-06-13,2026-06-13,459445.97,1449.6
1893,5,POL-598056022,2024-08-31,2025-08-31,375632.21,1128.37
1894,3,POL-703213378,2024-09-09,2025-09-09,33108.08,3507.32
1895,1,POL-006840964,2026-02-22,2027-02-22,69486.46,972.95
1896,6,POL-293855507,2026-05-13,2027-05-13,374496.96,4704.56
1897,1,POL-320082244,2025-08-24,2026-08-24,65815.27,6935.36
1898,7,POL-913061085,2025-10-03,2026-10-03,448561.5,1964.13
1899,9,POL-704193640,2025-01-10,2026-01-10,87511.77,1431.19
1900,3,POL-641511822,2026-01-04,2027-01-04,153380.17,639.45
1901,6,POL-132950102,2024-09-24,2025-09-24,131411.45,7827.59
1902,3,POL-321399285,2024-11-17,2025-11-17,108410.83,1738.37
1903,6,POL-814273502,2026-03-31,2027-03-31,201334.75,5378.11
1904,2,POL-491610199,2024-08-31,2025-08-31,481222.54,6017.62
1905,1,POL-210597842,2025-01-26,2026-01-26,428161.46,1265.43
1906,4,POL-814351941,2026-01-07,2027-01-07,142892.47,2731.28
1907,4,POL-979817630,2025-08-22,2026-08-22,296420.52,1862.57
1908,3,POL-911543167,2025-09-20,2026-09-20,194536.26,4329.38
1909,2,POL-141048820,2026-05-23,2027-05-23,402371.39,1603.26
1910,10,POL-562009832,2025-03-16,2026-03-16,141998.23,6726.27
1911,7,POL-365293972,2025-10-20,2026-10-20,346051.96,2932.75
1912,4,POL-205656791,2025-02-19,2026-02-19,166054.05,4204.54
1913,5,POL-671279440,2026-02-25,2027-02-25,390807.24,2664.41
1914,8,POL-059725332,2024-08-01,2025-08-01,225534.46,437.82
1915,5,POL-970730686,2025-01-04,2026-01-04,300151.92,3668.37
1916,4,POL-878619202,2026-02-15,2027-02-15,148458.89,6065.22
1917,10,POL-285404026,2026-01-11,2027-01-11,476362.67,2281.13
1918,8,POL-668450156,2025-11-22,2026-11-22,325595.55,3999.01
1919,4,POL-225848190,2025-11-21,2026-11-21,152829.4,4753.65
1920,6,POL-459827814,2025-03-16,2026-03-16,105126.53,3986.42
1921,4,POL-056497172,2026-03-12,2027-03-12,190981.46,6744.78
1922,2,POL-269815334,2025-07-22,2026-07-22,180612.01,1749.48
1923,7,POL-533843092,2026-04-20,2027-04-20,491281.5,3472.56
1924,6,POL-788331020,2025-03-24,2026-03-24,290105.86,904.15
1925,8,POL-205645980,2025-05-25,2026-05-25,386734.69,3364.66
1926,3,POL-440585659,2026-05-10,2027-05-10,197471.33,2271.79
1927,9,POL-197439504,2026-01-08,2027-01-08,49077.76,7362.53
1928,7,POL-449209545,2026-05-15,2027-05-15,164070.23,2426.17
1929,6,POL-912831179,2025-02-14,2026-02-14,125204.24,3472.83
1930,10,POL-944228329,2026-02-05,2027-02-05,355025.21,1610.33
1931,8,POL-587427963,2025-08-30,2026-08-30,393178.25,7612.19
1932,7,POL-495509478,2024-05-25,2025-05-25,228465.07,2815.13
1933,4,POL-641638828,2025-09-11,2026-09-11,182270.66,4665.07
1934,7,POL-105925121,2025-09-25,2026-09-25,81095.27,5216.81
1935,10,POL-894623116,2024-08-18,2025-08-18,284693.25,2977.04
1936,4,POL-655636300,2026-05-08,2027-05-08,93966.07,1939.36
1937,7,POL-433590156,2026-04-06,2027-04-06,257049.99,4902.17
1938,5,POL-075569414,2026-01-13,2027-01-13,69563.72,4008.64
1939,3,POL-735928396,2026-04-04,2027-04-04,327657.74,6961.93
1940,7,POL-577416165,2026-01-06,2027-01-06,476433.02,6061.59
1941,9,POL-657640633,2025-03-23,2026-03-23,466985.71,2862.26
1942,4,POL-586171106,2025-02-26,2026-02-26,471289.36,2578.31
1943,9,POL-679693924,2025-07-13,2026-07-13,177691.34,6093.03
1944,4,POL-623443692,2026-03-05,2027-03-05,341002.83,598.62
1945,2,POL-515628379,2025-05-25,2026-05-25,208782.26,4491.84
1946,5,POL-774173336,2025-12-06,2026-12-06,291443.24,4885.81
1947,4,POL-010786760,2025-11-14,2026-11-14,315637.34,6115.59
1948,9,POL-450358165,2025-02-15,2026-02-15,397917.33,986.45
1949,2,POL-980618464,2026-03-26,2027-03-26,190152.62,2106.99
1950,9,POL-760857646,2025-07-02,2026-07-02,59985.16,3391.75
1951,9,POL-036324286,2025-12-28,2026-12-28,334773.77,5679.25
1952,2,POL-271921736,2025-03-14,2026-03-14,34028.93,575.72
1953,4,POL-566739060,2025-03-02,2026-03-02,247512.23,3284.5
1954,8,POL-277236576,2026-04-03,2027-04-03,351744.0,6290.12
1955,1,POL-476657164,2024-07-16,2025-07-16,472632.73,2481.41
1956,10,POL-226123494,2024-06-12,2025-06-12,223333.9,4063.0
1957,9,POL-572449176,2026-01-08,2027-01-08,453841.26,545.15
1958,3,POL-261481099,2024-12-07,2025-12-07,205566.8,2490.75
1959,4,POL-578183380,2026-03-15,2027-03-15,76555.82,7842.01
1960,5,POL-033156670,2025-05-16,2026-05-16,211151.31,1893.09
1961,5,POL-308519838,2025-01-26,2026-01-26,395838.67,3759.36
1962,3,POL-069624989,2025-09-29,2026-09-29,175191.07,2512.58
1963,3,POL-911030897,2025-02-13,2026-02-13,379359.32,7935.36
1964,3,POL-863804044,2026-02-21,2027-02-21,206528.2,5739.24
1965,6,POL-616613063,2024-08-02,2025-08-02,380313.26,1958.87
1966,4,POL-853961048,2025-01-17,2026-01-17,306967.0,3896.07
1967,10,POL-880574987,2025-12-18,2026-12-18,433075.8,4873.6
1968,5,POL-402493871,2025-02-10,2026-02-10,25447.12,3405.13
1969,10,POL-899279354,2026-01-17,2027-01-17,145886.95,6833.25
1970,2,POL-445890573,2025-11-26,2026-11-26,496868.41,1234.76
1971,7,POL-199526145,2025-09-11,2026-09-11,357207.62,3312.83
1972,5,POL-782456636,2025-12-23,2026-12-23,292235.34,1072.08
1973,7,POL-512816379,2024-10-26,2025-10-26,236718.96,5508.99
1974,7,POL-317333856,2025-07-24,2026-07-24,347325.46,4585.35
1975,4,POL-369570015,2025-06-29,2026-06-29,177745.55,4960.63
1976,1,POL-343162923,2025-09-29,2026-09-29,70342.04,3361.18
1977,3,POL-621343357,2025-11-05,2026-11-05,187954.09,6277.52
1978,1,POL-205749213,2024-07-26,2025-07-26,74522.52,6298.14
1979,4,POL-606828972,2025-09-02,2026-09-02,292489.51,2468.03
1980,10,POL-870245645,2025-12-20,2026-12-20,36265.93,6133.06
1981,4,POL-310769070,2026-02-25,2027-02-25,128682.28,2468.53
1982,5,POL-960896744,2024-06-02,2025-06-02,123413.2,7374.08
1983,7,POL-593457161,2024-11-05,2025-11-05,419950.76,5391.62
1984,4,POL-563360610,2026-04-10,2027-04-10,479358.78,2479.6
1985,2,POL-132312303,2025-11-22,2026-11-22,155094.49,6673.99
1986,9,POL-726847308,2026-03-04,2027-03-04,402628.37,2416.3
1987,1,POL-903503420,2024-07-25,2025-07-25,478406.44,6973.81
1988,8,POL-895804248,2025-03-11,2026-03-11,308237.81,686.5
1989,5,POL-116883921,2025-01-19,2026-01-19,456180.66,1092.67
1990,7,POL-436785873,2026-01-07,2027-01-07,25002.52,2550.24
1991,10,POL-466766829,2024-10-11,2025-10-11,338200.05,1031.09
1992,1,POL-073703877,2024-10-21,2025-10-21,42829.11,2767.78
1993,3,POL-643850882,2024-12-21,2025-12-21,448943.38,693.76
1994,9,POL-704455428,2025-02-18,2026-02-18,289674.2,7100.92
1995,7,POL-887421094,2024-11-18,2025-11-18,464398.21,3471.91
1996,9,POL-805479489,2024-11-09,2025-11-09,499640.86,6084.72
1997,2,POL-018608075,2025-05-31,2026-05-31,440562.09,4976.89
1998,4,POL-393985676,2025-12-21,2026-12-21,160149.47,1327.15
1999,4,POL-042709839,2025-12-16,2026-12-16,143752.14,7204.42
2000,6,POL-548943380,2026-05-09,2027-05-09,165134.44,2384.61
2001,3,POL-536347167,2026-03-22,2027-03-22,498278.31,1992.43
2002,4,POL-478054452,2025-05-25,2026-05-25,55849.82,866.51
2003,8,POL-582491480,2025-07-25,2026-07-25,291427.65,5501.88
2004,8,POL-459218931,2025-07-05,2026-07-05,421920.05,7453.88
2005,2,POL-058768694,2025-12-10,2026-12-10,118596.27,4530.94
2006,1,POL-184165714,2025-12-30,2026-12-30,58321.99,6382.75
2007,2,POL-787410566,2024-08-06,2025-08-06,430502.09,7116.57
2008,8,POL-262463025,2024-10-11,2025-10-11,75682.94,7064.48
2009,2,POL-786535786,2026-03-17,2027-03-17,299824.05,2751.72
2010,1,POL-736032112,2025-03-25,2026-03-25,498252.21,2706.26
2011,8,POL-861547998,2024-12-11,2025-12-11,341123.31,432.74
2012,9,POL-441851996,2026-02-08,2027-02-08,286709.79,5379.55
2013,5,POL-276289082,2025-06-01,2026-06-01,64167.51,1407.15
2014,9,POL-710596023,2026-03-23,2027-03-23,240500.75,5203.21
2015,6,POL-980473272,2024-11-04,2025-11-04,85624.37,4082.8
2016,2,POL-375811625,2024-08-25,2025-08-25,390851.39,5017.55
2017,7,POL-971851147,2025-07-16,2026-07-16,248689.69,4276.58
2018,8,POL-163159380,2025-04-10,2026-04-10,202670.91,6937.42
2019,4,POL-627861189,2025-07-31,2026-07-31,310494.23,2215.2
2020,2,POL-283440260,2024-07-09,2025-07-09,38004.43,5242.36
2021,5,POL-358897435,2025-09-23,2026-09-23,315039.78,1245.11
2022,7,POL-085842049,2025-09-06,2026-09-06,78614.83,4789.72
2023,5,POL-492876756,2025-11-30,2026-11-30,101273.25,5274.76
2024,2,POL-386688145,2025-04-17,2026-04-17,187208.52,7065.04
2025,2,POL-392413373,2026-05-23,2027-05-23,360793.52,1026.25
2026,6,POL-264081944,2024-10-07,2025-10-07,124541.59,790.63
2027,10,POL-902084273,2024-12-18,2025-12-18,338460.53,7740.17
2028,3,POL-919215786,2025-02-07,2026-02-07,206497.31,3489.55
2029,5,POL-448296120,2026-01-10,2027-01-10,410791.4,2962.23
2030,6,POL-528700190,2025-12-21,2026-12-21,104240.17,5385.51
2031,5,POL-465212256,2025-02-22,2026-02-22,448842.17,415.33
2032,6,POL-437629206,2024-09-12,2025-09-12,155837.94,5877.05
2033,2,POL-545667037,2025-03-25,2026-03-25,468433.87,3945.74
2034,9,POL-701095575,2026-05-02,2027-05-02,306661.13,5063.22
2035,9,POL-882578437,2024-11-09,2025-11-09,272341.68,7314.65
2036,7,POL-171856911,2024-07-29,2025-07-29,207404.83,2545.68
2037,10,POL-781887581,2025-10-29,2026-10-29,491347.91,4943.92
2038,1,POL-918623937,2025-02-09,2026-02-09,34700.24,1205.35
2039,6,POL-087195715,2025-06-05,2026-06-05,227689.23,3043.8
2040,7,POL-210004719,2026-02-09,2027-02-09,119939.46,3166.87
2041,9,POL-065685900,2025-11-25,2026-11-25,162196.97,1506.9
2042,3,POL-708614639,2024-10-11,2025-10-11,235162.32,5905.52
2043,8,POL-274237837,2024-07-22,2025-07-22,94909.91,3471.98
2044,6,POL-623147012,2026-05-13,2027-05-13,214444.93,596.77
2045,7,POL-056292669,2025-03-06,2026-03-06,439503.08,4020.72
2046,1,POL-362013421,2024-09-18,2025-09-18,59841.49,6928.56
2047,5,POL-876302986,2024-11-22,2025-11-22,73391.17,2090.87
2048,7,POL-811803196,2026-05-23,2027-05-23,264437.13,7663.48
2049,7,POL-853591358,2025-10-07,2026-10-07,433350.03,2381.15
2050,9,POL-637478882,2024-10-06,2025-10-06,233638.26,6541.0
2051,1,POL-919878133,2024-12-26,2025-12-26,21646.59,5250.1
2052,7,POL-723288239,2025-07-12,2026-07-12,216405.48,4956.24
2053,5,POL-754138705,2024-10-03,2025-10-03,494372.22,6511.97
2054,2,POL-440547553,2026-03-28,2027-03-28,253213.51,4475.87
2055,1,POL-136907024,2024-10-03,2025-10-03,246421.94,1680.6
2056,9,POL-141071787,2025-07-23,2026-07-23,365655.22,1325.03
2057,3,POL-675360045,2025-06-02,2026-06-02,87203.36,1485.47
2058,3,POL-457942753,2025-11-22,2026-11-22,106871.02,4626.1
2059,5,POL-732695372,2025-04-28,2026-04-28,26322.06,2510.66
2060,6,POL-497122695,2024-11-25,2025-11-25,435837.53,4397.67
2061,6,POL-436920091,2026-04-06,2027-04-06,499963.39,4892.02
2062,5,POL-585340297,2025-12-11,2026-12-11,35335.89,2474.19
2063,1,POL-895389706,2026-03-20,2027-03-20,368619.15,4612.26
2064,8,POL-013748967,2025-09-20,2026-09-20,310562.98,1280.25
2065,6,POL-263769246,2025-07-03,2026-07-03,447155.29,1173.53
2066,2,POL-599318044,2024-07-12,2025-07-12,469286.0,3037.42
2067,1,POL-940505159,2025-12-11,2026-12-11,416500.48,7587.26
2068,6,POL-060356270,2024-12-08,2025-12-08,113235.16,7750.58
2069,8,POL-105009171,2026-03-05,2027-03-05,465269.88,1651.96
2070,9,POL-953728177,2026-05-04,2027-05-04,304183.36,7418.87
2071,1,POL-408988479,2026-05-20,2027-05-20,399941.92,3718.77
2072,2,POL-311545164,2025-04-10,2026-04-10,326987.17,7513.66
2073,6,POL-398288367,2024-10-26,2025-10-26,479121.21,4629.59
2074,1,POL-097418868,2026-04-29,2027-04-29,307421.58,3929.15
2075,4,POL-875719887,2025-12-17,2026-12-17,34021.11,7442.42
2076,1,POL-307557861,2026-01-14,2027-01-14,428713.91,580.35
2077,5,POL-841300932,2025-02-24,2026-02-24,69116.8,2586.51
2078,6,POL-646206672,2024-09-19,2025-09-19,136440.71,986.73
2079,6,POL-836194102,2025-08-16,2026-08-16,438361.77,1359.48
2080,9,POL-296380264,2026-02-08,2027-02-08,385256.22,1126.61
2081,5,POL-280315122,2025-11-27,2026-11-27,158197.38,4623.09
2082,8,POL-581772925,2025-11-17,2026-11-17,158161.78,7116.77
2083,3,POL-363681230,2025-04-30,2026-04-30,284289.28,1732.17
2084,9,POL-325260011,2025-01-15,2026-01-15,343584.64,7440.17
2085,4,POL-123073888,2025-06-21,2026-06-21,30834.95,2087.3
2086,6,POL-122124365,2025-09-15,2026-09-15,258906.5,7336.72
2087,1,POL-101074520,2026-04-13,2027-04-13,343370.52,2127.82
2088,9,POL-009911971,2025-11-04,2026-11-04,300887.75,1277.11
2089,3,POL-085111504,2025-01-13,2026-01-13,66726.5,6661.7
2090,10,POL-250112875,2024-08-09,2025-08-09,368184.97,5862.31
2091,5,POL-826703909,2024-07-05,2025-07-05,466958.27,7269.33
2092,7,POL-807991493,2025-05-12,2026-05-12,306205.43,504.43
2093,6,POL-191045141,2025-05-18,2026-05-18,285223.81,7679.44
2094,8,POL-881756109,2024-11-26,2025-11-26,396438.96,4901.91
2095,5,POL-348359127,2025-02-02,2026-02-02,354978.92,558.5
2096,5,POL-362479905,2025-01-23,2026-01-23,109554.79,7200.43
2097,1,POL-334750917,2024-10-03,2025-10-03,420375.48,4980.85
2098,7,POL-563640585,2025-06-29,2026-06-29,291890.59,771.18
2099,5,POL-118557717,2025-05-27,2026-05-27,192457.33,1564.52
2100,10,POL-775766271,2026-05-10,2027-05-10,404481.26,3661.55
2101,7,POL-610420307,2024-07-04,2025-07-04,52005.24,768.38
2102,6,POL-538682815,2024-10-21,2025-10-21,221781.74,2228.5
2103,8,POL-780078616,2025-08-21,2026-08-21,382950.09,3221.54
2104,1,POL-085347550,2025-08-08,2026-08-08,59837.29,2819.44
2105,8,POL-481444394,2025-11-19,2026-11-19,218899.76,7440.97
2106,7,POL-926626395,2024-12-14,2025-12-14,338663.43,925.25
2107,10,POL-813833494,2024-08-01,2025-08-01,451480.79,845.26
2108,6,POL-552992777,2026-04-16,2027-04-16,125576.96,555.77
2109,5,POL-713589961,2026-05-19,2027-05-19,113336.61,5893.93
2110,10,POL-600131137,2026-03-24,2027-03-24,314614.69,5265.12
2111,7,POL-187978929,2025-05-24,2026-05-24,161965.27,2689.83
2112,8,POL-090772584,2026-02-06,2027-02-06,432647.01,1770.66
2113,1,POL-090625094,2024-06-27,2025-06-27,275121.81,5532.37
2114,4,POL-660506890,2025-03-17,2026-03-17,377094.38,7247.25
2115,3,POL-255288973,2026-04-07,2027-04-07,122044.09,4293.36
2116,1,POL-840704190,2025-04-24,2026-04-24,151475.2,3853.21
2117,3,POL-416177237,2024-09-26,2025-09-26,167750.82,5873.11
2118,6,POL-730905330,2025-07-13,2026-07-13,138368.25,7035.6
2119,10,POL-925186470,2024-08-15,2025-08-15,71845.94,4462.79
2120,6,POL-550231374,2024-11-27,2025-11-27,240097.23,6828.42
2121,10,POL-715650371,2025-10-23,2026-10-23,465519.94,3319.71
2122,8,POL-007488382,2025-01-14,2026-01-14,290287.8,3279.06
2123,3,POL-201202152,2025-04-06,2026-04-06,153224.2,3203.81
2124,1,POL-207679575,2025-03-14,2026-03-14,134797.68,6197.96
2125,4,POL-186972500,2025-10-01,2026-10-01,335436.31,5116.43
2126,6,POL-973658794,2025-04-06,2026-04-06,344315.13,2612.49
2127,3,POL-231511081,2025-07-27,2026-07-27,466840.39,6847.26
2128,6,POL-831357190,2026-01-02,2027-01-02,327217.25,7404.33
2129,3,POL-366176588,2025-07-29,2026-07-29,272173.15,2120.33
2130,5,POL-837606171,2024-07-24,2025-07-24,29722.79,6693.86
2131,10,POL-550758493,2024-08-27,2025-08-27,228840.01,1797.04
2132,10,POL-782640834,2025-08-11,2026-08-11,308045.23,3763.93
2133,2,POL-443402885,2026-04-03,2027-04-03,252979.01,7629.72
2134,10,POL-599108771,2025-10-07,2026-10-07,86640.59,1395.77
2135,5,POL-663579038,2025-05-15,2026-05-15,61766.18,3926.48
2136,3,POL-683200738,2024-07-12,2025-07-12,454482.82,3129.79
2137,4,POL-654370112,2025-11-10,2026-11-10,303363.34,7238.84
2138,7,POL-992897224,2026-04-27,2027-04-27,309979.33,4008.78
2139,1,POL-761934877,2025-07-15,2026-07-15,210183.24,7895.14
2140,6,POL-601310986,2025-09-05,2026-09-05,380731.65,7780.94
2141,2,POL-531157182,2024-08-27,2025-08-27,422720.73,4856.41
2142,9,POL-522710684,2025-12-08,2026-12-08,41675.69,4440.46
2143,6,POL-656584042,2025-03-18,2026-03-18,23643.17,1549.3
2144,7,POL-910374973,2025-08-31,2026-08-31,65705.44,4846.29
2145,2,POL-567121249,2025-03-29,2026-03-29,296698.03,5286.7
2146,4,POL-764155721,2025-06-30,2026-06-30,199362.47,2115.27
2147,10,POL-191396839,2025-09-30,2026-09-30,253862.51,4988.14
2148,1,POL-028297672,2026-02-18,2027-02-18,47904.72,564.76
2149,10,POL-071135033,2024-09-30,2025-09-30,331054.91,3670.18
2150,7,POL-894949278,2025-03-16,2026-03-16,90187.95,6796.82
2151,7,POL-774473245,2024-10-20,2025-10-20,363460.2,5545.32
2152,8,POL-955496847,2025-04-18,2026-04-18,50715.36,6023.71
2153,6,POL-760412817,2024-09-15,2025-09-15,485517.18,2749.19
2154,8,POL-716994442,2025-05-23,2026-05-23,298096.22,5124.53
2155,3,POL-839632470,2025-09-07,2026-09-07,128914.16,2570.98
2156,6,POL-429554712,2026-03-14,2027-03-14,368939.03,7828.36
2157,3,POL-731680806,2024-06-28,2025-06-28,376591.92,1029.61
2158,7,POL-242399776,2025-12-22,2026-12-22,332426.99,3962.3
2159,9,POL-532999839,2025-10-11,2026-10-11,388822.18,2564.97
2160,7,POL-759905884,2024-08-04,2025-08-04,159020.15,5977.77
2161,4,POL-948246411,2026-04-11,2027-04-11,233090.19,6346.02
2162,2,POL-803467006,2026-02-16,2027-02-16,315170.6,7581.85
2163,6,POL-693847381,2024-08-09,2025-08-09,113989.62,5068.52
2164,2,POL-637072185,2024-06-13,2025-06-13,461598.42,5492.61
2165,8,POL-226163405,2024-06-18,2025-06-18,225395.93,3597.47
2166,7,POL-498590175,2024-12-15,2025-12-15,183191.04,3018.97
2167,8,POL-400175504,2026-05-05,2027-05-05,331089.26,6173.46
2168,2,POL-357814127,2025-07-29,2026-07-29,80010.37,6356.53
2169,3,POL-015338792,2026-04-11,2027-04-11,285811.67,6642.39
2170,6,POL-392912381,2025-09-18,2026-09-18,248859.24,817.57
2171,2,POL-187400743,2025-11-10,2026-11-10,402633.72,5149.6
2172,3,POL-628432376,2025-11-24,2026-11-24,83381.81,926.28
2173,2,POL-356729442,2024-06-22,2025-06-22,207579.96,5158.08
2174,8,POL-722264728,2024-12-17,2025-12-17,31539.4,5181.92
2175,8,POL-334326032,2026-02-13,2027-02-13,323653.32,1954.18
2176,4,POL-756175834,2024-08-30,2025-08-30,85031.97,1908.01
2177,8,POL-173098181,2025-10-03,2026-10-03,79090.01,3103.59
2178,3,POL-924241296,2025-10-30,2026-10-30,54373.91,1449.25
2179,9,POL-597522883,2026-05-10,2027-05-10,365821.63,5318.12
2180,6,POL-939749800,2024-09-08,2025-09-08,218760.83,7328.27
2181,2,POL-929367785,2026-01-13,2027-01-13,59900.68,6828.1
2182,10,POL-455494444,2026-01-20,2027-01-20,169553.14,563.96
2183,1,POL-973726832,2024-09-02,2025-09-02,470700.66,2260.79
2184,6,POL-348337557,2025-12-23,2026-12-23,390996.39,2267.0
2185,9,POL-378513931,2025-09-01,2026-09-01,291007.67,5696.37
2186,4,POL-653126456,2024-08-09,2025-08-09,357458.73,955.94
2187,3,POL-967570571,2025-10-12,2026-10-12,144633.49,3018.81
2188,9,POL-715918333,2026-01-13,2027-01-13,428699.22,3287.92
2189,4,POL-625501358,2024-11-08,2025-11-08,80868.78,4038.48
2190,9,POL-034113732,2025-01-01,2026-01-01,362530.69,1184.94
2191,9,POL-220173822,2024-06-09,2025-06-09,116818.61,5590.89
2192,7,POL-068686630,2025-08-27,2026-08-27,184399.29,944.0
2193,6,POL-099648863,2025-11-22,2026-11-22,449848.05,7387.06
2194,3,POL-987568192,2026-03-28,2027-03-28,39797.18,1147.55
2195,5,POL-591102984,2025-08-22,2026-08-22,340303.49,630.54
2196,7,POL-383509327,2025-07-22,2026-07-22,405837.66,1643.87
2197,7,POL-296948632,2025-02-16,2026-02-16,208601.28,1798.32
2198,8,POL-130653323,2024-07-02,2025-07-02,435583.35,7063.87
2199,6,POL-691186641,2025-08-04,2026-08-04,50534.56,1498.2
2200,3,POL-516446592,2026-05-09,2027-05-09,496843.14,2801.01
2201,6,POL-659782690,2024-10-10,2025-10-10,125891.53,6539.27
2202,4,POL-004703226,2024-06-29,2025-06-29,254724.29,6741.61
2203,7,POL-088843913,2024-06-21,2025-06-21,170727.38,6110.42
2204,10,POL-497310538,2025-10-12,2026-10-12,245245.6,3521.57
2205,9,POL-931290442,2025-06-05,2026-06-05,231817.67,2630.64
2206,7,POL-236160109,2025-05-25,2026-05-25,96676.51,2517.98
2207,10,POL-289382121,2026-03-16,2027-03-16,158229.95,3193.82
2208,2,POL-510609784,2024-06-20,2025-06-20,30406.51,3491.65
2209,3,POL-042097766,2025-07-08,2026-07-08,171152.68,7685.16
2210,10,POL-310094531,2025-09-25,2026-09-25,82214.66,4712.87
2211,6,POL-422365327,2025-08-02,2026-08-02,203877.2,7458.95
2212,2,POL-725076233,2024-07-20,2025-07-20,88637.37,5508.48
2213,7,POL-750944483,2026-01-12,2027-01-12,387639.51,6105.27
2214,7,POL-493601616,2024-07-22,2025-07-22,361261.73,1762.86
2215,4,POL-763073722,2025-10-27,2026-10-27,375053.64,5736.37
2216,10,POL-575848363,2026-01-27,2027-01-27,231607.84,6309.96
2217,5,POL-701389881,2025-08-04,2026-08-04,348711.11,2446.61
2218,3,POL-957882233,2024-05-27,2025-05-27,55015.63,4774.01
2219,5,POL-586234223,2025-09-30,2026-09-30,229801.39,6347.61
2220,6,POL-226410144,2026-01-15,2027-01-15,452496.49,1813.95
2221,4,POL-230566577,2026-04-19,2027-04-19,160499.56,4150.05
2222,9,POL-612517434,2025-03-26,2026-03-26,492303.68,5640.76
2223,1,POL-084398893,2024-09-26,2025-09-26,157699.76,3021.16
2224,8,POL-903169646,2025-10-15,2026-10-15,367058.99,3923.67
2225,3,POL-802687485,2025-04-03,2026-04-03,199318.55,6966.54
2226,5,POL-176612476,2024-08-12,2025-08-12,355094.95,794.74
2227,1,POL-859766469,2026-03-27,2027-03-27,117733.66,5337.95
2228,9,POL-659028277,2024-09-15,2025-09-15,84298.1,2623.8
2229,9,POL-694825457,2025-10-15,2026-10-15,346704.46,7595.94
2230,3,POL-447820013,2025-02-24,2026-02-24,391602.21,1867.32
2231,3,POL-683528137,2025-05-16,2026-05-16,352839.45,7441.13
2232,5,POL-420465352,2024-08-25,2025-08-25,171994.95,5855.03
2233,7,POL-705726779,2024-07-10,2025-07-10,254354.08,6221.12
2234,8,POL-002030433,2025-06-29,2026-06-29,25640.34,1898.19
2235,4,POL-779001215,2024-06-27,2025-06-27,342033.13,6850.14
2236,9,POL-238840995,2026-02-26,2027-02-26,224642.48,433.02
2237,2,POL-062718106,2025-02-17,2026-02-17,494450.97,7112.93
2238,3,POL-985448066,2024-10-16,2025-10-16,32991.98,7613.53
2239,1,POL-646290651,2025-04-16,2026-04-16,447843.83,5872.31
2240,9,POL-126547370,2025-03-10,2026-03-10,160245.4,7377.6
2241,3,POL-141523877,2024-12-08,2025-12-08,206095.16,2323.77
2242,9,POL-870009854,2026-04-11,2027-04-11,117699.32,7945.67
2243,4,POL-069357633,2026-03-20,2027-03-20,222972.61,3830.33
2244,10,POL-123543360,2025-06-03,2026-06-03,202892.32,7597.17
2245,9,POL-203760207,2026-04-27,2027-04-27,99865.09,7827.58
2246,9,POL-373668031,2024-06-15,2025-06-15,310520.97,4190.62
2247,2,POL-976079046,2025-04-05,2026-04-05,354709.7,3297.05
2248,6,POL-005593199,2025-09-05,2026-09-05,327255.2,2324.28
2249,5,POL-344991615,2024-12-12,2025-12-12,447513.22,7062.98
2250,10,POL-287982622,2025-08-17,2026-08-17,83878.78,4673.41
2251,6,POL-557419450,2026-04-13,2027-04-13,460268.9,2527.48
2252,1,POL-906603634,2025-06-08,2026-06-08,74587.82,1827.26
2253,5,POL-161693133,2024-06-01,2025-06-01,318383.18,6203.34
2254,2,POL-345280433,2024-11-20,2025-11-20,455886.45,7472.02
2255,6,POL-644458164,2024-09-30,2025-09-30,43960.88,5363.44
2256,1,POL-461528681,2025-07-24,2026-07-24,57173.73,7231.81
2257,5,POL-915674079,2025-01-17,2026-01-17,207922.13,4011.47
2258,9,POL-179060812,2024-11-23,2025-11-23,363389.7,7198.78
2259,1,POL-060298224,2025-01-29,2026-01-29,279628.82,770.79
2260,9,POL-971470675,2026-03-21,2027-03-21,372199.23,4785.79
2261,1,POL-500021979,2025-08-10,2026-08-10,157203.8,5249.24
2262,1,POL-647048601,2025-04-13,2026-04-13,155285.85,2466.74
2263,2,POL-612466256,2025-03-13,2026-03-13,187314.06,3325.71
2264,9,POL-512516280,2026-05-22,2027-05-22,183166.62,5621.99
2265,6,POL-142284746,2024-09-27,2025-09-27,111647.45,5220.72
2266,2,POL-851368194,2025-07-25,2026-07-25,151731.42,5307.52
2267,8,POL-804463580,2026-03-11,2027-03-11,168941.26,2829.86
2268,9,POL-272917141,2026-01-11,2027-01-11,43970.57,719.68
2269,1,POL-129058884,2024-08-08,2025-08-08,69492.46,3465.2
2270,6,POL-362631349,2024-07-11,2025-07-11,203087.92,3800.08
2271,8,POL-078182952,2024-11-25,2025-11-25,423581.57,3826.1
2272,5,POL-938522293,2024-08-10,2025-08-10,37324.01,7711.71
2273,10,POL-142311547,2024-08-19,2025-08-19,37856.85,7153.19
2274,2,POL-970499883,2026-01-10,2027-01-10,214303.25,5007.95
2275,9,POL-206053954,2024-07-19,2025-07-19,330002.26,1951.97
2276,2,POL-284512993,2024-11-17,2025-11-17,229247.1,1210.94
2277,9,POL-884310749,2025-06-18,2026-06-18,465364.64,3624.63
2278,9,POL-487642730,2026-03-10,2027-03-10,489327.68,1257.45
2279,10,POL-920188706,2026-02-23,2027-02-23,294217.4,6682.17
2280,7,POL-983292401,2025-08-31,2026-08-31,230499.55,4801.48
2281,9,POL-280168073,2024-08-15,2025-08-15,116943.03,1913.97
2282,7,POL-819750772,2026-04-26,2027-04-26,51522.99,7010.37
2283,6,POL-890665056,2024-07-16,2025-07-16,435122.01,2929.58
2284,9,POL-534002671,2025-02-11,2026-02-11,119542.1,1840.89
2285,6,POL-727753995,2025-03-20,2026-03-20,328939.43,909.0
2286,6,POL-316118698,2024-11-28,2025-11-28,222551.37,3741.96
2287,3,POL-421859293,2024-08-12,2025-08-12,281807.52,2276.54
2288,4,POL-044922946,2024-06-29,2025-06-29,493946.67,4796.62
2289,10,POL-897616611,2025-12-26,2026-12-26,389822.59,4269.77
2290,5,POL-700109207,2025-06-18,2026-06-18,96426.73,3441.37
2291,3,POL-866557195,2024-11-07,2025-11-07,65246.89,7281.2
2292,8,POL-572903413,2026-05-13,2027-05-13,180872.52,729.19
2293,6,POL-517673727,2025-06-26,2026-06-26,278924.41,2434.4
2294,7,POL-906359312,2024-09-24,2025-09-24,225323.36,4085.07
2295,4,POL-510099912,2025-12-08,2026-12-08,22064.22,7049.79
2296,4,POL-982486131,2025-08-22,2026-08-22,23100.83,6394.07
2297,6,POL-358077109,2024-08-01,2025-08-01,118164.1,7247.22
2298,8,POL-045938795,2024-07-29,2025-07-29,105809.36,6130.02
2299,7,POL-638453546,2025-08-11,2026-08-11,304412.95,6564.5
2300,4,POL-196623003,2025-06-26,2026-06-26,142422.21,929.21
2301,6,POL-363757081,2026-02-16,2027-02-16,409282.94,5796.91
2302,3,POL-807783368,2025-01-20,2026-01-20,173568.89,7048.39
2303,6,POL-144645575,2024-10-05,2025-10-05,472826.15,3641.17
2304,4,POL-100266897,2026-03-06,2027-03-06,22120.73,4537.2
2305,4,POL-275714891,2025-01-04,2026-01-04,471860.91,458.17
2306,10,POL-552916539,2024-09-28,2025-09-28,463451.7,1350.47
2307,1,POL-944740158,2026-01-11,2027-01-11,326676.11,6218.0
2308,4,POL-684927254,2025-09-07,2026-09-07,286673.55,5834.19
2309,3,POL-283240230,2025-01-19,2026-01-19,476062.9,6429.52
2310,8,POL-912294397,2026-05-06,2027-05-06,238822.66,6076.41
2311,2,POL-501023941,2024-08-07,2025-08-07,78017.88,6175.66
2312,5,POL-290094017,2025-01-03,2026-01-03,87300.11,1374.86
2313,8,POL-491928324,2026-01-17,2027-01-17,333187.15,7403.72
2314,4,POL-110967024,2025-07-10,2026-07-10,20526.42,4979.3
2315,1,POL-169934787,2025-08-21,2026-08-21,232440.98,1030.38
2316,2,POL-297467930,2025-04-26,2026-04-26,43063.98,1475.83
2317,5,POL-721782192,2025-10-12,2026-10-12,87589.9,2643.54
2318,5,POL-006846428,2025-05-11,2026-05-11,254652.71,7152.2
2319,1,POL-345763587,2025-05-23,2026-05-23,187423.4,5405.72
2320,8,POL-113549258,2024-10-11,2025-10-11,493018.69,1113.91
2321,10,POL-456443132,2025-02-26,2026-02-26,420424.96,6356.14
2322,7,POL-156136823,2026-03-18,2027-03-18,468644.28,5551.7
2323,10,POL-290460846,2026-02-24,2027-02-24,322830.47,1223.36
2324,6,POL-740724801,2025-10-04,2026-10-04,360692.81,3702.22
2325,7,POL-999717908,2025-06-02,2026-06-02,213265.22,3859.97
2326,5,POL-815277115,2025-12-27,2026-12-27,39532.12,5031.44
2327,7,POL-275073613,2025-11-11,2026-11-11,271527.29,2182.42
2328,5,POL-406322362,2024-10-06,2025-10-06,393909.77,522.19
2329,10,POL-197991113,2025-09-04,2026-09-04,362431.96,1557.78
2330,5,POL-366196719,2024-06-11,2025-06-11,473588.69,7896.74
2331,7,POL-697816266,2025-04-09,2026-04-09,347432.37,3170.42
2332,8,POL-416826597,2025-05-15,2026-05-15,319588.64,7674.63
2333,3,POL-732127121,2024-06-22,2025-06-22,81048.38,1070.65
2334,2,POL-197096273,2026-01-06,2027-01-06,384914.74,2253.47
2335,10,POL-673499284,2024-08-10,2025-08-10,357641.8,3885.78
2336,6,POL-786178405,2024-09-05,2025-09-05,352774.13,4034.63
2337,4,POL-512061268,2024-12-28,2025-12-28,222240.05,6193.2
2338,6,POL-370144987,2026-01-10,2027-01-10,256564.05,5268.1
2339,2,POL-589278125,2025-05-11,2026-05-11,59655.69,7579.6
2340,1,POL-339919793,2025-08-01,2026-08-01,377706.38,1130.99
2341,2,POL-642151126,2025-03-25,2026-03-25,210543.4,6698.91
2342,3,POL-091282775,2024-07-10,2025-07-10,221148.32,633.55
2343,1,POL-539983767,2025-02-22,2026-02-22,84584.15,3049.73
2344,10,POL-264266773,2024-11-05,2025-11-05,364528.55,5487.63
2345,8,POL-423527943,2024-06-12,2025-06-12,456672.83,4943.84
2346,9,POL-716276647,2024-12-15,2025-12-15,460886.65,1945.14
2347,6,POL-486056413,2025-06-13,2026-06-13,158730.74,4202.99
2348,4,POL-066602972,2024-07-20,2025-07-20,191915.18,7197.67
2349,10,POL-513560990,2025-08-15,2026-08-15,109707.7,2556.03
2350,7,POL-480681065,2024-07-17,2025-07-17,246556.96,1093.8
2351,5,POL-503632623,2026-02-14,2027-02-14,204513.87,7774.27
2352,9,POL-054322602,2025-05-05,2026-05-05,463581.04,7885.63
2353,7,POL-462406837,2025-05-10,2026-05-10,429470.61,5558.72
2354,4,POL-945870230,2026-01-08,2027-01-08,409910.26,574.39
2355,4,POL-105640067,2025-05-02,2026-05-02,63977.24,7961.35
2356,8,POL-158679524,2026-04-11,2027-04-11,352483.17,6611.38
2357,7,POL-874155075,2025-11-04,2026-11-04,223175.66,1511.52
2358,9,POL-644963921,2025-05-17,2026-05-17,88153.77,3385.62
2359,6,POL-196424043,2024-12-31,2025-12-31,146657.42,7156.18
2360,3,POL-451916002,2025-03-11,2026-03-11,494480.61,4185.26
2361,3,POL-265679926,2025-10-22,2026-10-22,159247.16,699.42
2362,1,POL-434178148,2025-02-21,2026-02-21,350818.93,5983.24
2363,3,POL-089658614,2025-09-30,2026-09-30,29979.74,3372.53
2364,1,POL-211936875,2025-03-16,2026-03-16,61453.13,5465.7
2365,7,POL-122876704,2025-05-08,2026-05-08,399157.16,2829.18
2366,10,POL-718694139,2024-12-04,2025-12-04,31562.11,6219.25
2367,5,POL-080862835,2024-06-29,2025-06-29,120066.32,1488.63
2368,2,POL-571427093,2025-11-06,2026-11-06,212309.31,5352.94
2369,1,POL-912125953,2026-03-29,2027-03-29,441971.96,5690.16
2370,4,POL-324126662,2026-04-17,2027-04-17,494408.94,2834.04
2371,7,POL-068566090,2026-04-21,2027-04-21,425607.56,7312.78
2372,7,POL-885411112,2025-10-22,2026-10-22,307170.89,6195.97
2373,4,POL-502615542,2024-06-13,2025-06-13,409675.29,1079.51
2374,1,POL-714104528,2025-04-26,2026-04-26,47294.92,686.64
2375,1,POL-646880904,2025-06-18,2026-06-18,272635.21,4923.43
2376,4,POL-526051854,2026-04-01,2027-04-01,51663.92,3769.59
2377,2,POL-641372811,2025-11-10,2026-11-10,369016.85,6552.52
2378,5,POL-314488636,2024-08-24,2025-08-24,429731.8,4440.88
2379,1,POL-029554859,2025-03-28,2026-03-28,103275.28,5292.1
2380,4,POL-975265700,2025-10-19,2026-10-19,181242.71,7633.98
2381,2,POL-284432908,2025-01-31,2026-01-31,180849.4,7093.94
2382,10,POL-160962939,2024-07-26,2025-07-26,382879.13,5149.95
2383,1,POL-613615100,2025-11-03,2026-11-03,318386.02,2148.87
2384,5,POL-492120969,2024-10-18,2025-10-18,359013.02,5213.51
2385,7,POL-600775715,2026-03-30,2027-03-30,223854.82,2242.56
2386,7,POL-562394764,2025-02-11,2026-02-11,209075.89,4456.8
2387,1,POL-914578590,2026-03-07,2027-03-07,265685.57,6561.89
2388,3,POL-198095990,2025-07-20,2026-07-20,492821.75,5525.28
2389,7,POL-032662510,2025-02-08,2026-02-08,269558.15,3050.8
2390,10,POL-530870330,2024-11-09,2025-11-09,165487.92,3887.37
2391,5,POL-246776968,2026-02-02,2027-02-02,389169.71,6835.71
2392,6,POL-706410809,2025-09-12,2026-09-12,457453.08,2074.19
2393,2,POL-107299672,2025-09-18,2026-09-18,37441.22,3051.27
2394,9,POL-855157034,2024-09-28,2025-09-28,474501.27,5525.01
2395,4,POL-491710035,2024-10-18,2025-10-18,24016.16,5057.83
2396,8,POL-058334943,2026-01-09,2027-01-09,466336.92,4995.42
2397,10,POL-475063685,2025-08-23,2026-08-23,261842.32,7838.36
2398,2,POL-928636934,2024-10-22,2025-10-22,287695.78,7904.51
2399,5,POL-115256416,2026-05-11,2027-05-11,87166.79,3608.65
2400,4,POL-064330540,2025-02-05,2026-02-05,247697.99,3502.26
2401,6,POL-696514826,2025-11-23,2026-11-23,330866.63,6156.76
2402,2,POL-827256393,2026-02-06,2027-02-06,214657.3,4092.25
2403,8,POL-922411771,2024-06-18,2025-06-18,351237.97,1147.03
2404,8,POL-367317421,2025-02-15,2026-02-15,249783.79,7009.97
2405,3,POL-219269360,2024-08-07,2025-08-07,335936.98,4524.47
2406,4,POL-707399551,2025-07-19,2026-07-19,216400.18,2195.03
2407,9,POL-039868863,2024-11-09,2025-11-09,272463.01,5452.49
2408,6,POL-412307567,2025-01-21,2026-01-21,31795.9,5938.19
2409,7,POL-377096422,2024-12-29,2025-12-29,441966.96,6345.61
2410,3,POL-385160312,2025-02-15,2026-02-15,240747.31,3451.54
2411,10,POL-914423814,2024-07-08,2025-07-08,96279.35,3630.87
2412,7,POL-403274154,2025-01-20,2026-01-20,233049.55,6714.1
2413,9,POL-225592271,2025-04-04,2026-04-04,25372.67,5714.2
2414,4,POL-207441148,2026-03-12,2027-03-12,234822.21,3417.82
2415,7,POL-978328453,2025-02-28,2026-02-28,494965.04,2868.97
2416,3,POL-291660400,2025-06-07,2026-06-07,284142.53,5270.26
2417,9,POL-893687017,2025-11-13,2026-11-13,484378.86,405.14
2418,5,POL-518474400,2024-09-05,2025-09-05,298774.48,2237.96
2419,6,POL-431222649,2024-07-06,2025-07-06,291488.28,1206.91
2420,6,POL-327244503,2026-04-30,2027-04-30,183871.23,4022.32
2421,8,POL-347649952,2025-05-26,2026-05-26,93101.08,2852.64
2422,10,POL-325377422,2025-10-24,2026-10-24,421254.01,3289.38
2423,1,POL-716484351,2025-09-03,2026-09-03,283541.42,1828.5
2424,9,POL-462605538,2024-12-18,2025-12-18,197291.61,6039.6
2425,1,POL-558859918,2026-04-17,2027-04-17,172202.13,7424.51
2426,5,POL-034774499,2025-07-10,2026-07-10,79903.26,3750.21
2427,7,POL-853911130,2025-02-02,2026-02-02,178237.49,4590.91
2428,4,POL-321216176,2026-01-01,2027-01-01,294395.44,7645.82
2429,3,POL-197310298,2024-09-01,2025-09-01,303311.02,7612.44
2430,6,POL-331265281,2025-08-30,2026-08-30,436353.23,3066.98
2431,2,POL-074988871,2024-05-24,2025-05-24,276503.93,3754.65
2432,2,POL-548404380,2026-03-11,2027-03-11,423926.49,2743.61
2433,7,POL-666581539,2024-07-03,2025-07-03,38901.34,7035.08
2434,6,POL-622339364,2024-11-20,2025-11-20,391456.55,433.16
2435,10,POL-954946592,2025-12-09,2026-12-09,108145.12,2450.25
2436,3,POL-488850732,2024-06-03,2025-06-03,270969.44,3798.76
2437,8,POL-916290772,2025-02-16,2026-02-16,187798.77,3919.22
2438,1,POL-252320996,2025-03-22,2026-03-22,320700.49,5283.46
2439,3,POL-725070120,2025-03-24,2026-03-24,303032.29,536.94
2440,2,POL-840758822,2024-06-01,2025-06-01,370921.47,1539.43
2441,1,POL-248599317,2024-09-06,2025-09-06,50627.77,4254.54
2442,1,POL-587873405,2025-06-02,2026-06-02,256835.65,1698.96
2443,1,POL-676770373,2024-11-09,2025-11-09,212720.08,5287.77
2444,6,POL-672803671,2025-04-11,2026-04-11,91632.74,1776.8
2445,4,POL-999465012,2025-10-23,2026-10-23,428471.39,3501.36
2446,4,POL-578223949,2024-10-11,2025-10-11,414003.11,5218.31
2447,1,POL-083406262,2025-11-14,2026-11-14,204532.05,7136.91
2448,1,POL-364414877,2025-08-22,2026-08-22,395580.34,4188.41
2449,4,POL-459941883,2025-04-09,2026-04-09,29510.22,1434.37
2450,5,POL-089880932,2025-02-24,2026-02-24,397038.25,7275.71
2451,7,POL-964481755,2024-06-06,2025-06-06,86668.56,5733.29
2452,10,POL-539125525,2026-04-25,2027-04-25,236591.51,2218.06
2453,5,POL-030897376,2024-06-12,2025-06-12,497188.32,5699.38
2454,6,POL-278703321,2024-06-29,2025-06-29,257512.71,6342.4
2455,2,POL-583630392,2026-01-25,2027-01-25,407244.62,6196.07
2456,5,POL-586743604,2025-05-31,2026-05-31,207693.57,5441.42
2457,10,POL-988336281,2025-05-26,2026-05-26,196389.72,3500.85
2458,8,POL-750609471,2026-04-04,2027-04-04,142741.84,5874.74
2459,9,POL-880695131,2025-06-17,2026-06-17,453544.7,6396.29
2460,6,POL-429673074,2025-07-24,2026-07-24,330051.79,2323.96
2461,6,POL-863864610,2025-03-04,2026-03-04,125057.51,2910.33
2462,2,POL-781277949,2026-03-10,2027-03-10,154729.95,5380.4
2463,9,POL-655898823,2024-08-20,2025-08-20,488087.9,5436.22
2464,7,POL-162704914,2026-03-05,2027-03-05,189889.2,7042.39
2465,4,POL-185623338,2026-04-21,2027-04-21,339803.4,7031.61
2466,9,POL-316729003,2026-01-28,2027-01-28,115183.59,2654.72
2467,4,POL-470941951,2025-04-18,2026-04-18,337448.22,7443.9
2468,9,POL-745529003,2024-10-12,2025-10-12,473455.98,5187.86
2469,7,POL-205708392,2025-02-03,2026-02-03,419420.0,2040.34
2470,7,POL-263030783,2026-01-17,2027-01-17,418337.79,4333.65
2471,4,POL-164294612,2025-08-24,2026-08-24,94043.59,6941.14
2472,8,POL-579812331,2025-08-27,2026-08-27,246925.89,4386.39
2473,1,POL-030899256,2025-10-05,2026-10-05,463669.6,7248.3
2474,5,POL-114021530,2024-11-14,2025-11-14,136977.53,6275.86
2475,7,POL-040276177,2026-05-19,2027-05-19,390297.69,5036.64
2476,4,POL-128933234,2025-06-26,2026-06-26,335305.86,5331.09
2477,5,POL-422317781,2026-04-08,2027-04-08,137050.42,7813.02
2478,7,POL-214276565,2026-03-30,2027-03-30,498472.09,5647.87
2479,9,POL-076214163,2025-04-08,2026-04-08,35203.41,580.72
2480,5,POL-021421061,2026-02-14,2027-02-14,173181.09,852.76
2481,1,POL-410645582,2024-08-20,2025-08-20,306022.74,4443.29
2482,7,POL-941244516,2024-05-27,2025-05-27,242470.92,5969.4
2483,1,POL-946537092,2024-08-01,2025-08-01,44545.58,1897.76
2484,3,POL-879832323,2024-10-29,2025-10-29,460527.67,6162.0
2485,4,POL-770989534,2025-10-25,2026-10-25,292229.39,5696.77
2486,8,POL-517013588,2026-05-13,2027-05-13,129092.73,6011.11
2487,3,POL-215552489,2026-02-06,2027-02-06,425377.44,4886.21
2488,5,POL-087130161,2025-08-18,2026-08-18,324769.39,7407.85
2489,1,POL-804112126,2026-02-21,2027-02-21,136010.78,7432.86
2490,2,POL-906102967,2024-08-20,2025-08-20,222420.86,2946.63
2491,6,POL-697780349,2024-12-04,2025-12-04,72770.57,692.23
2492,3,POL-163934835,2025-12-15,2026-12-15,350781.28,5233.8
2493,5,POL-490857471,2025-02-12,2026-02-12,496379.44,576.01
2494,3,POL-155648964,2025-05-16,2026-05-16,480522.29,1116.02
2495,4,POL-246963181,2024-11-11,2025-11-11,184840.49,7123.86
2496,3,POL-899609932,2025-01-15,2026-01-15,456250.74,4934.35
2497,4,POL-430926204,2025-03-02,2026-03-02,415694.8,6104.54
2498,10,POL-401521738,2025-06-01,2026-06-01,432066.8,6164.09
2499,4,POL-189733247,2024-08-11,2025-08-11,57761.29,5883.79
2500,2,POL-258999673,2024-08-03,2025-08-03,73604.16,2216.4
