1,Anna,Wojcik,70000000001,700000001,anna.wojcik.1@mail.com,ABA000001,PL0000001,B,2030-01-02,2021-01-02
2,Piotr,Lewandowski,70000000002,700000002,piotr.lewandowski.2@mail.com,ABA000002,PL0000002,B+E,2030-01-03,2021-01-03
3,Magdalena,Wozniak,70000000003,700000003,magdalena.wozniak.3@mail.com,ABA000003,PL0000003,C,2030-01-04,2021-01-04
4,Marek,Nowak,70000000004,700000004,marek.nowak.4@mail.com,ABA000004,PL0000004,A,2030-01-05,2021-01-05
5,Joanna,Wojcik,70000000005,700000005,joanna.wojcik.5@mail.com,ABA000005,PL0000005,D,2030-01-06,2021-01-06
6,Michal,Lewandowski,70000000006,700000006,michal.lewandowski.6@mail.com,ABA000006,PL0000006,B,2030-01-07,2021-01-07
7,Monika,Wozniak,70000000007,700000007,monika.wozniak.7@mail.com,ABA000007,PL0000007,B+E,2030-01-08,2021-01-08
8,Andrzej,Nowak,70000000008,700000008,andrzej.nowak.8@mail.com,ABA000008,PL0000008,C,2030-01-09,2021-01-09
9,Karolina,Wojcik,70000000009,700000009,karolina.wojcik.9@mail.com,ABA000009,PL0000009,A,2030-01-10,2021-01-10
10,Mateusz,Lewandowski,70000000010,700000010,mateusz.lewandowski.10@mail.com,ABA000010,PL0000010,D,2030-01-11,2021-01-11
11,Marta,Wozniak,70000000011,700000011,marta.wozniak.11@mail.com,ABA000011,PL0000011,B,2030-01-12,2021-01-12
12,Dawid,Nowak,70000000012,700000012,dawid.nowak.12@mail.com,ABA000012,PL0000012,B+E,2030-01-13,2021-01-13
13,Anna,Wojcik,70000000013,700000013,anna.wojcik.13@mail.com,ABA000013,PL0000013,C,2030-01-14,2021-01-14
14,Piotr,Lewandowski,70000000014,700000014,piotr.lewandowski.14@mail.com,ABA000014,PL0000014,A,2030-01-15,2021-01-15
15,Magdalena,Wozniak,70000000015,700000015,magdalena.wozniak.15@mail.com,ABA000015,PL0000015,D,2030-01-16,2021-01-16
16,Marek,Nowak,70000000016,700000016,marek.nowak.16@mail.com,ABA000016,PL0000016,B,2030-01-17,2021-01-17
17,Joanna,Wojcik,70000000017,700000017,joanna.wojcik.17@mail.com,ABA000017,PL0000017,B+E,2030-01-18,2021-01-18
18,Michal,Lewandowski,70000000018,700000018,michal.lewandowski.18@mail.com,ABA000018,PL0000018,C,2030-01-19,2021-01-19
19,Monika,Wozniak,70000000019,700000019,monika.wozniak.19@mail.com,ABA000019,PL0000019,A,2030-01-20,2021-01-20
20,Andrzej,Nowak,70000000020,700000020,andrzej.nowak.20@mail.com,ABA000020,PL0000020,D,2030-01-21,2021-01-21
21,Karolina,Wojcik,70000000021,700000021,karolina.wojcik.21@mail.com,ABA000021,PL0000021,B,2030-01-22,2021-01-22
22,Mateusz,Lewandowski,70000000022,700000022,mateusz.lewandowski.22@mail.com,ABA000022,PL0000022,B+E,2030-01-23,2021-01-23
23,Marta,Wozniak,70000000023,700000023,marta.wozniak.23@mail.com,ABA000023,PL0000023,C,2030-01-24,2021-01-24
24,Dawid,Nowak,70000000024,700000024,dawid.nowak.24@mail.com,ABA000024,PL0000024,A,2030-01-25,2021-01-25
25,Anna,Wojcik,70000000025,700000025,anna.wojcik.25@mail.com,ABA000025,PL0000025,D,2030-01-26,2021-01-26
26,Piotr,Lewandowski,70000000026,700000026,piotr.lewandowski.26@mail.com,ABA000026,PL0000026,B,2030-01-27,2021-01-27
27,Magdalena,Wozniak,70000000027,700000027,magdalena.wozniak.27@mail.com,ABA000027,PL0000027,B+E,2030-01-28,2021-01-28
28,Marek,Nowak,70000000028,700000028,marek.nowak.28@mail.com,ABA000028,PL0000028,C,2030-01-29,2021-01-29
29,Joanna,Wojcik,70000000029,700000029,joanna.wojcik.29@mail.com,ABA000029,PL0000029,A,2030-01-30,2021-01-30
30,Michal,Lewandowski,70000000030,700000030,michal.lewandowski.30@mail.com,ABA000030,PL0000030,D,2030-01-31,2021-01-31
31,Monika,Wozniak,70000000031,700000031,monika.wozniak.31@mail.com,ABA000031,PL0000031,B,2030-02-01,2021-02-01
32,Andrzej,Nowak,70000000032,700000032,andrzej.nowak.32@mail.com,ABA000032,PL0000032,B+E,2030-02-02,2021-02-02
33,Karolina,Wojcik,70000000033,700000033,karolina.wojcik.33@mail.com,ABA000033,PL0000033,C,2030-02-03,2021-02-03
34,Mateusz,Lewandowski,70000000034,700000034,mateusz.lewandowski.34@mail.com,ABA000034,PL0000034,A,2030-02-04,2021-02-04
35,Marta,Wozniak,70000000035,700000035,marta.wozniak.35@mail.com,ABA000035,PL0000035,D,2030-02-05,2021-02-05
36,Dawid,Nowak,70000000036,700000036,dawid.nowak.36@mail.com,ABA000036,PL0000036,B,2030-02-06,2021-02-06
37,Anna,Wojcik,70000000037,700000037,anna.wojcik.37@mail.com,ABA000037,PL0000037,B+E,2030-02-07,2021-02-07
38,Piotr,Lewandowski,70000000038,700000038,piotr.lewandowski.38@mail.com,ABA000038,PL0000038,C,2030-02-08,2021-02-08
39,Magdalena,Wozniak,70000000039,700000039,magdalena.wozniak.39@mail.com,ABA000039,PL0000039,A,2030-02-09,2021-02-09
40,Marek,Nowak,70000000040,700000040,marek.nowak.40@mail.com,ABA000040,PL0000040,D,2030-02-10,2021-02-10
41,Joanna,Wojcik,70000000041,700000041,joanna.wojcik.41@mail.com,ABA000041,PL0000041,B,2030-02-11,2021-02-11
42,Michal,Lewandowski,70000000042,700000042,michal.lewandowski.42@mail.com,ABA000042,PL0000042,B+E,2030-02-12,2021-02-12
43,Monika,Wozniak,70000000043,700000043,monika.wozniak.43@mail.com,ABA000043,PL0000043,C,2030-02-13,2021-02-13
44,Andrzej,Nowak,70000000044,700000044,andrzej.nowak.44@mail.com,ABA000044,PL0000044,A,2030-02-14,2021-02-14
45,Karolina,Wojcik,70000000045,700000045,karolina.wojcik.45@mail.com,ABA000045,PL0000045,D,2030-02-15,2021-02-15
46,Mateusz,Lewandowski,70000000046,700000046,mateusz.lewandowski.46@mail.com,ABA000046,PL0000046,B,2030-02-16,2021-02-16
47,Marta,Wozniak,70000000047,700000047,marta.wozniak.47@mail.com,ABA000047,PL0000047,B+E,2030-02-17,2021-02-17
48,Dawid,Nowak,70000000048,700000048,dawid.nowak.48@mail.com,ABA000048,PL0000048,C,2030-02-18,2021-02-18
49,Anna,Wojcik,70000000049,700000049,anna.wojcik.49@mail.com,ABA000049,PL0000049,A,2030-02-19,2021-02-19
50,Piotr,Lewandowski,70000000050,700000050,piotr.lewandowski.50@mail.com,ABA000050,PL0000050,D,2030-02-20,2021-02-20
51,Magdalena,Wozniak,70000000051,700000051,magdalena.wozniak.51@mail.com,ABA000051,PL0000051,B,2030-02-21,2021-02-21
52,Marek,Nowak,70000000052,700000052,marek.nowak.52@mail.com,ABA000052,PL0000052,B+E,2030-02-22,2021-02-22
53,Joanna,Wojcik,70000000053,700000053,joanna.wojcik.53@mail.com,ABA000053,PL0000053,C,2030-02-23,2021-02-23
54,Michal,Lewandowski,70000000054,700000054,michal.lewandowski.54@mail.com,ABA000054,PL0000054,A,2030-02-24,2021-02-24
55,Monika,Wozniak,70000000055,700000055,monika.wozniak.55@mail.com,ABA000055,PL0000055,D,2030-02-25,2021-02-25
56,Andrzej,Nowak,70000000056,700000056,andrzej.nowak.56@mail.com,ABA000056,PL0000056,B,2030-02-26,2021-02-26
57,Karolina,Wojcik,70000000057,700000057,karolina.wojcik.57@mail.com,ABA000057,PL0000057,B+E,2030-02-27,2021-02-27
58,Mateusz,Lewandowski,70000000058,700000058,mateusz.lewandowski.58@mail.com,ABA000058,PL0000058,C,2030-02-28,2021-02-28
59,Marta,Wozniak,70000000059,700000059,marta.wozniak.59@mail.com,ABA000059,PL0000059,A,2030-03-01,2021-03-01
60,Dawid,Nowak,70000000060,700000060,dawid.nowak.60@mail.com,ABA000060,PL0000060,D,2030-03-02,2021-03-02
61,Anna,Wojcik,70000000061,700000061,anna.wojcik.61@mail.com,ABA000061,PL0000061,B,2030-03-03,2021-03-03
62,Piotr,Lewandowski,70000000062,700000062,piotr.lewandowski.62@mail.com,ABA000062,PL0000062,B+E,2030-03-04,2021-03-04
63,Magdalena,Wozniak,70000000063,700000063,magdalena.wozniak.63@mail.com,ABA000063,PL0000063,C,2030-03-05,2021-03-05
64,Marek,Nowak,70000000064,700000064,marek.nowak.64@mail.com,ABA000064,PL0000064,A,2030-03-06,2021-03-06
65,Joanna,Wojcik,70000000065,700000065,joanna.wojcik.65@mail.com,ABA000065,PL0000065,D,2030-03-07,2021-03-07
66,Michal,Lewandowski,70000000066,700000066,michal.lewandowski.66@mail.com,ABA000066,PL0000066,B,2030-03-08,2021-03-08
67,Monika,Wozniak,70000000067,700000067,monika.wozniak.67@mail.com,ABA000067,PL0000067,B+E,2030-03-09,2021-03-09
68,Andrzej,Nowak,70000000068,700000068,andrzej.nowak.68@mail.com,ABA000068,PL0000068,C,2030-03-10,2021-03-10
69,Karolina,Wojcik,70000000069,700000069,karolina.wojcik.69@mail.com,ABA000069,PL0000069,A,2030-03-11,2021-03-11
70,Mateusz,Lewandowski,70000000070,700000070,mateusz.lewandowski.70@mail.com,ABA000070,PL0000070,D,2030-03-12,2021-03-12
71,Marta,Wozniak,70000000071,700000071,marta.wozniak.71@mail.com,ABA000071,PL0000071,B,2030-03-13,2021-03-13
72,Dawid,Nowak,70000000072,700000072,dawid.nowak.72@mail.com,ABA000072,PL0000072,B+E,2030-03-14,2021-03-14
73,Anna,Wojcik,70000000073,700000073,anna.wojcik.73@mail.com,ABA000073,PL0000073,C,2030-03-15,2021-03-15
74,Piotr,Lewandowski,70000000074,700000074,piotr.lewandowski.74@mail.com,ABA000074,PL0000074,A,2030-03-16,2021-03-16
75,Magdalena,Wozniak,70000000075,700000075,magdalena.wozniak.75@mail.com,ABA000075,PL0000075,D,2030-03-17,2021-03-17
76,Marek,Nowak,70000000076,700000076,marek.nowak.76@mail.com,ABA000076,PL0000076,B,2030-03-18,2021-03-18
77,Joanna,Wojcik,70000000077,700000077,joanna.wojcik.77@mail.com,ABA000077,PL0000077,B+E,2030-03-19,2021-03-19
78,Michal,Lewandowski,70000000078,700000078,michal.lewandowski.78@mail.com,ABA000078,PL0000078,C,2030-03-20,2021-03-20
79,Monika,Wozniak,70000000079,700000079,monika.wozniak.79@mail.com,ABA000079,PL0000079,A,2030-03-21,2021-03-21
80,Andrzej,Nowak,70000000080,700000080,andrzej.nowak.80@mail.com,ABA000080,PL0000080,D,2030-03-22,2021-03-22
81,Karolina,Wojcik,70000000081,700000081,karolina.wojcik.81@mail.com,ABA000081,PL0000081,B,2030-03-23,2021-03-23
82,Mateusz,Lewandowski,70000000082,700000082,mateusz.lewandowski.82@mail.com,ABA000082,PL0000082,B+E,2030-03-24,2021-03-24
83,Marta,Wozniak,70000000083,700000083,marta.wozniak.83@mail.com,ABA000083,PL0000083,C,2030-03-25,2021-03-25
84,Dawid,Nowak,70000000084,700000084,dawid.nowak.84@mail.com,ABA000084,PL0000084,A,2030-03-26,2021-03-26
85,Anna,Wojcik,70000000085,700000085,anna.wojcik.85@mail.com,ABA000085,PL0000085,D,2030-03-27,2021-03-27
86,Piotr,Lewandowski,70000000086,700000086,piotr.lewandowski.86@mail.com,ABA000086,PL0000086,B,2030-03-28,2021-03-28
87,Magdalena,Wozniak,70000000087,700000087,magdalena.wozniak.87@mail.com,ABA000087,PL0000087,B+E,2030-03-29,2021-03-29
88,Marek,Nowak,70000000088,700000088,marek.nowak.88@mail.com,ABA000088,PL0000088,C,2030-03-30,2021-03-30
89,Joanna,Wojcik,70000000089,700000089,joanna.wojcik.89@mail.com,ABA000089,PL0000089,A,2030-03-31,2021-03-31
90,Michal,Lewandowski,70000000090,700000090,michal.lewandowski.90@mail.com,ABA000090,PL0000090,D,2030-04-01,2021-04-01
91,Monika,Wozniak,70000000091,700000091,monika.wozniak.91@mail.com,ABA000091,PL0000091,B,2030-04-02,2021-04-02
92,Andrzej,Nowak,70000000092,700000092,andrzej.nowak.92@mail.com,ABA000092,PL0000092,B+E,2030-04-03,2021-04-03
93,Karolina,Wojcik,70000000093,700000093,karolina.wojcik.93@mail.com,ABA000093,PL0000093,C,2030-04-04,2021-04-04
94,Mateusz,Lewandowski,70000000094,700000094,mateusz.lewandowski.94@mail.com,ABA000094,PL0000094,A,2030-04-05,2021-04-05
95,Marta,Wozniak,70000000095,700000095,marta.wozniak.95@mail.com,ABA000095,PL0000095,D,2030-04-06,2021-04-06
96,Dawid,Nowak,70000000096,700000096,dawid.nowak.96@mail.com,ABA000096,PL0000096,B,2030-04-07,2021-04-07
97,Anna,Wojcik,70000000097,700000097,anna.wojcik.97@mail.com,ABA000097,PL0000097,B+E,2030-04-08,2021-04-08
98,Piotr,Lewandowski,70000000098,700000098,piotr.lewandowski.98@mail.com,ABA000098,PL0000098,C,2030-04-09,2021-04-09
99,Magdalena,Wozniak,70000000099,700000099,magdalena.wozniak.99@mail.com,ABA000099,PL0000099,A,2030-04-10,2021-04-10
100,Marek,Nowak,70000000100,700000100,marek.nowak.100@mail.com,ABA000100,PL0000100,D,2030-04-11,2021-04-11
101,Joanna,Wojcik,70000000101,700000101,joanna.wojcik.101@mail.com,ABA000101,PL0000101,B,2030-04-12,2021-04-12
102,Michal,Lewandowski,70000000102,700000102,michal.lewandowski.102@mail.com,ABA000102,PL0000102,B+E,2030-04-13,2021-04-13
103,Monika,Wozniak,70000000103,700000103,monika.wozniak.103@mail.com,ABA000103,PL0000103,C,2030-04-14,2021-04-14
104,Andrzej,Nowak,70000000104,700000104,andrzej.nowak.104@mail.com,ABA000104,PL0000104,A,2030-04-15,2021-04-15
105,Karolina,Wojcik,70000000105,700000105,karolina.wojcik.105@mail.com,ABA000105,PL0000105,D,2030-04-16,2021-04-16
106,Mateusz,Lewandowski,70000000106,700000106,mateusz.lewandowski.106@mail.com,ABA000106,PL0000106,B,2030-04-17,2021-04-17
107,Marta,Wozniak,70000000107,700000107,marta.wozniak.107@mail.com,ABA000107,PL0000107,B+E,2030-04-18,2021-04-18
108,Dawid,Nowak,70000000108,700000108,dawid.nowak.108@mail.com,ABA000108,PL0000108,C,2030-04-19,2021-04-19
109,Anna,Wojcik,70000000109,700000109,anna.wojcik.109@mail.com,ABA000109,PL0000109,A,2030-04-20,2021-04-20
110,Piotr,Lewandowski,70000000110,700000110,piotr.lewandowski.110@mail.com,ABA000110,PL0000110,D,2030-04-21,2021-04-21
111,Magdalena,Wozniak,70000000111,700000111,magdalena.wozniak.111@mail.com,ABA000111,PL0000111,B,2030-04-22,2021-04-22
112,Marek,Nowak,70000000112,700000112,marek.nowak.112@mail.com,ABA000112,PL0000112,B+E,2030-04-23,2021-04-23
113,Joanna,Wojcik,70000000113,700000113,joanna.wojcik.113@mail.com,ABA000113,PL0000113,C,2030-04-24,2021-04-24
114,Michal,Lewandowski,70000000114,700000114,michal.lewandowski.114@mail.com,ABA000114,PL0000114,A,2030-04-25,2021-04-25
115,Monika,Wozniak,70000000115,700000115,monika.wozniak.115@mail.com,ABA000115,PL0000115,D,2030-04-26,2021-04-26
116,Andrzej,Nowak,70000000116,700000116,andrzej.nowak.116@mail.com,ABA000116,PL0000116,B,2030-04-27,2021-04-27
117,Karolina,Wojcik,70000000117,700000117,karolina.wojcik.117@mail.com,ABA000117,PL0000117,B+E,2030-04-28,2021-04-28
118,Mateusz,Lewandowski,70000000118,700000118,mateusz.lewandowski.118@mail.com,ABA000118,PL0000118,C,2030-04-29,2021-04-29
119,Marta,Wozniak,70000000119,700000119,marta.wozniak.119@mail.com,ABA000119,PL0000119,A,2030-04-30,2021-04-30
120,Dawid,Nowak,70000000120,700000120,dawid.nowak.120@mail.com,ABA000120,PL0000120,D,2030-05-01,2021-05-01
121,Anna,Wojcik,70000000121,700000121,anna.wojcik.121@mail.com,ABA000121,PL0000121,B,2030-05-02,2021-05-02
122,Piotr,Lewandowski,70000000122,700000122,piotr.lewandowski.122@mail.com,ABA000122,PL0000122,B+E,2030-05-03,2021-05-03
123,Magdalena,Wozniak,70000000123,700000123,magdalena.wozniak.123@mail.com,ABA000123,PL0000123,C,2030-05-04,2021-05-04
124,Marek,Nowak,70000000124,700000124,marek.nowak.124@mail.com,ABA000124,PL0000124,A,2030-05-05,2021-05-05
125,Joanna,Wojcik,70000000125,700000125,joanna.wojcik.125@mail.com,ABA000125,PL0000125,D,2030-05-06,2021-05-06
126,Michal,Lewandowski,70000000126,700000126,michal.lewandowski.126@mail.com,ABA000126,PL0000126,B,2030-05-07,2021-05-07
127,Monika,Wozniak,70000000127,700000127,monika.wozniak.127@mail.com,ABA000127,PL0000127,B+E,2030-05-08,2021-05-08
128,Andrzej,Nowak,70000000128,700000128,andrzej.nowak.128@mail.com,ABA000128,PL0000128,C,2030-05-09,2021-05-09
129,Karolina,Wojcik,70000000129,700000129,karolina.wojcik.129@mail.com,ABA000129,PL0000129,A,2030-05-10,2021-05-10
130,Mateusz,Lewandowski,70000000130,700000130,mateusz.lewandowski.130@mail.com,ABA000130,PL0000130,D,2030-05-11,2021-05-11
131,Marta,Wozniak,70000000131,700000131,marta.wozniak.131@mail.com,ABA000131,PL0000131,B,2030-05-12,2021-05-12
132,Dawid,Nowak,70000000132,700000132,dawid.nowak.132@mail.com,ABA000132,PL0000132,B+E,2030-05-13,2021-05-13
133,Anna,Wojcik,70000000133,700000133,anna.wojcik.133@mail.com,ABA000133,PL0000133,C,2030-05-14,2021-05-14
134,Piotr,Lewandowski,70000000134,700000134,piotr.lewandowski.134@mail.com,ABA000134,PL0000134,A,2030-05-15,2021-05-15
135,Magdalena,Wozniak,70000000135,700000135,magdalena.wozniak.135@mail.com,ABA000135,PL0000135,D,2030-05-16,2021-05-16
136,Marek,Nowak,70000000136,700000136,marek.nowak.136@mail.com,ABA000136,PL0000136,B,2030-05-17,2021-05-17
137,Joanna,Wojcik,70000000137,700000137,joanna.wojcik.137@mail.com,ABA000137,PL0000137,B+E,2030-05-18,2021-05-18
138,Michal,Lewandowski,70000000138,700000138,michal.lewandowski.138@mail.com,ABA000138,PL0000138,C,2030-05-19,2021-05-19
139,Monika,Wozniak,70000000139,700000139,monika.wozniak.139@mail.com,ABA000139,PL0000139,A,2030-05-20,2021-05-20
140,Andrzej,Nowak,70000000140,700000140,andrzej.nowak.140@mail.com,ABA000140,PL0000140,D,2030-05-21,2021-05-21
141,Karolina,Wojcik,70000000141,700000141,karolina.wojcik.141@mail.com,ABA000141,PL0000141,B,2030-05-22,2021-05-22
142,Mateusz,Lewandowski,70000000142,700000142,mateusz.lewandowski.142@mail.com,ABA000142,PL0000142,B+E,2030-05-23,2021-05-23
143,Marta,Wozniak,70000000143,700000143,marta.wozniak.143@mail.com,ABA000143,PL0000143,C,2030-05-24,2021-05-24
144,Dawid,Nowak,70000000144,700000144,dawid.nowak.144@mail.com,ABA000144,PL0000144,A,2030-05-25,2021-05-25
145,Anna,Wojcik,70000000145,700000145,anna.wojcik.145@mail.com,ABA000145,PL0000145,D,2030-05-26,2021-05-26
146,Piotr,Lewandowski,70000000146,700000146,piotr.lewandowski.146@mail.com,ABA000146,PL0000146,B,2030-05-27,2021-05-27
147,Magdalena,Wozniak,70000000147,700000147,magdalena.wozniak.147@mail.com,ABA000147,PL0000147,B+E,2030-05-28,2021-05-28
148,Marek,Nowak,70000000148,700000148,marek.nowak.148@mail.com,ABA000148,PL0000148,C,2030-05-29,2021-05-29
149,Joanna,Wojcik,70000000149,700000149,joanna.wojcik.149@mail.com,ABA000149,PL0000149,A,2030-05-30,2021-05-30
150,Michal,Lewandowski,70000000150,700000150,michal.lewandowski.150@mail.com,ABA000150,PL0000150,D,2030-05-31,2021-05-31
151,Monika,Wozniak,70000000151,700000151,monika.wozniak.151@mail.com,ABA000151,PL0000151,B,2030-06-01,2021-06-01
152,Andrzej,Nowak,70000000152,700000152,andrzej.nowak.152@mail.com,ABA000152,PL0000152,B+E,2030-06-02,2021-06-02
153,Karolina,Wojcik,70000000153,700000153,karolina.wojcik.153@mail.com,ABA000153,PL0000153,C,2030-06-03,2021-06-03
154,Mateusz,Lewandowski,70000000154,700000154,mateusz.lewandowski.154@mail.com,ABA000154,PL0000154,A,2030-06-04,2021-06-04
155,Marta,Wozniak,70000000155,700000155,marta.wozniak.155@mail.com,ABA000155,PL0000155,D,2030-06-05,2021-06-05
156,Dawid,Nowak,70000000156,700000156,dawid.nowak.156@mail.com,ABA000156,PL0000156,B,2030-06-06,2021-06-06
157,Anna,Wojcik,70000000157,700000157,anna.wojcik.157@mail.com,ABA000157,PL0000157,B+E,2030-06-07,2021-06-07
158,Piotr,Lewandowski,70000000158,700000158,piotr.lewandowski.158@mail.com,ABA000158,PL0000158,C,2030-06-08,2021-06-08
159,Magdalena,Wozniak,70000000159,700000159,magdalena.wozniak.159@mail.com,ABA000159,PL0000159,A,2030-06-09,2021-06-09
160,Marek,Nowak,70000000160,700000160,marek.nowak.160@mail.com,ABA000160,PL0000160,D,2030-06-10,2021-06-10
161,Joanna,Wojcik,70000000161,700000161,joanna.wojcik.161@mail.com,ABA000161,PL0000161,B,2030-06-11,2021-06-11
162,Michal,Lewandowski,70000000162,700000162,michal.lewandowski.162@mail.com,ABA000162,PL0000162,B+E,2030-06-12,2021-06-12
163,Monika,Wozniak,70000000163,700000163,monika.wozniak.163@mail.com,ABA000163,PL0000163,C,2030-06-13,2021-06-13
164,Andrzej,Nowak,70000000164,700000164,andrzej.nowak.164@mail.com,ABA000164,PL0000164,A,2030-06-14,2021-06-14
165,Karolina,Wojcik,70000000165,700000165,karolina.wojcik.165@mail.com,ABA000165,PL0000165,D,2030-06-15,2021-06-15
166,Mateusz,Lewandowski,70000000166,700000166,mateusz.lewandowski.166@mail.com,ABA000166,PL0000166,B,2030-06-16,2021-06-16
167,Marta,Wozniak,70000000167,700000167,marta.wozniak.167@mail.com,ABA000167,PL0000167,B+E,2030-06-17,2021-06-17
168,Dawid,Nowak,70000000168,700000168,dawid.nowak.168@mail.com,ABA000168,PL0000168,C,2030-06-18,2021-06-18
169,Anna,Wojcik,70000000169,700000169,anna.wojcik.169@mail.com,ABA000169,PL0000169,A,2030-06-19,2021-06-19
170,Piotr,Lewandowski,70000000170,700000170,piotr.lewandowski.170@mail.com,ABA000170,PL0000170,D,2030-06-20,2021-06-20
171,Magdalena,Wozniak,70000000171,700000171,magdalena.wozniak.171@mail.com,ABA000171,PL0000171,B,2030-06-21,2021-06-21
172,Marek,Nowak,70000000172,700000172,marek.nowak.172@mail.com,ABA000172,PL0000172,B+E,2030-06-22,2021-06-22
173,Joanna,Wojcik,70000000173,700000173,joanna.wojcik.173@mail.com,ABA000173,PL0000173,C,2030-06-23,2021-06-23
174,Michal,Lewandowski,70000000174,700000174,michal.lewandowski.174@mail.com,ABA000174,PL0000174,A,2030-06-24,2021-06-24
175,Monika,Wozniak,70000000175,700000175,monika.wozniak.175@mail.com,ABA000175,PL0000175,D,2030-06-25,2021-06-25
176,Andrzej,Nowak,70000000176,700000176,andrzej.nowak.176@mail.com,ABA000176,PL0000176,B,2030-06-26,2021-06-26
177,Karolina,Wojcik,70000000177,700000177,karolina.wojcik.177@mail.com,ABA000177,PL0000177,B+E,2030-06-27,2021-06-27
178,Mateusz,Lewandowski,70000000178,700000178,mateusz.lewandowski.178@mail.com,ABA000178,PL0000178,C,2030-06-28,2021-06-28
179,Marta,Wozniak,70000000179,700000179,marta.wozniak.179@mail.com,ABA000179,PL0000179,A,2030-06-29,2021-06-29
180,Dawid,Nowak,70000000180,700000180,dawid.nowak.180@mail.com,ABA000180,PL0000180,D,2030-06-30,2021-06-30
181,Anna,Wojcik,70000000181,700000181,anna.wojcik.181@mail.com,ABA000181,PL0000181,B,2030-07-01,2021-07-01
182,Piotr,Lewandowski,70000000182,700000182,piotr.lewandowski.182@mail.com,ABA000182,PL0000182,B+E,2030-07-02,2021-07-02
183,Magdalena,Wozniak,70000000183,700000183,magdalena.wozniak.183@mail.com,ABA000183,PL0000183,C,2030-07-03,2021-07-03
184,Marek,Nowak,70000000184,700000184,marek.nowak.184@mail.com,ABA000184,PL0000184,A,2030-07-04,2021-07-04
185,Joanna,Wojcik,70000000185,700000185,joanna.wojcik.185@mail.com,ABA000185,PL0000185,D,2030-07-05,2021-07-05
186,Michal,Lewandowski,70000000186,700000186,michal.lewandowski.186@mail.com,ABA000186,PL0000186,B,2030-07-06,2021-07-06
187,Monika,Wozniak,70000000187,700000187,monika.wozniak.187@mail.com,ABA000187,PL0000187,B+E,2030-07-07,2021-07-07
188,Andrzej,Nowak,70000000188,700000188,andrzej.nowak.188@mail.com,ABA000188,PL0000188,C,2030-07-08,2021-07-08
189,Karolina,Wojcik,70000000189,700000189,karolina.wojcik.189@mail.com,ABA000189,PL0000189,A,2030-07-09,2021-07-09
190,Mateusz,Lewandowski,70000000190,700000190,mateusz.lewandowski.190@mail.com,ABA000190,PL0000190,D,2030-07-10,2021-07-10
191,Marta,Wozniak,70000000191,700000191,marta.wozniak.191@mail.com,ABA000191,PL0000191,B,2030-07-11,2021-07-11
192,Dawid,Nowak,70000000192,700000192,dawid.nowak.192@mail.com,ABA000192,PL0000192,B+E,2030-07-12,2021-07-12
193,Anna,Wojcik,70000000193,700000193,anna.wojcik.193@mail.com,ABA000193,PL0000193,C,2030-07-13,2021-07-13
194,Piotr,Lewandowski,70000000194,700000194,piotr.lewandowski.194@mail.com,ABA000194,PL0000194,A,2030-07-14,2021-07-14
195,Magdalena,Wozniak,70000000195,700000195,magdalena.wozniak.195@mail.com,ABA000195,PL0000195,D,2030-07-15,2021-07-15
196,Marek,Nowak,70000000196,700000196,marek.nowak.196@mail.com,ABA000196,PL0000196,B,2030-07-16,2021-07-16
197,Joanna,Wojcik,70000000197,700000197,joanna.wojcik.197@mail.com,ABA000197,PL0000197,B+E,2030-07-17,2021-07-17
198,Michal,Lewandowski,70000000198,700000198,michal.lewandowski.198@mail.com,ABA000198,PL0000198,C,2030-07-18,2021-07-18
199,Monika,Wozniak,70000000199,700000199,monika.wozniak.199@mail.com,ABA000199,PL0000199,A,2030-07-19,2021-07-19
200,Andrzej,Nowak,70000000200,700000200,andrzej.nowak.200@mail.com,ABA000200,PL0000200,D,2030-07-20,2021-07-20
201,Karolina,Wojcik,70000000201,700000201,karolina.wojcik.201@mail.com,ABA000201,PL0000201,B,2030-07-21,2021-07-21
202,Mateusz,Lewandowski,70000000202,700000202,mateusz.lewandowski.202@mail.com,ABA000202,PL0000202,B+E,2030-07-22,2021-07-22
203,Marta,Wozniak,70000000203,700000203,marta.wozniak.203@mail.com,ABA000203,PL0000203,C,2030-07-23,2021-07-23
204,Dawid,Nowak,70000000204,700000204,dawid.nowak.204@mail.com,ABA000204,PL0000204,A,2030-07-24,2021-07-24
205,Anna,Wojcik,70000000205,700000205,anna.wojcik.205@mail.com,ABA000205,PL0000205,D,2030-07-25,2021-07-25
206,Piotr,Lewandowski,70000000206,700000206,piotr.lewandowski.206@mail.com,ABA000206,PL0000206,B,2030-07-26,2021-07-26
207,Magdalena,Wozniak,70000000207,700000207,magdalena.wozniak.207@mail.com,ABA000207,PL0000207,B+E,2030-07-27,2021-07-27
208,Marek,Nowak,70000000208,700000208,marek.nowak.208@mail.com,ABA000208,PL0000208,C,2030-07-28,2021-07-28
209,Joanna,Wojcik,70000000209,700000209,joanna.wojcik.209@mail.com,ABA000209,PL0000209,A,2030-07-29,2021-07-29
210,Michal,Lewandowski,70000000210,700000210,michal.lewandowski.210@mail.com,ABA000210,PL0000210,D,2030-07-30,2021-07-30
211,Monika,Wozniak,70000000211,700000211,monika.wozniak.211@mail.com,ABA000211,PL0000211,B,2030-07-31,2021-07-31
212,Andrzej,Nowak,70000000212,700000212,andrzej.nowak.212@mail.com,ABA000212,PL0000212,B+E,2030-08-01,2021-08-01
213,Karolina,Wojcik,70000000213,700000213,karolina.wojcik.213@mail.com,ABA000213,PL0000213,C,2030-08-02,2021-08-02
214,Mateusz,Lewandowski,70000000214,700000214,mateusz.lewandowski.214@mail.com,ABA000214,PL0000214,A,2030-08-03,2021-08-03
215,Marta,Wozniak,70000000215,700000215,marta.wozniak.215@mail.com,ABA000215,PL0000215,D,2030-08-04,2021-08-04
216,Dawid,Nowak,70000000216,700000216,dawid.nowak.216@mail.com,ABA000216,PL0000216,B,2030-08-05,2021-08-05
217,Anna,Wojcik,70000000217,700000217,anna.wojcik.217@mail.com,ABA000217,PL0000217,B+E,2030-08-06,2021-08-06
218,Piotr,Lewandowski,70000000218,700000218,piotr.lewandowski.218@mail.com,ABA000218,PL0000218,C,2030-08-07,2021-08-07
219,Magdalena,Wozniak,70000000219,700000219,magdalena.wozniak.219@mail.com,ABA000219,PL0000219,A,2030-08-08,2021-08-08
220,Marek,Nowak,70000000220,700000220,marek.nowak.220@mail.com,ABA000220,PL0000220,D,2030-08-09,2021-08-09
221,Joanna,Wojcik,70000000221,700000221,joanna.wojcik.221@mail.com,ABA000221,PL0000221,B,2030-08-10,2021-08-10
222,Michal,Lewandowski,70000000222,700000222,michal.lewandowski.222@mail.com,ABA000222,PL0000222,B+E,2030-08-11,2021-08-11
223,Monika,Wozniak,70000000223,700000223,monika.wozniak.223@mail.com,ABA000223,PL0000223,C,2030-08-12,2021-08-12
224,Andrzej,Nowak,70000000224,700000224,andrzej.nowak.224@mail.com,ABA000224,PL0000224,A,2030-08-13,2021-08-13
225,Karolina,Wojcik,70000000225,700000225,karolina.wojcik.225@mail.com,ABA000225,PL0000225,D,2030-08-14,2021-08-14
226,Mateusz,Lewandowski,70000000226,700000226,mateusz.lewandowski.226@mail.com,ABA000226,PL0000226,B,2030-08-15,2021-08-15
227,Marta,Wozniak,70000000227,700000227,marta.wozniak.227@mail.com,ABA000227,PL0000227,B+E,2030-08-16,2021-08-16
228,Dawid,Nowak,70000000228,700000228,dawid.nowak.228@mail.com,ABA000228,PL0000228,C,2030-08-17,2021-08-17
229,Anna,Wojcik,70000000229,700000229,anna.wojcik.229@mail.com,ABA000229,PL0000229,A,2030-08-18,2021-08-18
230,Piotr,Lewandowski,70000000230,700000230,piotr.lewandowski.230@mail.com,ABA000230,PL0000230,D,2030-08-19,2021-08-19
231,Magdalena,Wozniak,70000000231,700000231,magdalena.wozniak.231@mail.com,ABA000231,PL0000231,B,2030-08-20,2021-08-20
232,Marek,Nowak,70000000232,700000232,marek.nowak.232@mail.com,ABA000232,PL0000232,B+E,2030-08-21,2021-08-21
233,Joanna,Wojcik,70000000233,700000233,joanna.wojcik.233@mail.com,ABA000233,PL0000233,C,2030-08-22,2021-08-22
234,Michal,Lewandowski,70000000234,700000234,michal.lewandowski.234@mail.com,ABA000234,PL0000234,A,2030-08-23,2021-08-23
235,Monika,Wozniak,70000000235,700000235,monika.wozniak.235@mail.com,ABA000235,PL0000235,D,2030-08-24,2021-08-24
236,Andrzej,Nowak,70000000236,700000236,andrzej.nowak.236@mail.com,ABA000236,PL0000236,B,2030-08-25,2021-08-25
237,Karolina,Wojcik,70000000237,700000237,karolina.wojcik.237@mail.com,ABA000237,PL0000237,B+E,2030-08-26,2021-08-26
238,Mateusz,Lewandowski,70000000238,700000238,mateusz.lewandowski.238@mail.com,ABA000238,PL0000238,C,2030-08-27,2021-08-27
239,Marta,Wozniak,70000000239,700000239,marta.wozniak.239@mail.com,ABA000239,PL0000239,A,2030-08-28,2021-08-28
240,Dawid,Nowak,70000000240,700000240,dawid.nowak.240@mail.com,ABA000240,PL0000240,D,2030-08-29,2021-08-29
241,Anna,Wojcik,70000000241,700000241,anna.wojcik.241@mail.com,ABA000241,PL0000241,B,2030-08-30,2021-08-30
242,Piotr,Lewandowski,70000000242,700000242,piotr.lewandowski.242@mail.com,ABA000242,PL0000242,B+E,2030-08-31,2021-08-31
243,Magdalena,Wozniak,70000000243,700000243,magdalena.wozniak.243@mail.com,ABA000243,PL0000243,C,2030-09-01,2021-09-01
244,Marek,Nowak,70000000244,700000244,marek.nowak.244@mail.com,ABA000244,PL0000244,A,2030-09-02,2021-09-02
245,Joanna,Wojcik,70000000245,700000245,joanna.wojcik.245@mail.com,ABA000245,PL0000245,D,2030-09-03,2021-09-03
246,Michal,Lewandowski,70000000246,700000246,michal.lewandowski.246@mail.com,ABA000246,PL0000246,B,2030-09-04,2021-09-04
247,Monika,Wozniak,70000000247,700000247,monika.wozniak.247@mail.com,ABA000247,PL0000247,B+E,2030-09-05,2021-09-05
248,Andrzej,Nowak,70000000248,700000248,andrzej.nowak.248@mail.com,ABA000248,PL0000248,C,2030-09-06,2021-09-06
249,Karolina,Wojcik,70000000249,700000249,karolina.wojcik.249@mail.com,ABA000249,PL0000249,A,2030-09-07,2021-09-07
250,Mateusz,Lewandowski,70000000250,700000250,mateusz.lewandowski.250@mail.com,ABA000250,PL0000250,D,2030-09-08,2021-09-08
251,Marta,Wozniak,70000000251,700000251,marta.wozniak.251@mail.com,ABA000251,PL0000251,B,2030-09-09,2021-09-09
252,Dawid,Nowak,70000000252,700000252,dawid.nowak.252@mail.com,ABA000252,PL0000252,B+E,2030-09-10,2021-09-10
253,Anna,Wojcik,70000000253,700000253,anna.wojcik.253@mail.com,ABA000253,PL0000253,C,2030-09-11,2021-09-11
254,Piotr,Lewandowski,70000000254,700000254,piotr.lewandowski.254@mail.com,ABA000254,PL0000254,A,2030-09-12,2021-09-12
255,Magdalena,Wozniak,70000000255,700000255,magdalena.wozniak.255@mail.com,ABA000255,PL0000255,D,2030-09-13,2021-09-13
256,Marek,Nowak,70000000256,700000256,marek.nowak.256@mail.com,ABA000256,PL0000256,B,2030-09-14,2021-09-14
257,Joanna,Wojcik,70000000257,700000257,joanna.wojcik.257@mail.com,ABA000257,PL0000257,B+E,2030-09-15,2021-09-15
258,Michal,Lewandowski,70000000258,700000258,michal.lewandowski.258@mail.com,ABA000258,PL0000258,C,2030-09-16,2021-09-16
259,Monika,Wozniak,70000000259,700000259,monika.wozniak.259@mail.com,ABA000259,PL0000259,A,2030-09-17,2021-09-17
260,Andrzej,Nowak,70000000260,700000260,andrzej.nowak.260@mail.com,ABA000260,PL0000260,D,2030-09-18,2021-09-18
261,Karolina,Wojcik,70000000261,700000261,karolina.wojcik.261@mail.com,ABA000261,PL0000261,B,2030-09-19,2021-09-19
262,Mateusz,Lewandowski,70000000262,700000262,mateusz.lewandowski.262@mail.com,ABA000262,PL0000262,B+E,2030-09-20,2021-09-20
263,Marta,Wozniak,70000000263,700000263,marta.wozniak.263@mail.com,ABA000263,PL0000263,C,2030-09-21,2021-09-21
264,Dawid,Nowak,70000000264,700000264,dawid.nowak.264@mail.com,ABA000264,PL0000264,A,2030-09-22,2021-09-22
265,Anna,Wojcik,70000000265,700000265,anna.wojcik.265@mail.com,ABA000265,PL0000265,D,2030-09-23,2021-09-23
266,Piotr,Lewandowski,70000000266,700000266,piotr.lewandowski.266@mail.com,ABA000266,PL0000266,B,2030-09-24,2021-09-24
267,Magdalena,Wozniak,70000000267,700000267,magdalena.wozniak.267@mail.com,ABA000267,PL0000267,B+E,2030-09-25,2021-09-25
268,Marek,Nowak,70000000268,700000268,marek.nowak.268@mail.com,ABA000268,PL0000268,C,2030-09-26,2021-09-26
269,Joanna,Wojcik,70000000269,700000269,joanna.wojcik.269@mail.com,ABA000269,PL0000269,A,2030-09-27,2021-09-27
270,Michal,Lewandowski,70000000270,700000270,michal.lewandowski.270@mail.com,ABA000270,PL0000270,D,2030-09-28,2021-09-28
271,Monika,Wozniak,70000000271,700000271,monika.wozniak.271@mail.com,ABA000271,PL0000271,B,2030-09-29,2021-09-29
272,Andrzej,Nowak,70000000272,700000272,andrzej.nowak.272@mail.com,ABA000272,PL0000272,B+E,2030-09-30,2021-09-30
273,Karolina,Wojcik,70000000273,700000273,karolina.wojcik.273@mail.com,ABA000273,PL0000273,C,2030-10-01,2021-10-01
274,Mateusz,Lewandowski,70000000274,700000274,mateusz.lewandowski.274@mail.com,ABA000274,PL0000274,A,2030-10-02,2021-10-02
275,Marta,Wozniak,70000000275,700000275,marta.wozniak.275@mail.com,ABA000275,PL0000275,D,2030-10-03,2021-10-03
276,Dawid,Nowak,70000000276,700000276,dawid.nowak.276@mail.com,ABA000276,PL0000276,B,2030-10-04,2021-10-04
277,Anna,Wojcik,70000000277,700000277,anna.wojcik.277@mail.com,ABA000277,PL0000277,B+E,2030-10-05,2021-10-05
278,Piotr,Lewandowski,70000000278,700000278,piotr.lewandowski.278@mail.com,ABA000278,PL0000278,C,2030-10-06,2021-10-06
279,Magdalena,Wozniak,70000000279,700000279,magdalena.wozniak.279@mail.com,ABA000279,PL0000279,A,2030-10-07,2021-10-07
280,Marek,Nowak,70000000280,700000280,marek.nowak.280@mail.com,ABA000280,PL0000280,D,2030-10-08,2021-10-08
281,Joanna,Wojcik,70000000281,700000281,joanna.wojcik.281@mail.com,ABA000281,PL0000281,B,2030-10-09,2021-10-09
282,Michal,Lewandowski,70000000282,700000282,michal.lewandowski.282@mail.com,ABA000282,PL0000282,B+E,2030-10-10,2021-10-10
283,Monika,Wozniak,70000000283,700000283,monika.wozniak.283@mail.com,ABA000283,PL0000283,C,2030-10-11,2021-10-11
284,Andrzej,Nowak,70000000284,700000284,andrzej.nowak.284@mail.com,ABA000284,PL0000284,A,2030-10-12,2021-10-12
285,Karolina,Wojcik,70000000285,700000285,karolina.wojcik.285@mail.com,ABA000285,PL0000285,D,2030-10-13,2021-10-13
286,Mateusz,Lewandowski,70000000286,700000286,mateusz.lewandowski.286@mail.com,ABA000286,PL0000286,B,2030-10-14,2021-10-14
287,Marta,Wozniak,70000000287,700000287,marta.wozniak.287@mail.com,ABA000287,PL0000287,B+E,2030-10-15,2021-10-15
288,Dawid,Nowak,70000000288,700000288,dawid.nowak.288@mail.com,ABA000288,PL0000288,C,2030-10-16,2021-10-16
289,Anna,Wojcik,70000000289,700000289,anna.wojcik.289@mail.com,ABA000289,PL0000289,A,2030-10-17,2021-10-17
290,Piotr,Lewandowski,70000000290,700000290,piotr.lewandowski.290@mail.com,ABA000290,PL0000290,D,2030-10-18,2021-10-18
291,Magdalena,Wozniak,70000000291,700000291,magdalena.wozniak.291@mail.com,ABA000291,PL0000291,B,2030-10-19,2021-10-19
292,Marek,Nowak,70000000292,700000292,marek.nowak.292@mail.com,ABA000292,PL0000292,B+E,2030-10-20,2021-10-20
293,Joanna,Wojcik,70000000293,700000293,joanna.wojcik.293@mail.com,ABA000293,PL0000293,C,2030-10-21,2021-10-21
294,Michal,Lewandowski,70000000294,700000294,michal.lewandowski.294@mail.com,ABA000294,PL0000294,A,2030-10-22,2021-10-22
295,Monika,Wozniak,70000000295,700000295,monika.wozniak.295@mail.com,ABA000295,PL0000295,D,2030-10-23,2021-10-23
296,Andrzej,Nowak,70000000296,700000296,andrzej.nowak.296@mail.com,ABA000296,PL0000296,B,2030-10-24,2021-10-24
297,Karolina,Wojcik,70000000297,700000297,karolina.wojcik.297@mail.com,ABA000297,PL0000297,B+E,2030-10-25,2021-10-25
298,Mateusz,Lewandowski,70000000298,700000298,mateusz.lewandowski.298@mail.com,ABA000298,PL0000298,C,2030-10-26,2021-10-26
299,Marta,Wozniak,70000000299,700000299,marta.wozniak.299@mail.com,ABA000299,PL0000299,A,2030-10-27,2021-10-27
300,Dawid,Nowak,70000000300,700000300,dawid.nowak.300@mail.com,ABA000300,PL0000300,D,2030-10-28,2021-10-28
301,Anna,Wojcik,70000000301,700000301,anna.wojcik.301@mail.com,ABA000301,PL0000301,B,2030-10-29,2021-10-29
302,Piotr,Lewandowski,70000000302,700000302,piotr.lewandowski.302@mail.com,ABA000302,PL0000302,B+E,2030-10-30,2021-10-30
303,Magdalena,Wozniak,70000000303,700000303,magdalena.wozniak.303@mail.com,ABA000303,PL0000303,C,2030-10-31,2021-10-31
304,Marek,Nowak,70000000304,700000304,marek.nowak.304@mail.com,ABA000304,PL0000304,A,2030-11-01,2021-11-01
305,Joanna,Wojcik,70000000305,700000305,joanna.wojcik.305@mail.com,ABA000305,PL0000305,D,2030-11-02,2021-11-02
306,Michal,Lewandowski,70000000306,700000306,michal.lewandowski.306@mail.com,ABA000306,PL0000306,B,2030-11-03,2021-11-03
307,Monika,Wozniak,70000000307,700000307,monika.wozniak.307@mail.com,ABA000307,PL0000307,B+E,2030-11-04,2021-11-04
308,Andrzej,Nowak,70000000308,700000308,andrzej.nowak.308@mail.com,ABA000308,PL0000308,C,2030-11-05,2021-11-05
309,Karolina,Wojcik,70000000309,700000309,karolina.wojcik.309@mail.com,ABA000309,PL0000309,A,2030-11-06,2021-11-06
310,Mateusz,Lewandowski,70000000310,700000310,mateusz.lewandowski.310@mail.com,ABA000310,PL0000310,D,2030-11-07,2021-11-07
311,Marta,Wozniak,70000000311,700000311,marta.wozniak.311@mail.com,ABA000311,PL0000311,B,2030-11-08,2021-11-08
312,Dawid,Nowak,70000000312,700000312,dawid.nowak.312@mail.com,ABA000312,PL0000312,B+E,2030-11-09,2021-11-09
313,Anna,Wojcik,70000000313,700000313,anna.wojcik.313@mail.com,ABA000313,PL0000313,C,2030-11-10,2021-11-10
314,Piotr,Lewandowski,70000000314,700000314,piotr.lewandowski.314@mail.com,ABA000314,PL0000314,A,2030-11-11,2021-11-11
315,Magdalena,Wozniak,70000000315,700000315,magdalena.wozniak.315@mail.com,ABA000315,PL0000315,D,2030-11-12,2021-11-12
316,Marek,Nowak,70000000316,700000316,marek.nowak.316@mail.com,ABA000316,PL0000316,B,2030-11-13,2021-11-13
317,Joanna,Wojcik,70000000317,700000317,joanna.wojcik.317@mail.com,ABA000317,PL0000317,B+E,2030-11-14,2021-11-14
318,Michal,Lewandowski,70000000318,700000318,michal.lewandowski.318@mail.com,ABA000318,PL0000318,C,2030-11-15,2021-11-15
319,Monika,Wozniak,70000000319,700000319,monika.wozniak.319@mail.com,ABA000319,PL0000319,A,2030-11-16,2021-11-16
320,Andrzej,Nowak,70000000320,700000320,andrzej.nowak.320@mail.com,ABA000320,PL0000320,D,2030-11-17,2021-11-17
321,Karolina,Wojcik,70000000321,700000321,karolina.wojcik.321@mail.com,ABA000321,PL0000321,B,2030-11-18,2021-11-18
322,Mateusz,Lewandowski,70000000322,700000322,mateusz.lewandowski.322@mail.com,ABA000322,PL0000322,B+E,2030-11-19,2021-11-19
323,Marta,Wozniak,70000000323,700000323,marta.wozniak.323@mail.com,ABA000323,PL0000323,C,2030-11-20,2021-11-20
324,Dawid,Nowak,70000000324,700000324,dawid.nowak.324@mail.com,ABA000324,PL0000324,A,2030-11-21,2021-11-21
325,Anna,Wojcik,70000000325,700000325,anna.wojcik.325@mail.com,ABA000325,PL0000325,D,2030-11-22,2021-11-22
326,Piotr,Lewandowski,70000000326,700000326,piotr.lewandowski.326@mail.com,ABA000326,PL0000326,B,2030-11-23,2021-11-23
327,Magdalena,Wozniak,70000000327,700000327,magdalena.wozniak.327@mail.com,ABA000327,PL0000327,B+E,2030-11-24,2021-11-24
328,Marek,Nowak,70000000328,700000328,marek.nowak.328@mail.com,ABA000328,PL0000328,C,2030-11-25,2021-11-25
329,Joanna,Wojcik,70000000329,700000329,joanna.wojcik.329@mail.com,ABA000329,PL0000329,A,2030-11-26,2021-11-26
330,Michal,Lewandowski,70000000330,700000330,michal.lewandowski.330@mail.com,ABA000330,PL0000330,D,2030-11-27,2021-11-27
331,Monika,Wozniak,70000000331,700000331,monika.wozniak.331@mail.com,ABA000331,PL0000331,B,2030-11-28,2021-11-28
332,Andrzej,Nowak,70000000332,700000332,andrzej.nowak.332@mail.com,ABA000332,PL0000332,B+E,2030-11-29,2021-11-29
333,Karolina,Wojcik,70000000333,700000333,karolina.wojcik.333@mail.com,ABA000333,PL0000333,C,2030-11-30,2021-11-30
334,Mateusz,Lewandowski,70000000334,700000334,mateusz.lewandowski.334@mail.com,ABA000334,PL0000334,A,2030-12-01,2021-12-01
335,Marta,Wozniak,70000000335,700000335,marta.wozniak.335@mail.com,ABA000335,PL0000335,D,2030-12-02,2021-12-02
336,Dawid,Nowak,70000000336,700000336,dawid.nowak.336@mail.com,ABA000336,PL0000336,B,2030-12-03,2021-12-03
337,Anna,Wojcik,70000000337,700000337,anna.wojcik.337@mail.com,ABA000337,PL0000337,B+E,2030-12-04,2021-12-04
338,Piotr,Lewandowski,70000000338,700000338,piotr.lewandowski.338@mail.com,ABA000338,PL0000338,C,2030-12-05,2021-12-05
339,Magdalena,Wozniak,70000000339,700000339,magdalena.wozniak.339@mail.com,ABA000339,PL0000339,A,2030-12-06,2021-12-06
340,Marek,Nowak,70000000340,700000340,marek.nowak.340@mail.com,ABA000340,PL0000340,D,2030-12-07,2021-12-07
341,Joanna,Wojcik,70000000341,700000341,joanna.wojcik.341@mail.com,ABA000341,PL0000341,B,2030-12-08,2021-12-08
342,Michal,Lewandowski,70000000342,700000342,michal.lewandowski.342@mail.com,ABA000342,PL0000342,B+E,2030-12-09,2021-12-09
343,Monika,Wozniak,70000000343,700000343,monika.wozniak.343@mail.com,ABA000343,PL0000343,C,2030-12-10,2021-12-10
344,Andrzej,Nowak,70000000344,700000344,andrzej.nowak.344@mail.com,ABA000344,PL0000344,A,2030-12-11,2021-12-11
345,Karolina,Wojcik,70000000345,700000345,karolina.wojcik.345@mail.com,ABA000345,PL0000345,D,2030-12-12,2021-12-12
346,Mateusz,Lewandowski,70000000346,700000346,mateusz.lewandowski.346@mail.com,ABA000346,PL0000346,B,2030-12-13,2021-12-13
347,Marta,Wozniak,70000000347,700000347,marta.wozniak.347@mail.com,ABA000347,PL0000347,B+E,2030-12-14,2021-12-14
348,Dawid,Nowak,70000000348,700000348,dawid.nowak.348@mail.com,ABA000348,PL0000348,C,2030-12-15,2021-12-15
349,Anna,Wojcik,70000000349,700000349,anna.wojcik.349@mail.com,ABA000349,PL0000349,A,2030-12-16,2021-12-16
350,Piotr,Lewandowski,70000000350,700000350,piotr.lewandowski.350@mail.com,ABA000350,PL0000350,D,2030-12-17,2021-12-17
351,Magdalena,Wozniak,70000000351,700000351,magdalena.wozniak.351@mail.com,ABA000351,PL0000351,B,2030-12-18,2021-12-18
352,Marek,Nowak,70000000352,700000352,marek.nowak.352@mail.com,ABA000352,PL0000352,B+E,2030-12-19,2021-12-19
353,Joanna,Wojcik,70000000353,700000353,joanna.wojcik.353@mail.com,ABA000353,PL0000353,C,2030-12-20,2021-12-20
354,Michal,Lewandowski,70000000354,700000354,michal.lewandowski.354@mail.com,ABA000354,PL0000354,A,2030-12-21,2021-12-21
355,Monika,Wozniak,70000000355,700000355,monika.wozniak.355@mail.com,ABA000355,PL0000355,D,2030-12-22,2021-12-22
356,Andrzej,Nowak,70000000356,700000356,andrzej.nowak.356@mail.com,ABA000356,PL0000356,B,2030-12-23,2021-12-23
357,Karolina,Wojcik,70000000357,700000357,karolina.wojcik.357@mail.com,ABA000357,PL0000357,B+E,2030-12-24,2021-12-24
358,Mateusz,Lewandowski,70000000358,700000358,mateusz.lewandowski.358@mail.com,ABA000358,PL0000358,C,2030-12-25,2021-12-25
359,Marta,Wozniak,70000000359,700000359,marta.wozniak.359@mail.com,ABA000359,PL0000359,A,2030-12-26,2021-12-26
360,Dawid,Nowak,70000000360,700000360,dawid.nowak.360@mail.com,ABA000360,PL0000360,D,2030-12-27,2021-12-27
361,Anna,Wojcik,70000000361,700000361,anna.wojcik.361@mail.com,ABA000361,PL0000361,B,2030-12-28,2021-12-28
362,Piotr,Lewandowski,70000000362,700000362,piotr.lewandowski.362@mail.com,ABA000362,PL0000362,B+E,2030-12-29,2021-12-29
363,Magdalena,Wozniak,70000000363,700000363,magdalena.wozniak.363@mail.com,ABA000363,PL0000363,C,2030-12-30,2021-12-30
364,Marek,Nowak,70000000364,700000364,marek.nowak.364@mail.com,ABA000364,PL0000364,A,2030-12-31,2021-12-31
365,Joanna,Wojcik,70000000365,700000365,joanna.wojcik.365@mail.com,ABA000365,PL0000365,D,2031-01-01,2022-01-01
366,Michal,Lewandowski,70000000366,700000366,michal.lewandowski.366@mail.com,ABA000366,PL0000366,B,2031-01-02,2022-01-02
367,Monika,Wozniak,70000000367,700000367,monika.wozniak.367@mail.com,ABA000367,PL0000367,B+E,2031-01-03,2022-01-03
368,Andrzej,Nowak,70000000368,700000368,andrzej.nowak.368@mail.com,ABA000368,PL0000368,C,2031-01-04,2022-01-04
369,Karolina,Wojcik,70000000369,700000369,karolina.wojcik.369@mail.com,ABA000369,PL0000369,A,2031-01-05,2022-01-05
370,Mateusz,Lewandowski,70000000370,700000370,mateusz.lewandowski.370@mail.com,ABA000370,PL0000370,D,2031-01-06,2022-01-06
371,Marta,Wozniak,70000000371,700000371,marta.wozniak.371@mail.com,ABA000371,PL0000371,B,2031-01-07,2022-01-07
372,Dawid,Nowak,70000000372,700000372,dawid.nowak.372@mail.com,ABA000372,PL0000372,B+E,2031-01-08,2022-01-08
373,Anna,Wojcik,70000000373,700000373,anna.wojcik.373@mail.com,ABA000373,PL0000373,C,2031-01-09,2022-01-09
374,Piotr,Lewandowski,70000000374,700000374,piotr.lewandowski.374@mail.com,ABA000374,PL0000374,A,2031-01-10,2022-01-10
375,Magdalena,Wozniak,70000000375,700000375,magdalena.wozniak.375@mail.com,ABA000375,PL0000375,D,2031-01-11,2022-01-11
376,Marek,Nowak,70000000376,700000376,marek.nowak.376@mail.com,ABA000376,PL0000376,B,2031-01-12,2022-01-12
377,Joanna,Wojcik,70000000377,700000377,joanna.wojcik.377@mail.com,ABA000377,PL0000377,B+E,2031-01-13,2022-01-13
378,Michal,Lewandowski,70000000378,700000378,michal.lewandowski.378@mail.com,ABA000378,PL0000378,C,2031-01-14,2022-01-14
379,Monika,Wozniak,70000000379,700000379,monika.wozniak.379@mail.com,ABA000379,PL0000379,A,2031-01-15,2022-01-15
380,Andrzej,Nowak,70000000380,700000380,andrzej.nowak.380@mail.com,ABA000380,PL0000380,D,2031-01-16,2022-01-16
381,Karolina,Wojcik,70000000381,700000381,karolina.wojcik.381@mail.com,ABA000381,PL0000381,B,2031-01-17,2022-01-17
382,Mateusz,Lewandowski,70000000382,700000382,mateusz.lewandowski.382@mail.com,ABA000382,PL0000382,B+E,2031-01-18,2022-01-18
383,Marta,Wozniak,70000000383,700000383,marta.wozniak.383@mail.com,ABA000383,PL0000383,C,2031-01-19,2022-01-19
384,Dawid,Nowak,70000000384,700000384,dawid.nowak.384@mail.com,ABA000384,PL0000384,A,2031-01-20,2022-01-20
385,Anna,Wojcik,70000000385,700000385,anna.wojcik.385@mail.com,ABA000385,PL0000385,D,2031-01-21,2022-01-21
386,Piotr,Lewandowski,70000000386,700000386,piotr.lewandowski.386@mail.com,ABA000386,PL0000386,B,2031-01-22,2022-01-22
387,Magdalena,Wozniak,70000000387,700000387,magdalena.wozniak.387@mail.com,ABA000387,PL0000387,B+E,2031-01-23,2022-01-23
388,Marek,Nowak,70000000388,700000388,marek.nowak.388@mail.com,ABA000388,PL0000388,C,2031-01-24,2022-01-24
389,Joanna,Wojcik,70000000389,700000389,joanna.wojcik.389@mail.com,ABA000389,PL0000389,A,2031-01-25,2022-01-25
390,Michal,Lewandowski,70000000390,700000390,michal.lewandowski.390@mail.com,ABA000390,PL0000390,D,2031-01-26,2022-01-26
391,Monika,Wozniak,70000000391,700000391,monika.wozniak.391@mail.com,ABA000391,PL0000391,B,2031-01-27,2022-01-27
392,Andrzej,Nowak,70000000392,700000392,andrzej.nowak.392@mail.com,ABA000392,PL0000392,B+E,2031-01-28,2022-01-28
393,Karolina,Wojcik,70000000393,700000393,karolina.wojcik.393@mail.com,ABA000393,PL0000393,C,2031-01-29,2022-01-29
394,Mateusz,Lewandowski,70000000394,700000394,mateusz.lewandowski.394@mail.com,ABA000394,PL0000394,A,2031-01-30,2022-01-30
395,Marta,Wozniak,70000000395,700000395,marta.wozniak.395@mail.com,ABA000395,PL0000395,D,2031-01-31,2022-01-31
396,Dawid,Nowak,70000000396,700000396,dawid.nowak.396@mail.com,ABA000396,PL0000396,B,2031-02-01,2022-02-01
397,Anna,Wojcik,70000000397,700000397,anna.wojcik.397@mail.com,ABA000397,PL0000397,B+E,2031-02-02,2022-02-02
398,Piotr,Lewandowski,70000000398,700000398,piotr.lewandowski.398@mail.com,ABA000398,PL0000398,C,2031-02-03,2022-02-03
399,Magdalena,Wozniak,70000000399,700000399,magdalena.wozniak.399@mail.com,ABA000399,PL0000399,A,2031-02-04,2022-02-04
400,Marek,Nowak,70000000400,700000400,marek.nowak.400@mail.com,ABA000400,PL0000400,D,2031-02-05,2022-02-05
401,Joanna,Wojcik,70000000401,700000401,joanna.wojcik.401@mail.com,ABA000401,PL0000401,B,2031-02-06,2022-02-06
402,Michal,Lewandowski,70000000402,700000402,michal.lewandowski.402@mail.com,ABA000402,PL0000402,B+E,2031-02-07,2022-02-07
403,Monika,Wozniak,70000000403,700000403,monika.wozniak.403@mail.com,ABA000403,PL0000403,C,2031-02-08,2022-02-08
404,Andrzej,Nowak,70000000404,700000404,andrzej.nowak.404@mail.com,ABA000404,PL0000404,A,2031-02-09,2022-02-09
405,Karolina,Wojcik,70000000405,700000405,karolina.wojcik.405@mail.com,ABA000405,PL0000405,D,2031-02-10,2022-02-10
406,Mateusz,Lewandowski,70000000406,700000406,mateusz.lewandowski.406@mail.com,ABA000406,PL0000406,B,2031-02-11,2022-02-11
407,Marta,Wozniak,70000000407,700000407,marta.wozniak.407@mail.com,ABA000407,PL0000407,B+E,2031-02-12,2022-02-12
408,Dawid,Nowak,70000000408,700000408,dawid.nowak.408@mail.com,ABA000408,PL0000408,C,2031-02-13,2022-02-13
409,Anna,Wojcik,70000000409,700000409,anna.wojcik.409@mail.com,ABA000409,PL0000409,A,2031-02-14,2022-02-14
410,Piotr,Lewandowski,70000000410,700000410,piotr.lewandowski.410@mail.com,ABA000410,PL0000410,D,2031-02-15,2022-02-15
411,Magdalena,Wozniak,70000000411,700000411,magdalena.wozniak.411@mail.com,ABA000411,PL0000411,B,2031-02-16,2022-02-16
412,Marek,Nowak,70000000412,700000412,marek.nowak.412@mail.com,ABA000412,PL0000412,B+E,2031-02-17,2022-02-17
413,Joanna,Wojcik,70000000413,700000413,joanna.wojcik.413@mail.com,ABA000413,PL0000413,C,2031-02-18,2022-02-18
414,Michal,Lewandowski,70000000414,700000414,michal.lewandowski.414@mail.com,ABA000414,PL0000414,A,2031-02-19,2022-02-19
415,Monika,Wozniak,70000000415,700000415,monika.wozniak.415@mail.com,ABA000415,PL0000415,D,2031-02-20,2022-02-20
416,Andrzej,Nowak,70000000416,700000416,andrzej.nowak.416@mail.com,ABA000416,PL0000416,B,2031-02-21,2022-02-21
417,Karolina,Wojcik,70000000417,700000417,karolina.wojcik.417@mail.com,ABA000417,PL0000417,B+E,2031-02-22,2022-02-22
418,Mateusz,Lewandowski,70000000418,700000418,mateusz.lewandowski.418@mail.com,ABA000418,PL0000418,C,2031-02-23,2022-02-23
419,Marta,Wozniak,70000000419,700000419,marta.wozniak.419@mail.com,ABA000419,PL0000419,A,2031-02-24,2022-02-24
420,Dawid,Nowak,70000000420,700000420,dawid.nowak.420@mail.com,ABA000420,PL0000420,D,2031-02-25,2022-02-25
421,Anna,Wojcik,70000000421,700000421,anna.wojcik.421@mail.com,ABA000421,PL0000421,B,2031-02-26,2022-02-26
422,Piotr,Lewandowski,70000000422,700000422,piotr.lewandowski.422@mail.com,ABA000422,PL0000422,B+E,2031-02-27,2022-02-27
423,Magdalena,Wozniak,70000000423,700000423,magdalena.wozniak.423@mail.com,ABA000423,PL0000423,C,2031-02-28,2022-02-28
424,Marek,Nowak,70000000424,700000424,marek.nowak.424@mail.com,ABA000424,PL0000424,A,2031-03-01,2022-03-01
425,Joanna,Wojcik,70000000425,700000425,joanna.wojcik.425@mail.com,ABA000425,PL0000425,D,2031-03-02,2022-03-02
426,Michal,Lewandowski,70000000426,700000426,michal.lewandowski.426@mail.com,ABA000426,PL0000426,B,2031-03-03,2022-03-03
427,Monika,Wozniak,70000000427,700000427,monika.wozniak.427@mail.com,ABA000427,PL0000427,B+E,2031-03-04,2022-03-04
428,Andrzej,Nowak,70000000428,700000428,andrzej.nowak.428@mail.com,ABA000428,PL0000428,C,2031-03-05,2022-03-05
429,Karolina,Wojcik,70000000429,700000429,karolina.wojcik.429@mail.com,ABA000429,PL0000429,A,2031-03-06,2022-03-06
430,Mateusz,Lewandowski,70000000430,700000430,mateusz.lewandowski.430@mail.com,ABA000430,PL0000430,D,2031-03-07,2022-03-07
431,Marta,Wozniak,70000000431,700000431,marta.wozniak.431@mail.com,ABA000431,PL0000431,B,2031-03-08,2022-03-08
432,Dawid,Nowak,70000000432,700000432,dawid.nowak.432@mail.com,ABA000432,PL0000432,B+E,2031-03-09,2022-03-09
433,Anna,Wojcik,70000000433,700000433,anna.wojcik.433@mail.com,ABA000433,PL0000433,C,2031-03-10,2022-03-10
434,Piotr,Lewandowski,70000000434,700000434,piotr.lewandowski.434@mail.com,ABA000434,PL0000434,A,2031-03-11,2022-03-11
435,Magdalena,Wozniak,70000000435,700000435,magdalena.wozniak.435@mail.com,ABA000435,PL0000435,D,2031-03-12,2022-03-12
436,Marek,Nowak,70000000436,700000436,marek.nowak.436@mail.com,ABA000436,PL0000436,B,2031-03-13,2022-03-13
437,Joanna,Wojcik,70000000437,700000437,joanna.wojcik.437@mail.com,ABA000437,PL0000437,B+E,2031-03-14,2022-03-14
438,Michal,Lewandowski,70000000438,700000438,michal.lewandowski.438@mail.com,ABA000438,PL0000438,C,2031-03-15,2022-03-15
439,Monika,Wozniak,70000000439,700000439,monika.wozniak.439@mail.com,ABA000439,PL0000439,A,2031-03-16,2022-03-16
440,Andrzej,Nowak,70000000440,700000440,andrzej.nowak.440@mail.com,ABA000440,PL0000440,D,2031-03-17,2022-03-17
441,Karolina,Wojcik,70000000441,700000441,karolina.wojcik.441@mail.com,ABA000441,PL0000441,B,2031-03-18,2022-03-18
442,Mateusz,Lewandowski,70000000442,700000442,mateusz.lewandowski.442@mail.com,ABA000442,PL0000442,B+E,2031-03-19,2022-03-19
443,Marta,Wozniak,70000000443,700000443,marta.wozniak.443@mail.com,ABA000443,PL0000443,C,2031-03-20,2022-03-20
444,Dawid,Nowak,70000000444,700000444,dawid.nowak.444@mail.com,ABA000444,PL0000444,A,2031-03-21,2022-03-21
445,Anna,Wojcik,70000000445,700000445,anna.wojcik.445@mail.com,ABA000445,PL0000445,D,2031-03-22,2022-03-22
446,Piotr,Lewandowski,70000000446,700000446,piotr.lewandowski.446@mail.com,ABA000446,PL0000446,B,2031-03-23,2022-03-23
447,Magdalena,Wozniak,70000000447,700000447,magdalena.wozniak.447@mail.com,ABA000447,PL0000447,B+E,2031-03-24,2022-03-24
448,Marek,Nowak,70000000448,700000448,marek.nowak.448@mail.com,ABA000448,PL0000448,C,2031-03-25,2022-03-25
449,Joanna,Wojcik,70000000449,700000449,joanna.wojcik.449@mail.com,ABA000449,PL0000449,A,2031-03-26,2022-03-26
450,Michal,Lewandowski,70000000450,700000450,michal.lewandowski.450@mail.com,ABA000450,PL0000450,D,2031-03-27,2022-03-27
451,Monika,Wozniak,70000000451,700000451,monika.wozniak.451@mail.com,ABA000451,PL0000451,B,2031-03-28,2022-03-28
452,Andrzej,Nowak,70000000452,700000452,andrzej.nowak.452@mail.com,ABA000452,PL0000452,B+E,2031-03-29,2022-03-29
453,Karolina,Wojcik,70000000453,700000453,karolina.wojcik.453@mail.com,ABA000453,PL0000453,C,2031-03-30,2022-03-30
454,Mateusz,Lewandowski,70000000454,700000454,mateusz.lewandowski.454@mail.com,ABA000454,PL0000454,A,2031-03-31,2022-03-31
455,Marta,Wozniak,70000000455,700000455,marta.wozniak.455@mail.com,ABA000455,PL0000455,D,2031-04-01,2022-04-01
456,Dawid,Nowak,70000000456,700000456,dawid.nowak.456@mail.com,ABA000456,PL0000456,B,2031-04-02,2022-04-02
457,Anna,Wojcik,70000000457,700000457,anna.wojcik.457@mail.com,ABA000457,PL0000457,B+E,2031-04-03,2022-04-03
458,Piotr,Lewandowski,70000000458,700000458,piotr.lewandowski.458@mail.com,ABA000458,PL0000458,C,2031-04-04,2022-04-04
459,Magdalena,Wozniak,70000000459,700000459,magdalena.wozniak.459@mail.com,ABA000459,PL0000459,A,2031-04-05,2022-04-05
460,Marek,Nowak,70000000460,700000460,marek.nowak.460@mail.com,ABA000460,PL0000460,D,2031-04-06,2022-04-06
461,Joanna,Wojcik,70000000461,700000461,joanna.wojcik.461@mail.com,ABA000461,PL0000461,B,2031-04-07,2022-04-07
462,Michal,Lewandowski,70000000462,700000462,michal.lewandowski.462@mail.com,ABA000462,PL0000462,B+E,2031-04-08,2022-04-08
463,Monika,Wozniak,70000000463,700000463,monika.wozniak.463@mail.com,ABA000463,PL0000463,C,2031-04-09,2022-04-09
464,Andrzej,Nowak,70000000464,700000464,andrzej.nowak.464@mail.com,ABA000464,PL0000464,A,2031-04-10,2022-04-10
465,Karolina,Wojcik,70000000465,700000465,karolina.wojcik.465@mail.com,ABA000465,PL0000465,D,2031-04-11,2022-04-11
466,Mateusz,Lewandowski,70000000466,700000466,mateusz.lewandowski.466@mail.com,ABA000466,PL0000466,B,2031-04-12,2022-04-12
467,Marta,Wozniak,70000000467,700000467,marta.wozniak.467@mail.com,ABA000467,PL0000467,B+E,2031-04-13,2022-04-13
468,Dawid,Nowak,70000000468,700000468,dawid.nowak.468@mail.com,ABA000468,PL0000468,C,2031-04-14,2022-04-14
469,Anna,Wojcik,70000000469,700000469,anna.wojcik.469@mail.com,ABA000469,PL0000469,A,2031-04-15,2022-04-15
470,Piotr,Lewandowski,70000000470,700000470,piotr.lewandowski.470@mail.com,ABA000470,PL0000470,D,2031-04-16,2022-04-16
471,Magdalena,Wozniak,70000000471,700000471,magdalena.wozniak.471@mail.com,ABA000471,PL0000471,B,2031-04-17,2022-04-17
472,Marek,Nowak,70000000472,700000472,marek.nowak.472@mail.com,ABA000472,PL0000472,B+E,2031-04-18,2022-04-18
473,Joanna,Wojcik,70000000473,700000473,joanna.wojcik.473@mail.com,ABA000473,PL0000473,C,2031-04-19,2022-04-19
474,Michal,Lewandowski,70000000474,700000474,michal.lewandowski.474@mail.com,ABA000474,PL0000474,A,2031-04-20,2022-04-20
475,Monika,Wozniak,70000000475,700000475,monika.wozniak.475@mail.com,ABA000475,PL0000475,D,2031-04-21,2022-04-21
476,Andrzej,Nowak,70000000476,700000476,andrzej.nowak.476@mail.com,ABA000476,PL0000476,B,2031-04-22,2022-04-22
477,Karolina,Wojcik,70000000477,700000477,karolina.wojcik.477@mail.com,ABA000477,PL0000477,B+E,2031-04-23,2022-04-23
478,Mateusz,Lewandowski,70000000478,700000478,mateusz.lewandowski.478@mail.com,ABA000478,PL0000478,C,2031-04-24,2022-04-24
479,Marta,Wozniak,70000000479,700000479,marta.wozniak.479@mail.com,ABA000479,PL0000479,A,2031-04-25,2022-04-25
480,Dawid,Nowak,70000000480,700000480,dawid.nowak.480@mail.com,ABA000480,PL0000480,D,2031-04-26,2022-04-26
481,Anna,Wojcik,70000000481,700000481,anna.wojcik.481@mail.com,ABA000481,PL0000481,B,2031-04-27,2022-04-27
482,Piotr,Lewandowski,70000000482,700000482,piotr.lewandowski.482@mail.com,ABA000482,PL0000482,B+E,2031-04-28,2022-04-28
483,Magdalena,Wozniak,70000000483,700000483,magdalena.wozniak.483@mail.com,ABA000483,PL0000483,C,2031-04-29,2022-04-29
484,Marek,Nowak,70000000484,700000484,marek.nowak.484@mail.com,ABA000484,PL0000484,A,2031-04-30,2022-04-30
485,Joanna,Wojcik,70000000485,700000485,joanna.wojcik.485@mail.com,ABA000485,PL0000485,D,2031-05-01,2022-05-01
486,Michal,Lewandowski,70000000486,700000486,michal.lewandowski.486@mail.com,ABA000486,PL0000486,B,2031-05-02,2022-05-02
487,Monika,Wozniak,70000000487,700000487,monika.wozniak.487@mail.com,ABA000487,PL0000487,B+E,2031-05-03,2022-05-03
488,Andrzej,Nowak,70000000488,700000488,andrzej.nowak.488@mail.com,ABA000488,PL0000488,C,2031-05-04,2022-05-04
489,Karolina,Wojcik,70000000489,700000489,karolina.wojcik.489@mail.com,ABA000489,PL0000489,A,2031-05-05,2022-05-05
490,Mateusz,Lewandowski,70000000490,700000490,mateusz.lewandowski.490@mail.com,ABA000490,PL0000490,D,2031-05-06,2022-05-06
491,Marta,Wozniak,70000000491,700000491,marta.wozniak.491@mail.com,ABA000491,PL0000491,B,2031-05-07,2022-05-07
492,Dawid,Nowak,70000000492,700000492,dawid.nowak.492@mail.com,ABA000492,PL0000492,B+E,2031-05-08,2022-05-08
493,Anna,Wojcik,70000000493,700000493,anna.wojcik.493@mail.com,ABA000493,PL0000493,C,2031-05-09,2022-05-09
494,Piotr,Lewandowski,70000000494,700000494,piotr.lewandowski.494@mail.com,ABA000494,PL0000494,A,2031-05-10,2022-05-10
495,Magdalena,Wozniak,70000000495,700000495,magdalena.wozniak.495@mail.com,ABA000495,PL0000495,D,2031-05-11,2022-05-11
496,Marek,Nowak,70000000496,700000496,marek.nowak.496@mail.com,ABA000496,PL0000496,B,2031-05-12,2022-05-12
497,Joanna,Wojcik,70000000497,700000497,joanna.wojcik.497@mail.com,ABA000497,PL0000497,B+E,2031-05-13,2022-05-13
498,Michal,Lewandowski,70000000498,700000498,michal.lewandowski.498@mail.com,ABA000498,PL0000498,C,2031-05-14,2022-05-14
499,Monika,Wozniak,70000000499,700000499,monika.wozniak.499@mail.com,ABA000499,PL0000499,A,2031-05-15,2022-05-15
500,Andrzej,Nowak,70000000500,700000500,andrzej.nowak.500@mail.com,ABA000500,PL0000500,D,2031-05-16,2022-05-16
501,Karolina,Wojcik,70000000501,700000501,karolina.wojcik.501@mail.com,ABA000501,PL0000501,B,2031-05-17,2022-05-17
502,Mateusz,Lewandowski,70000000502,700000502,mateusz.lewandowski.502@mail.com,ABA000502,PL0000502,B+E,2031-05-18,2022-05-18
503,Marta,Wozniak,70000000503,700000503,marta.wozniak.503@mail.com,ABA000503,PL0000503,C,2031-05-19,2022-05-19
504,Dawid,Nowak,70000000504,700000504,dawid.nowak.504@mail.com,ABA000504,PL0000504,A,2031-05-20,2022-05-20
505,Anna,Wojcik,70000000505,700000505,anna.wojcik.505@mail.com,ABA000505,PL0000505,D,2031-05-21,2022-05-21
506,Piotr,Lewandowski,70000000506,700000506,piotr.lewandowski.506@mail.com,ABA000506,PL0000506,B,2031-05-22,2022-05-22
507,Magdalena,Wozniak,70000000507,700000507,magdalena.wozniak.507@mail.com,ABA000507,PL0000507,B+E,2031-05-23,2022-05-23
508,Marek,Nowak,70000000508,700000508,marek.nowak.508@mail.com,ABA000508,PL0000508,C,2031-05-24,2022-05-24
509,Joanna,Wojcik,70000000509,700000509,joanna.wojcik.509@mail.com,ABA000509,PL0000509,A,2031-05-25,2022-05-25
510,Michal,Lewandowski,70000000510,700000510,michal.lewandowski.510@mail.com,ABA000510,PL0000510,D,2031-05-26,2022-05-26
511,Monika,Wozniak,70000000511,700000511,monika.wozniak.511@mail.com,ABA000511,PL0000511,B,2031-05-27,2022-05-27
512,Andrzej,Nowak,70000000512,700000512,andrzej.nowak.512@mail.com,ABA000512,PL0000512,B+E,2031-05-28,2022-05-28
513,Karolina,Wojcik,70000000513,700000513,karolina.wojcik.513@mail.com,ABA000513,PL0000513,C,2031-05-29,2022-05-29
514,Mateusz,Lewandowski,70000000514,700000514,mateusz.lewandowski.514@mail.com,ABA000514,PL0000514,A,2031-05-30,2022-05-30
515,Marta,Wozniak,70000000515,700000515,marta.wozniak.515@mail.com,ABA000515,PL0000515,D,2031-05-31,2022-05-31
516,Dawid,Nowak,70000000516,700000516,dawid.nowak.516@mail.com,ABA000516,PL0000516,B,2031-06-01,2022-06-01
517,Anna,Wojcik,70000000517,700000517,anna.wojcik.517@mail.com,ABA000517,PL0000517,B+E,2031-06-02,2022-06-02
518,Piotr,Lewandowski,70000000518,700000518,piotr.lewandowski.518@mail.com,ABA000518,PL0000518,C,2031-06-03,2022-06-03
519,Magdalena,Wozniak,70000000519,700000519,magdalena.wozniak.519@mail.com,ABA000519,PL0000519,A,2031-06-04,2022-06-04
520,Marek,Nowak,70000000520,700000520,marek.nowak.520@mail.com,ABA000520,PL0000520,D,2031-06-05,2022-06-05
521,Joanna,Wojcik,70000000521,700000521,joanna.wojcik.521@mail.com,ABA000521,PL0000521,B,2031-06-06,2022-06-06
522,Michal,Lewandowski,70000000522,700000522,michal.lewandowski.522@mail.com,ABA000522,PL0000522,B+E,2031-06-07,2022-06-07
523,Monika,Wozniak,70000000523,700000523,monika.wozniak.523@mail.com,ABA000523,PL0000523,C,2031-06-08,2022-06-08
524,Andrzej,Nowak,70000000524,700000524,andrzej.nowak.524@mail.com,ABA000524,PL0000524,A,2031-06-09,2022-06-09
525,Karolina,Wojcik,70000000525,700000525,karolina.wojcik.525@mail.com,ABA000525,PL0000525,D,2031-06-10,2022-06-10
526,Mateusz,Lewandowski,70000000526,700000526,mateusz.lewandowski.526@mail.com,ABA000526,PL0000526,B,2031-06-11,2022-06-11
527,Marta,Wozniak,70000000527,700000527,marta.wozniak.527@mail.com,ABA000527,PL0000527,B+E,2031-06-12,2022-06-12
528,Dawid,Nowak,70000000528,700000528,dawid.nowak.528@mail.com,ABA000528,PL0000528,C,2031-06-13,2022-06-13
529,Anna,Wojcik,70000000529,700000529,anna.wojcik.529@mail.com,ABA000529,PL0000529,A,2031-06-14,2022-06-14
530,Piotr,Lewandowski,70000000530,700000530,piotr.lewandowski.530@mail.com,ABA000530,PL0000530,D,2031-06-15,2022-06-15
531,Magdalena,Wozniak,70000000531,700000531,magdalena.wozniak.531@mail.com,ABA000531,PL0000531,B,2031-06-16,2022-06-16
532,Marek,Nowak,70000000532,700000532,marek.nowak.532@mail.com,ABA000532,PL0000532,B+E,2031-06-17,2022-06-17
533,Joanna,Wojcik,70000000533,700000533,joanna.wojcik.533@mail.com,ABA000533,PL0000533,C,2031-06-18,2022-06-18
534,Michal,Lewandowski,70000000534,700000534,michal.lewandowski.534@mail.com,ABA000534,PL0000534,A,2031-06-19,2022-06-19
535,Monika,Wozniak,70000000535,700000535,monika.wozniak.535@mail.com,ABA000535,PL0000535,D,2031-06-20,2022-06-20
536,Andrzej,Nowak,70000000536,700000536,andrzej.nowak.536@mail.com,ABA000536,PL0000536,B,2031-06-21,2022-06-21
537,Karolina,Wojcik,70000000537,700000537,karolina.wojcik.537@mail.com,ABA000537,PL0000537,B+E,2031-06-22,2022-06-22
538,Mateusz,Lewandowski,70000000538,700000538,mateusz.lewandowski.538@mail.com,ABA000538,PL0000538,C,2031-06-23,2022-06-23
539,Marta,Wozniak,70000000539,700000539,marta.wozniak.539@mail.com,ABA000539,PL0000539,A,2031-06-24,2022-06-24
540,Dawid,Nowak,70000000540,700000540,dawid.nowak.540@mail.com,ABA000540,PL0000540,D,2031-06-25,2022-06-25
541,Anna,Wojcik,70000000541,700000541,anna.wojcik.541@mail.com,ABA000541,PL0000541,B,2031-06-26,2022-06-26
542,Piotr,Lewandowski,70000000542,700000542,piotr.lewandowski.542@mail.com,ABA000542,PL0000542,B+E,2031-06-27,2022-06-27
543,Magdalena,Wozniak,70000000543,700000543,magdalena.wozniak.543@mail.com,ABA000543,PL0000543,C,2031-06-28,2022-06-28
544,Marek,Nowak,70000000544,700000544,marek.nowak.544@mail.com,ABA000544,PL0000544,A,2031-06-29,2022-06-29
545,Joanna,Wojcik,70000000545,700000545,joanna.wojcik.545@mail.com,ABA000545,PL0000545,D,2031-06-30,2022-06-30
546,Michal,Lewandowski,70000000546,700000546,michal.lewandowski.546@mail.com,ABA000546,PL0000546,B,2031-07-01,2022-07-01
547,Monika,Wozniak,70000000547,700000547,monika.wozniak.547@mail.com,ABA000547,PL0000547,B+E,2031-07-02,2022-07-02
548,Andrzej,Nowak,70000000548,700000548,andrzej.nowak.548@mail.com,ABA000548,PL0000548,C,2031-07-03,2022-07-03
549,Karolina,Wojcik,70000000549,700000549,karolina.wojcik.549@mail.com,ABA000549,PL0000549,A,2031-07-04,2022-07-04
550,Mateusz,Lewandowski,70000000550,700000550,mateusz.lewandowski.550@mail.com,ABA000550,PL0000550,D,2031-07-05,2022-07-05
551,Marta,Wozniak,70000000551,700000551,marta.wozniak.551@mail.com,ABA000551,PL0000551,B,2031-07-06,2022-07-06
552,Dawid,Nowak,70000000552,700000552,dawid.nowak.552@mail.com,ABA000552,PL0000552,B+E,2031-07-07,2022-07-07
553,Anna,Wojcik,70000000553,700000553,anna.wojcik.553@mail.com,ABA000553,PL0000553,C,2031-07-08,2022-07-08
554,Piotr,Lewandowski,70000000554,700000554,piotr.lewandowski.554@mail.com,ABA000554,PL0000554,A,2031-07-09,2022-07-09
555,Magdalena,Wozniak,70000000555,700000555,magdalena.wozniak.555@mail.com,ABA000555,PL0000555,D,2031-07-10,2022-07-10
556,Marek,Nowak,70000000556,700000556,marek.nowak.556@mail.com,ABA000556,PL0000556,B,2031-07-11,2022-07-11
557,Joanna,Wojcik,70000000557,700000557,joanna.wojcik.557@mail.com,ABA000557,PL0000557,B+E,2031-07-12,2022-07-12
558,Michal,Lewandowski,70000000558,700000558,michal.lewandowski.558@mail.com,ABA000558,PL0000558,C,2031-07-13,2022-07-13
559,Monika,Wozniak,70000000559,700000559,monika.wozniak.559@mail.com,ABA000559,PL0000559,A,2031-07-14,2022-07-14
560,Andrzej,Nowak,70000000560,700000560,andrzej.nowak.560@mail.com,ABA000560,PL0000560,D,2031-07-15,2022-07-15
561,Karolina,Wojcik,70000000561,700000561,karolina.wojcik.561@mail.com,ABA000561,PL0000561,B,2031-07-16,2022-07-16
562,Mateusz,Lewandowski,70000000562,700000562,mateusz.lewandowski.562@mail.com,ABA000562,PL0000562,B+E,2031-07-17,2022-07-17
563,Marta,Wozniak,70000000563,700000563,marta.wozniak.563@mail.com,ABA000563,PL0000563,C,2031-07-18,2022-07-18
564,Dawid,Nowak,70000000564,700000564,dawid.nowak.564@mail.com,ABA000564,PL0000564,A,2031-07-19,2022-07-19
565,Anna,Wojcik,70000000565,700000565,anna.wojcik.565@mail.com,ABA000565,PL0000565,D,2031-07-20,2022-07-20
566,Piotr,Lewandowski,70000000566,700000566,piotr.lewandowski.566@mail.com,ABA000566,PL0000566,B,2031-07-21,2022-07-21
567,Magdalena,Wozniak,70000000567,700000567,magdalena.wozniak.567@mail.com,ABA000567,PL0000567,B+E,2031-07-22,2022-07-22
568,Marek,Nowak,70000000568,700000568,marek.nowak.568@mail.com,ABA000568,PL0000568,C,2031-07-23,2022-07-23
569,Joanna,Wojcik,70000000569,700000569,joanna.wojcik.569@mail.com,ABA000569,PL0000569,A,2031-07-24,2022-07-24
570,Michal,Lewandowski,70000000570,700000570,michal.lewandowski.570@mail.com,ABA000570,PL0000570,D,2031-07-25,2022-07-25
571,Monika,Wozniak,70000000571,700000571,monika.wozniak.571@mail.com,ABA000571,PL0000571,B,2031-07-26,2022-07-26
572,Andrzej,Nowak,70000000572,700000572,andrzej.nowak.572@mail.com,ABA000572,PL0000572,B+E,2031-07-27,2022-07-27
573,Karolina,Wojcik,70000000573,700000573,karolina.wojcik.573@mail.com,ABA000573,PL0000573,C,2031-07-28,2022-07-28
574,Mateusz,Lewandowski,70000000574,700000574,mateusz.lewandowski.574@mail.com,ABA000574,PL0000574,A,2031-07-29,2022-07-29
575,Marta,Wozniak,70000000575,700000575,marta.wozniak.575@mail.com,ABA000575,PL0000575,D,2031-07-30,2022-07-30
576,Dawid,Nowak,70000000576,700000576,dawid.nowak.576@mail.com,ABA000576,PL0000576,B,2031-07-31,2022-07-31
577,Anna,Wojcik,70000000577,700000577,anna.wojcik.577@mail.com,ABA000577,PL0000577,B+E,2031-08-01,2022-08-01
578,Piotr,Lewandowski,70000000578,700000578,piotr.lewandowski.578@mail.com,ABA000578,PL0000578,C,2031-08-02,2022-08-02
579,Magdalena,Wozniak,70000000579,700000579,magdalena.wozniak.579@mail.com,ABA000579,PL0000579,A,2031-08-03,2022-08-03
580,Marek,Nowak,70000000580,700000580,marek.nowak.580@mail.com,ABA000580,PL0000580,D,2031-08-04,2022-08-04
581,Joanna,Wojcik,70000000581,700000581,joanna.wojcik.581@mail.com,ABA000581,PL0000581,B,2031-08-05,2022-08-05
582,Michal,Lewandowski,70000000582,700000582,michal.lewandowski.582@mail.com,ABA000582,PL0000582,B+E,2031-08-06,2022-08-06
583,Monika,Wozniak,70000000583,700000583,monika.wozniak.583@mail.com,ABA000583,PL0000583,C,2031-08-07,2022-08-07
584,Andrzej,Nowak,70000000584,700000584,andrzej.nowak.584@mail.com,ABA000584,PL0000584,A,2031-08-08,2022-08-08
585,Karolina,Wojcik,70000000585,700000585,karolina.wojcik.585@mail.com,ABA000585,PL0000585,D,2031-08-09,2022-08-09
586,Mateusz,Lewandowski,70000000586,700000586,mateusz.lewandowski.586@mail.com,ABA000586,PL0000586,B,2031-08-10,2022-08-10
587,Marta,Wozniak,70000000587,700000587,marta.wozniak.587@mail.com,ABA000587,PL0000587,B+E,2031-08-11,2022-08-11
588,Dawid,Nowak,70000000588,700000588,dawid.nowak.588@mail.com,ABA000588,PL0000588,C,2031-08-12,2022-08-12
589,Anna,Wojcik,70000000589,700000589,anna.wojcik.589@mail.com,ABA000589,PL0000589,A,2031-08-13,2022-08-13
590,Piotr,Lewandowski,70000000590,700000590,piotr.lewandowski.590@mail.com,ABA000590,PL0000590,D,2031-08-14,2022-08-14
591,Magdalena,Wozniak,70000000591,700000591,magdalena.wozniak.591@mail.com,ABA000591,PL0000591,B,2031-08-15,2022-08-15
592,Marek,Nowak,70000000592,700000592,marek.nowak.592@mail.com,ABA000592,PL0000592,B+E,2031-08-16,2022-08-16
593,Joanna,Wojcik,70000000593,700000593,joanna.wojcik.593@mail.com,ABA000593,PL0000593,C,2031-08-17,2022-08-17
594,Michal,Lewandowski,70000000594,700000594,michal.lewandowski.594@mail.com,ABA000594,PL0000594,A,2031-08-18,2022-08-18
595,Monika,Wozniak,70000000595,700000595,monika.wozniak.595@mail.com,ABA000595,PL0000595,D,2031-08-19,2022-08-19
596,Andrzej,Nowak,70000000596,700000596,andrzej.nowak.596@mail.com,ABA000596,PL0000596,B,2031-08-20,2022-08-20
597,Karolina,Wojcik,70000000597,700000597,karolina.wojcik.597@mail.com,ABA000597,PL0000597,B+E,2031-08-21,2022-08-21
598,Mateusz,Lewandowski,70000000598,700000598,mateusz.lewandowski.598@mail.com,ABA000598,PL0000598,C,2031-08-22,2022-08-22
599,Marta,Wozniak,70000000599,700000599,marta.wozniak.599@mail.com,ABA000599,PL0000599,A,2031-08-23,2022-08-23
600,Dawid,Nowak,70000000600,700000600,dawid.nowak.600@mail.com,ABA000600,PL0000600,D,2031-08-24,2022-08-24
601,Anna,Wojcik,70000000601,700000601,anna.wojcik.601@mail.com,ABA000601,PL0000601,B,2031-08-25,2022-08-25
602,Piotr,Lewandowski,70000000602,700000602,piotr.lewandowski.602@mail.com,ABA000602,PL0000602,B+E,2031-08-26,2022-08-26
603,Magdalena,Wozniak,70000000603,700000603,magdalena.wozniak.603@mail.com,ABA000603,PL0000603,C,2031-08-27,2022-08-27
604,Marek,Nowak,70000000604,700000604,marek.nowak.604@mail.com,ABA000604,PL0000604,A,2031-08-28,2022-08-28
605,Joanna,Wojcik,70000000605,700000605,joanna.wojcik.605@mail.com,ABA000605,PL0000605,D,2031-08-29,2022-08-29
606,Michal,Lewandowski,70000000606,700000606,michal.lewandowski.606@mail.com,ABA000606,PL0000606,B,2031-08-30,2022-08-30
607,Monika,Wozniak,70000000607,700000607,monika.wozniak.607@mail.com,ABA000607,PL0000607,B+E,2031-08-31,2022-08-31
608,Andrzej,Nowak,70000000608,700000608,andrzej.nowak.608@mail.com,ABA000608,PL0000608,C,2031-09-01,2022-09-01
609,Karolina,Wojcik,70000000609,700000609,karolina.wojcik.609@mail.com,ABA000609,PL0000609,A,2031-09-02,2022-09-02
610,Mateusz,Lewandowski,70000000610,700000610,mateusz.lewandowski.610@mail.com,ABA000610,PL0000610,D,2031-09-03,2022-09-03
611,Marta,Wozniak,70000000611,700000611,marta.wozniak.611@mail.com,ABA000611,PL0000611,B,2031-09-04,2022-09-04
612,Dawid,Nowak,70000000612,700000612,dawid.nowak.612@mail.com,ABA000612,PL0000612,B+E,2031-09-05,2022-09-05
613,Anna,Wojcik,70000000613,700000613,anna.wojcik.613@mail.com,ABA000613,PL0000613,C,2031-09-06,2022-09-06
614,Piotr,Lewandowski,70000000614,700000614,piotr.lewandowski.614@mail.com,ABA000614,PL0000614,A,2031-09-07,2022-09-07
615,Magdalena,Wozniak,70000000615,700000615,magdalena.wozniak.615@mail.com,ABA000615,PL0000615,D,2031-09-08,2022-09-08
616,Marek,Nowak,70000000616,700000616,marek.nowak.616@mail.com,ABA000616,PL0000616,B,2031-09-09,2022-09-09
617,Joanna,Wojcik,70000000617,700000617,joanna.wojcik.617@mail.com,ABA000617,PL0000617,B+E,2031-09-10,2022-09-10
618,Michal,Lewandowski,70000000618,700000618,michal.lewandowski.618@mail.com,ABA000618,PL0000618,C,2031-09-11,2022-09-11
619,Monika,Wozniak,70000000619,700000619,monika.wozniak.619@mail.com,ABA000619,PL0000619,A,2031-09-12,2022-09-12
620,Andrzej,Nowak,70000000620,700000620,andrzej.nowak.620@mail.com,ABA000620,PL0000620,D,2031-09-13,2022-09-13
621,Karolina,Wojcik,70000000621,700000621,karolina.wojcik.621@mail.com,ABA000621,PL0000621,B,2031-09-14,2022-09-14
622,Mateusz,Lewandowski,70000000622,700000622,mateusz.lewandowski.622@mail.com,ABA000622,PL0000622,B+E,2031-09-15,2022-09-15
623,Marta,Wozniak,70000000623,700000623,marta.wozniak.623@mail.com,ABA000623,PL0000623,C,2031-09-16,2022-09-16
624,Dawid,Nowak,70000000624,700000624,dawid.nowak.624@mail.com,ABA000624,PL0000624,A,2031-09-17,2022-09-17
625,Anna,Wojcik,70000000625,700000625,anna.wojcik.625@mail.com,ABA000625,PL0000625,D,2031-09-18,2022-09-18
626,Piotr,Lewandowski,70000000626,700000626,piotr.lewandowski.626@mail.com,ABA000626,PL0000626,B,2031-09-19,2022-09-19
627,Magdalena,Wozniak,70000000627,700000627,magdalena.wozniak.627@mail.com,ABA000627,PL0000627,B+E,2031-09-20,2022-09-20
628,Marek,Nowak,70000000628,700000628,marek.nowak.628@mail.com,ABA000628,PL0000628,C,2031-09-21,2022-09-21
629,Joanna,Wojcik,70000000629,700000629,joanna.wojcik.629@mail.com,ABA000629,PL0000629,A,2031-09-22,2022-09-22
630,Michal,Lewandowski,70000000630,700000630,michal.lewandowski.630@mail.com,ABA000630,PL0000630,D,2031-09-23,2022-09-23
631,Monika,Wozniak,70000000631,700000631,monika.wozniak.631@mail.com,ABA000631,PL0000631,B,2031-09-24,2022-09-24
632,Andrzej,Nowak,70000000632,700000632,andrzej.nowak.632@mail.com,ABA000632,PL0000632,B+E,2031-09-25,2022-09-25
633,Karolina,Wojcik,70000000633,700000633,karolina.wojcik.633@mail.com,ABA000633,PL0000633,C,2031-09-26,2022-09-26
634,Mateusz,Lewandowski,70000000634,700000634,mateusz.lewandowski.634@mail.com,ABA000634,PL0000634,A,2031-09-27,2022-09-27
635,Marta,Wozniak,70000000635,700000635,marta.wozniak.635@mail.com,ABA000635,PL0000635,D,2031-09-28,2022-09-28
636,Dawid,Nowak,70000000636,700000636,dawid.nowak.636@mail.com,ABA000636,PL0000636,B,2031-09-29,2022-09-29
637,Anna,Wojcik,70000000637,700000637,anna.wojcik.637@mail.com,ABA000637,PL0000637,B+E,2031-09-30,2022-09-30
638,Piotr,Lewandowski,70000000638,700000638,piotr.lewandowski.638@mail.com,ABA000638,PL0000638,C,2031-10-01,2022-10-01
639,Magdalena,Wozniak,70000000639,700000639,magdalena.wozniak.639@mail.com,ABA000639,PL0000639,A,2031-10-02,2022-10-02
640,Marek,Nowak,70000000640,700000640,marek.nowak.640@mail.com,ABA000640,PL0000640,D,2031-10-03,2022-10-03
641,Joanna,Wojcik,70000000641,700000641,joanna.wojcik.641@mail.com,ABA000641,PL0000641,B,2031-10-04,2022-10-04
642,Michal,Lewandowski,70000000642,700000642,michal.lewandowski.642@mail.com,ABA000642,PL0000642,B+E,2031-10-05,2022-10-05
643,Monika,Wozniak,70000000643,700000643,monika.wozniak.643@mail.com,ABA000643,PL0000643,C,2031-10-06,2022-10-06
644,Andrzej,Nowak,70000000644,700000644,andrzej.nowak.644@mail.com,ABA000644,PL0000644,A,2031-10-07,2022-10-07
645,Karolina,Wojcik,70000000645,700000645,karolina.wojcik.645@mail.com,ABA000645,PL0000645,D,2031-10-08,2022-10-08
646,Mateusz,Lewandowski,70000000646,700000646,mateusz.lewandowski.646@mail.com,ABA000646,PL0000646,B,2031-10-09,2022-10-09
647,Marta,Wozniak,70000000647,700000647,marta.wozniak.647@mail.com,ABA000647,PL0000647,B+E,2031-10-10,2022-10-10
648,Dawid,Nowak,70000000648,700000648,dawid.nowak.648@mail.com,ABA000648,PL0000648,C,2031-10-11,2022-10-11
649,Anna,Wojcik,70000000649,700000649,anna.wojcik.649@mail.com,ABA000649,PL0000649,A,2031-10-12,2022-10-12
650,Piotr,Lewandowski,70000000650,700000650,piotr.lewandowski.650@mail.com,ABA000650,PL0000650,D,2031-10-13,2022-10-13
651,Magdalena,Wozniak,70000000651,700000651,magdalena.wozniak.651@mail.com,ABA000651,PL0000651,B,2031-10-14,2022-10-14
652,Marek,Nowak,70000000652,700000652,marek.nowak.652@mail.com,ABA000652,PL0000652,B+E,2031-10-15,2022-10-15
653,Joanna,Wojcik,70000000653,700000653,joanna.wojcik.653@mail.com,ABA000653,PL0000653,C,2031-10-16,2022-10-16
654,Michal,Lewandowski,70000000654,700000654,michal.lewandowski.654@mail.com,ABA000654,PL0000654,A,2031-10-17,2022-10-17
655,Monika,Wozniak,70000000655,700000655,monika.wozniak.655@mail.com,ABA000655,PL0000655,D,2031-10-18,2022-10-18
656,Andrzej,Nowak,70000000656,700000656,andrzej.nowak.656@mail.com,ABA000656,PL0000656,B,2031-10-19,2022-10-19
657,Karolina,Wojcik,70000000657,700000657,karolina.wojcik.657@mail.com,ABA000657,PL0000657,B+E,2031-10-20,2022-10-20
658,Mateusz,Lewandowski,70000000658,700000658,mateusz.lewandowski.658@mail.com,ABA000658,PL0000658,C,2031-10-21,2022-10-21
659,Marta,Wozniak,70000000659,700000659,marta.wozniak.659@mail.com,ABA000659,PL0000659,A,2031-10-22,2022-10-22
660,Dawid,Nowak,70000000660,700000660,dawid.nowak.660@mail.com,ABA000660,PL0000660,D,2031-10-23,2022-10-23
661,Anna,Wojcik,70000000661,700000661,anna.wojcik.661@mail.com,ABA000661,PL0000661,B,2031-10-24,2022-10-24
662,Piotr,Lewandowski,70000000662,700000662,piotr.lewandowski.662@mail.com,ABA000662,PL0000662,B+E,2031-10-25,2022-10-25
663,Magdalena,Wozniak,70000000663,700000663,magdalena.wozniak.663@mail.com,ABA000663,PL0000663,C,2031-10-26,2022-10-26
664,Marek,Nowak,70000000664,700000664,marek.nowak.664@mail.com,ABA000664,PL0000664,A,2031-10-27,2022-10-27
665,Joanna,Wojcik,70000000665,700000665,joanna.wojcik.665@mail.com,ABA000665,PL0000665,D,2031-10-28,2022-10-28
666,Michal,Lewandowski,70000000666,700000666,michal.lewandowski.666@mail.com,ABA000666,PL0000666,B,2031-10-29,2022-10-29
667,Monika,Wozniak,70000000667,700000667,monika.wozniak.667@mail.com,ABA000667,PL0000667,B+E,2031-10-30,2022-10-30
668,Andrzej,Nowak,70000000668,700000668,andrzej.nowak.668@mail.com,ABA000668,PL0000668,C,2031-10-31,2022-10-31
669,Karolina,Wojcik,70000000669,700000669,karolina.wojcik.669@mail.com,ABA000669,PL0000669,A,2031-11-01,2022-11-01
670,Mateusz,Lewandowski,70000000670,700000670,mateusz.lewandowski.670@mail.com,ABA000670,PL0000670,D,2031-11-02,2022-11-02
671,Marta,Wozniak,70000000671,700000671,marta.wozniak.671@mail.com,ABA000671,PL0000671,B,2031-11-03,2022-11-03
672,Dawid,Nowak,70000000672,700000672,dawid.nowak.672@mail.com,ABA000672,PL0000672,B+E,2031-11-04,2022-11-04
673,Anna,Wojcik,70000000673,700000673,anna.wojcik.673@mail.com,ABA000673,PL0000673,C,2031-11-05,2022-11-05
674,Piotr,Lewandowski,70000000674,700000674,piotr.lewandowski.674@mail.com,ABA000674,PL0000674,A,2031-11-06,2022-11-06
675,Magdalena,Wozniak,70000000675,700000675,magdalena.wozniak.675@mail.com,ABA000675,PL0000675,D,2031-11-07,2022-11-07
676,Marek,Nowak,70000000676,700000676,marek.nowak.676@mail.com,ABA000676,PL0000676,B,2031-11-08,2022-11-08
677,Joanna,Wojcik,70000000677,700000677,joanna.wojcik.677@mail.com,ABA000677,PL0000677,B+E,2031-11-09,2022-11-09
678,Michal,Lewandowski,70000000678,700000678,michal.lewandowski.678@mail.com,ABA000678,PL0000678,C,2031-11-10,2022-11-10
679,Monika,Wozniak,70000000679,700000679,monika.wozniak.679@mail.com,ABA000679,PL0000679,A,2031-11-11,2022-11-11
680,Andrzej,Nowak,70000000680,700000680,andrzej.nowak.680@mail.com,ABA000680,PL0000680,D,2031-11-12,2022-11-12
681,Karolina,Wojcik,70000000681,700000681,karolina.wojcik.681@mail.com,ABA000681,PL0000681,B,2031-11-13,2022-11-13
682,Mateusz,Lewandowski,70000000682,700000682,mateusz.lewandowski.682@mail.com,ABA000682,PL0000682,B+E,2031-11-14,2022-11-14
683,Marta,Wozniak,70000000683,700000683,marta.wozniak.683@mail.com,ABA000683,PL0000683,C,2031-11-15,2022-11-15
684,Dawid,Nowak,70000000684,700000684,dawid.nowak.684@mail.com,ABA000684,PL0000684,A,2031-11-16,2022-11-16
685,Anna,Wojcik,70000000685,700000685,anna.wojcik.685@mail.com,ABA000685,PL0000685,D,2031-11-17,2022-11-17
686,Piotr,Lewandowski,70000000686,700000686,piotr.lewandowski.686@mail.com,ABA000686,PL0000686,B,2031-11-18,2022-11-18
687,Magdalena,Wozniak,70000000687,700000687,magdalena.wozniak.687@mail.com,ABA000687,PL0000687,B+E,2031-11-19,2022-11-19
688,Marek,Nowak,70000000688,700000688,marek.nowak.688@mail.com,ABA000688,PL0000688,C,2031-11-20,2022-11-20
689,Joanna,Wojcik,70000000689,700000689,joanna.wojcik.689@mail.com,ABA000689,PL0000689,A,2031-11-21,2022-11-21
690,Michal,Lewandowski,70000000690,700000690,michal.lewandowski.690@mail.com,ABA000690,PL0000690,D,2031-11-22,2022-11-22
691,Monika,Wozniak,70000000691,700000691,monika.wozniak.691@mail.com,ABA000691,PL0000691,B,2031-11-23,2022-11-23
692,Andrzej,Nowak,70000000692,700000692,andrzej.nowak.692@mail.com,ABA000692,PL0000692,B+E,2031-11-24,2022-11-24
693,Karolina,Wojcik,70000000693,700000693,karolina.wojcik.693@mail.com,ABA000693,PL0000693,C,2031-11-25,2022-11-25
694,Mateusz,Lewandowski,70000000694,700000694,mateusz.lewandowski.694@mail.com,ABA000694,PL0000694,A,2031-11-26,2022-11-26
695,Marta,Wozniak,70000000695,700000695,marta.wozniak.695@mail.com,ABA000695,PL0000695,D,2031-11-27,2022-11-27
696,Dawid,Nowak,70000000696,700000696,dawid.nowak.696@mail.com,ABA000696,PL0000696,B,2031-11-28,2022-11-28
697,Anna,Wojcik,70000000697,700000697,anna.wojcik.697@mail.com,ABA000697,PL0000697,B+E,2031-11-29,2022-11-29
698,Piotr,Lewandowski,70000000698,700000698,piotr.lewandowski.698@mail.com,ABA000698,PL0000698,C,2031-11-30,2022-11-30
699,Magdalena,Wozniak,70000000699,700000699,magdalena.wozniak.699@mail.com,ABA000699,PL0000699,A,2031-12-01,2022-12-01
700,Marek,Nowak,70000000700,700000700,marek.nowak.700@mail.com,ABA000700,PL0000700,D,2031-12-02,2022-12-02
701,Joanna,Wojcik,70000000701,700000701,joanna.wojcik.701@mail.com,ABA000701,PL0000701,B,2031-12-03,2022-12-03
702,Michal,Lewandowski,70000000702,700000702,michal.lewandowski.702@mail.com,ABA000702,PL0000702,B+E,2031-12-04,2022-12-04
703,Monika,Wozniak,70000000703,700000703,monika.wozniak.703@mail.com,ABA000703,PL0000703,C,2031-12-05,2022-12-05
704,Andrzej,Nowak,70000000704,700000704,andrzej.nowak.704@mail.com,ABA000704,PL0000704,A,2031-12-06,2022-12-06
705,Karolina,Wojcik,70000000705,700000705,karolina.wojcik.705@mail.com,ABA000705,PL0000705,D,2031-12-07,2022-12-07
706,Mateusz,Lewandowski,70000000706,700000706,mateusz.lewandowski.706@mail.com,ABA000706,PL0000706,B,2031-12-08,2022-12-08
707,Marta,Wozniak,70000000707,700000707,marta.wozniak.707@mail.com,ABA000707,PL0000707,B+E,2031-12-09,2022-12-09
708,Dawid,Nowak,70000000708,700000708,dawid.nowak.708@mail.com,ABA000708,PL0000708,C,2031-12-10,2022-12-10
709,Anna,Wojcik,70000000709,700000709,anna.wojcik.709@mail.com,ABA000709,PL0000709,A,2031-12-11,2022-12-11
710,Piotr,Lewandowski,70000000710,700000710,piotr.lewandowski.710@mail.com,ABA000710,PL0000710,D,2031-12-12,2022-12-12
711,Magdalena,Wozniak,70000000711,700000711,magdalena.wozniak.711@mail.com,ABA000711,PL0000711,B,2031-12-13,2022-12-13
712,Marek,Nowak,70000000712,700000712,marek.nowak.712@mail.com,ABA000712,PL0000712,B+E,2031-12-14,2022-12-14
713,Joanna,Wojcik,70000000713,700000713,joanna.wojcik.713@mail.com,ABA000713,PL0000713,C,2031-12-15,2022-12-15
714,Michal,Lewandowski,70000000714,700000714,michal.lewandowski.714@mail.com,ABA000714,PL0000714,A,2031-12-16,2022-12-16
715,Monika,Wozniak,70000000715,700000715,monika.wozniak.715@mail.com,ABA000715,PL0000715,D,2031-12-17,2022-12-17
716,Andrzej,Nowak,70000000716,700000716,andrzej.nowak.716@mail.com,ABA000716,PL0000716,B,2031-12-18,2022-12-18
717,Karolina,Wojcik,70000000717,700000717,karolina.wojcik.717@mail.com,ABA000717,PL0000717,B+E,2031-12-19,2022-12-19
718,Mateusz,Lewandowski,70000000718,700000718,mateusz.lewandowski.718@mail.com,ABA000718,PL0000718,C,2031-12-20,2022-12-20
719,Marta,Wozniak,70000000719,700000719,marta.wozniak.719@mail.com,ABA000719,PL0000719,A,2031-12-21,2022-12-21
720,Dawid,Nowak,70000000720,700000720,dawid.nowak.720@mail.com,ABA000720,PL0000720,D,2031-12-22,2022-12-22
721,Anna,Wojcik,70000000721,700000721,anna.wojcik.721@mail.com,ABA000721,PL0000721,B,2031-12-23,2022-12-23
722,Piotr,Lewandowski,70000000722,700000722,piotr.lewandowski.722@mail.com,ABA000722,PL0000722,B+E,2031-12-24,2022-12-24
723,Magdalena,Wozniak,70000000723,700000723,magdalena.wozniak.723@mail.com,ABA000723,PL0000723,C,2031-12-25,2022-12-25
724,Marek,Nowak,70000000724,700000724,marek.nowak.724@mail.com,ABA000724,PL0000724,A,2031-12-26,2022-12-26
725,Joanna,Wojcik,70000000725,700000725,joanna.wojcik.725@mail.com,ABA000725,PL0000725,D,2031-12-27,2022-12-27
726,Michal,Lewandowski,70000000726,700000726,michal.lewandowski.726@mail.com,ABA000726,PL0000726,B,2031-12-28,2022-12-28
727,Monika,Wozniak,70000000727,700000727,monika.wozniak.727@mail.com,ABA000727,PL0000727,B+E,2031-12-29,2022-12-29
728,Andrzej,Nowak,70000000728,700000728,andrzej.nowak.728@mail.com,ABA000728,PL0000728,C,2031-12-30,2022-12-30
729,Karolina,Wojcik,70000000729,700000729,karolina.wojcik.729@mail.com,ABA000729,PL0000729,A,2031-12-31,2022-12-31
730,Mateusz,Lewandowski,70000000730,700000730,mateusz.lewandowski.730@mail.com,ABA000730,PL0000730,D,2032-01-01,2023-01-01
731,Marta,Wozniak,70000000731,700000731,marta.wozniak.731@mail.com,ABA000731,PL0000731,B,2032-01-02,2023-01-02
732,Dawid,Nowak,70000000732,700000732,dawid.nowak.732@mail.com,ABA000732,PL0000732,B+E,2032-01-03,2023-01-03
733,Anna,Wojcik,70000000733,700000733,anna.wojcik.733@mail.com,ABA000733,PL0000733,C,2032-01-04,2023-01-04
734,Piotr,Lewandowski,70000000734,700000734,piotr.lewandowski.734@mail.com,ABA000734,PL0000734,A,2032-01-05,2023-01-05
735,Magdalena,Wozniak,70000000735,700000735,magdalena.wozniak.735@mail.com,ABA000735,PL0000735,D,2032-01-06,2023-01-06
736,Marek,Nowak,70000000736,700000736,marek.nowak.736@mail.com,ABA000736,PL0000736,B,2032-01-07,2023-01-07
737,Joanna,Wojcik,70000000737,700000737,joanna.wojcik.737@mail.com,ABA000737,PL0000737,B+E,2032-01-08,2023-01-08
738,Michal,Lewandowski,70000000738,700000738,michal.lewandowski.738@mail.com,ABA000738,PL0000738,C,2032-01-09,2023-01-09
739,Monika,Wozniak,70000000739,700000739,monika.wozniak.739@mail.com,ABA000739,PL0000739,A,2032-01-10,2023-01-10
740,Andrzej,Nowak,70000000740,700000740,andrzej.nowak.740@mail.com,ABA000740,PL0000740,D,2032-01-11,2023-01-11
741,Karolina,Wojcik,70000000741,700000741,karolina.wojcik.741@mail.com,ABA000741,PL0000741,B,2032-01-12,2023-01-12
742,Mateusz,Lewandowski,70000000742,700000742,mateusz.lewandowski.742@mail.com,ABA000742,PL0000742,B+E,2032-01-13,2023-01-13
743,Marta,Wozniak,70000000743,700000743,marta.wozniak.743@mail.com,ABA000743,PL0000743,C,2032-01-14,2023-01-14
744,Dawid,Nowak,70000000744,700000744,dawid.nowak.744@mail.com,ABA000744,PL0000744,A,2032-01-15,2023-01-15
745,Anna,Wojcik,70000000745,700000745,anna.wojcik.745@mail.com,ABA000745,PL0000745,D,2032-01-16,2023-01-16
746,Piotr,Lewandowski,70000000746,700000746,piotr.lewandowski.746@mail.com,ABA000746,PL0000746,B,2032-01-17,2023-01-17
747,Magdalena,Wozniak,70000000747,700000747,magdalena.wozniak.747@mail.com,ABA000747,PL0000747,B+E,2032-01-18,2023-01-18
748,Marek,Nowak,70000000748,700000748,marek.nowak.748@mail.com,ABA000748,PL0000748,C,2032-01-19,2023-01-19
749,Joanna,Wojcik,70000000749,700000749,joanna.wojcik.749@mail.com,ABA000749,PL0000749,A,2032-01-20,2023-01-20
750,Michal,Lewandowski,70000000750,700000750,michal.lewandowski.750@mail.com,ABA000750,PL0000750,D,2032-01-21,2023-01-21
751,Monika,Wozniak,70000000751,700000751,monika.wozniak.751@mail.com,ABA000751,PL0000751,B,2032-01-22,2023-01-22
752,Andrzej,Nowak,70000000752,700000752,andrzej.nowak.752@mail.com,ABA000752,PL0000752,B+E,2032-01-23,2023-01-23
753,Karolina,Wojcik,70000000753,700000753,karolina.wojcik.753@mail.com,ABA000753,PL0000753,C,2032-01-24,2023-01-24
754,Mateusz,Lewandowski,70000000754,700000754,mateusz.lewandowski.754@mail.com,ABA000754,PL0000754,A,2032-01-25,2023-01-25
755,Marta,Wozniak,70000000755,700000755,marta.wozniak.755@mail.com,ABA000755,PL0000755,D,2032-01-26,2023-01-26
756,Dawid,Nowak,70000000756,700000756,dawid.nowak.756@mail.com,ABA000756,PL0000756,B,2032-01-27,2023-01-27
757,Anna,Wojcik,70000000757,700000757,anna.wojcik.757@mail.com,ABA000757,PL0000757,B+E,2032-01-28,2023-01-28
758,Piotr,Lewandowski,70000000758,700000758,piotr.lewandowski.758@mail.com,ABA000758,PL0000758,C,2032-01-29,2023-01-29
759,Magdalena,Wozniak,70000000759,700000759,magdalena.wozniak.759@mail.com,ABA000759,PL0000759,A,2032-01-30,2023-01-30
760,Marek,Nowak,70000000760,700000760,marek.nowak.760@mail.com,ABA000760,PL0000760,D,2032-01-31,2023-01-31
761,Joanna,Wojcik,70000000761,700000761,joanna.wojcik.761@mail.com,ABA000761,PL0000761,B,2032-02-01,2023-02-01
762,Michal,Lewandowski,70000000762,700000762,michal.lewandowski.762@mail.com,ABA000762,PL0000762,B+E,2032-02-02,2023-02-02
763,Monika,Wozniak,70000000763,700000763,monika.wozniak.763@mail.com,ABA000763,PL0000763,C,2032-02-03,2023-02-03
764,Andrzej,Nowak,70000000764,700000764,andrzej.nowak.764@mail.com,ABA000764,PL0000764,A,2032-02-04,2023-02-04
765,Karolina,Wojcik,70000000765,700000765,karolina.wojcik.765@mail.com,ABA000765,PL0000765,D,2032-02-05,2023-02-05
766,Mateusz,Lewandowski,70000000766,700000766,mateusz.lewandowski.766@mail.com,ABA000766,PL0000766,B,2032-02-06,2023-02-06
767,Marta,Wozniak,70000000767,700000767,marta.wozniak.767@mail.com,ABA000767,PL0000767,B+E,2032-02-07,2023-02-07
768,Dawid,Nowak,70000000768,700000768,dawid.nowak.768@mail.com,ABA000768,PL0000768,C,2032-02-08,2023-02-08
769,Anna,Wojcik,70000000769,700000769,anna.wojcik.769@mail.com,ABA000769,PL0000769,A,2032-02-09,2023-02-09
770,Piotr,Lewandowski,70000000770,700000770,piotr.lewandowski.770@mail.com,ABA000770,PL0000770,D,2032-02-10,2023-02-10
771,Magdalena,Wozniak,70000000771,700000771,magdalena.wozniak.771@mail.com,ABA000771,PL0000771,B,2032-02-11,2023-02-11
772,Marek,Nowak,70000000772,700000772,marek.nowak.772@mail.com,ABA000772,PL0000772,B+E,2032-02-12,2023-02-12
773,Joanna,Wojcik,70000000773,700000773,joanna.wojcik.773@mail.com,ABA000773,PL0000773,C,2032-02-13,2023-02-13
774,Michal,Lewandowski,70000000774,700000774,michal.lewandowski.774@mail.com,ABA000774,PL0000774,A,2032-02-14,2023-02-14
775,Monika,Wozniak,70000000775,700000775,monika.wozniak.775@mail.com,ABA000775,PL0000775,D,2032-02-15,2023-02-15
776,Andrzej,Nowak,70000000776,700000776,andrzej.nowak.776@mail.com,ABA000776,PL0000776,B,2032-02-16,2023-02-16
777,Karolina,Wojcik,70000000777,700000777,karolina.wojcik.777@mail.com,ABA000777,PL0000777,B+E,2032-02-17,2023-02-17
778,Mateusz,Lewandowski,70000000778,700000778,mateusz.lewandowski.778@mail.com,ABA000778,PL0000778,C,2032-02-18,2023-02-18
779,Marta,Wozniak,70000000779,700000779,marta.wozniak.779@mail.com,ABA000779,PL0000779,A,2032-02-19,2023-02-19
780,Dawid,Nowak,70000000780,700000780,dawid.nowak.780@mail.com,ABA000780,PL0000780,D,2032-02-20,2023-02-20
781,Anna,Wojcik,70000000781,700000781,anna.wojcik.781@mail.com,ABA000781,PL0000781,B,2032-02-21,2023-02-21
782,Piotr,Lewandowski,70000000782,700000782,piotr.lewandowski.782@mail.com,ABA000782,PL0000782,B+E,2032-02-22,2023-02-22
783,Magdalena,Wozniak,70000000783,700000783,magdalena.wozniak.783@mail.com,ABA000783,PL0000783,C,2032-02-23,2023-02-23
784,Marek,Nowak,70000000784,700000784,marek.nowak.784@mail.com,ABA000784,PL0000784,A,2032-02-24,2023-02-24
785,Joanna,Wojcik,70000000785,700000785,joanna.wojcik.785@mail.com,ABA000785,PL0000785,D,2032-02-25,2023-02-25
786,Michal,Lewandowski,70000000786,700000786,michal.lewandowski.786@mail.com,ABA000786,PL0000786,B,2032-02-26,2023-02-26
787,Monika,Wozniak,70000000787,700000787,monika.wozniak.787@mail.com,ABA000787,PL0000787,B+E,2032-02-27,2023-02-27
788,Andrzej,Nowak,70000000788,700000788,andrzej.nowak.788@mail.com,ABA000788,PL0000788,C,2032-02-28,2023-02-28
789,Karolina,Wojcik,70000000789,700000789,karolina.wojcik.789@mail.com,ABA000789,PL0000789,A,2032-02-29,2023-03-01
790,Mateusz,Lewandowski,70000000790,700000790,mateusz.lewandowski.790@mail.com,ABA000790,PL0000790,D,2032-03-01,2023-03-02
791,Marta,Wozniak,70000000791,700000791,marta.wozniak.791@mail.com,ABA000791,PL0000791,B,2032-03-02,2023-03-03
792,Dawid,Nowak,70000000792,700000792,dawid.nowak.792@mail.com,ABA000792,PL0000792,B+E,2032-03-03,2023-03-04
793,Anna,Wojcik,70000000793,700000793,anna.wojcik.793@mail.com,ABA000793,PL0000793,C,2032-03-04,2023-03-05
794,Piotr,Lewandowski,70000000794,700000794,piotr.lewandowski.794@mail.com,ABA000794,PL0000794,A,2032-03-05,2023-03-06
795,Magdalena,Wozniak,70000000795,700000795,magdalena.wozniak.795@mail.com,ABA000795,PL0000795,D,2032-03-06,2023-03-07
796,Marek,Nowak,70000000796,700000796,marek.nowak.796@mail.com,ABA000796,PL0000796,B,2032-03-07,2023-03-08
797,Joanna,Wojcik,70000000797,700000797,joanna.wojcik.797@mail.com,ABA000797,PL0000797,B+E,2032-03-08,2023-03-09
798,Michal,Lewandowski,70000000798,700000798,michal.lewandowski.798@mail.com,ABA000798,PL0000798,C,2032-03-09,2023-03-10
799,Monika,Wozniak,70000000799,700000799,monika.wozniak.799@mail.com,ABA000799,PL0000799,A,2032-03-10,2023-03-11
800,Andrzej,Nowak,70000000800,700000800,andrzej.nowak.800@mail.com,ABA000800,PL0000800,D,2032-03-11,2023-03-12
801,Karolina,Wojcik,70000000801,700000801,karolina.wojcik.801@mail.com,ABA000801,PL0000801,B,2032-03-12,2023-03-13
802,Mateusz,Lewandowski,70000000802,700000802,mateusz.lewandowski.802@mail.com,ABA000802,PL0000802,B+E,2032-03-13,2023-03-14
803,Marta,Wozniak,70000000803,700000803,marta.wozniak.803@mail.com,ABA000803,PL0000803,C,2032-03-14,2023-03-15
804,Dawid,Nowak,70000000804,700000804,dawid.nowak.804@mail.com,ABA000804,PL0000804,A,2032-03-15,2023-03-16
805,Anna,Wojcik,70000000805,700000805,anna.wojcik.805@mail.com,ABA000805,PL0000805,D,2032-03-16,2023-03-17
806,Piotr,Lewandowski,70000000806,700000806,piotr.lewandowski.806@mail.com,ABA000806,PL0000806,B,2032-03-17,2023-03-18
807,Magdalena,Wozniak,70000000807,700000807,magdalena.wozniak.807@mail.com,ABA000807,PL0000807,B+E,2032-03-18,2023-03-19
808,Marek,Nowak,70000000808,700000808,marek.nowak.808@mail.com,ABA000808,PL0000808,C,2032-03-19,2023-03-20
809,Joanna,Wojcik,70000000809,700000809,joanna.wojcik.809@mail.com,ABA000809,PL0000809,A,2032-03-20,2023-03-21
810,Michal,Lewandowski,70000000810,700000810,michal.lewandowski.810@mail.com,ABA000810,PL0000810,D,2032-03-21,2023-03-22
811,Monika,Wozniak,70000000811,700000811,monika.wozniak.811@mail.com,ABA000811,PL0000811,B,2032-03-22,2023-03-23
812,Andrzej,Nowak,70000000812,700000812,andrzej.nowak.812@mail.com,ABA000812,PL0000812,B+E,2032-03-23,2023-03-24
813,Karolina,Wojcik,70000000813,700000813,karolina.wojcik.813@mail.com,ABA000813,PL0000813,C,2032-03-24,2023-03-25
814,Mateusz,Lewandowski,70000000814,700000814,mateusz.lewandowski.814@mail.com,ABA000814,PL0000814,A,2032-03-25,2023-03-26
815,Marta,Wozniak,70000000815,700000815,marta.wozniak.815@mail.com,ABA000815,PL0000815,D,2032-03-26,2023-03-27
816,Dawid,Nowak,70000000816,700000816,dawid.nowak.816@mail.com,ABA000816,PL0000816,B,2032-03-27,2023-03-28
817,Anna,Wojcik,70000000817,700000817,anna.wojcik.817@mail.com,ABA000817,PL0000817,B+E,2032-03-28,2023-03-29
818,Piotr,Lewandowski,70000000818,700000818,piotr.lewandowski.818@mail.com,ABA000818,PL0000818,C,2032-03-29,2023-03-30
819,Magdalena,Wozniak,70000000819,700000819,magdalena.wozniak.819@mail.com,ABA000819,PL0000819,A,2032-03-30,2023-03-31
820,Marek,Nowak,70000000820,700000820,marek.nowak.820@mail.com,ABA000820,PL0000820,D,2032-03-31,2023-04-01
821,Joanna,Wojcik,70000000821,700000821,joanna.wojcik.821@mail.com,ABA000821,PL0000821,B,2032-04-01,2023-04-02
822,Michal,Lewandowski,70000000822,700000822,michal.lewandowski.822@mail.com,ABA000822,PL0000822,B+E,2032-04-02,2023-04-03
823,Monika,Wozniak,70000000823,700000823,monika.wozniak.823@mail.com,ABA000823,PL0000823,C,2032-04-03,2023-04-04
824,Andrzej,Nowak,70000000824,700000824,andrzej.nowak.824@mail.com,ABA000824,PL0000824,A,2032-04-04,2023-04-05
825,Karolina,Wojcik,70000000825,700000825,karolina.wojcik.825@mail.com,ABA000825,PL0000825,D,2032-04-05,2023-04-06
826,Mateusz,Lewandowski,70000000826,700000826,mateusz.lewandowski.826@mail.com,ABA000826,PL0000826,B,2032-04-06,2023-04-07
827,Marta,Wozniak,70000000827,700000827,marta.wozniak.827@mail.com,ABA000827,PL0000827,B+E,2032-04-07,2023-04-08
828,Dawid,Nowak,70000000828,700000828,dawid.nowak.828@mail.com,ABA000828,PL0000828,C,2032-04-08,2023-04-09
829,Anna,Wojcik,70000000829,700000829,anna.wojcik.829@mail.com,ABA000829,PL0000829,A,2032-04-09,2023-04-10
830,Piotr,Lewandowski,70000000830,700000830,piotr.lewandowski.830@mail.com,ABA000830,PL0000830,D,2032-04-10,2023-04-11
831,Magdalena,Wozniak,70000000831,700000831,magdalena.wozniak.831@mail.com,ABA000831,PL0000831,B,2032-04-11,2023-04-12
832,Marek,Nowak,70000000832,700000832,marek.nowak.832@mail.com,ABA000832,PL0000832,B+E,2032-04-12,2023-04-13
833,Joanna,Wojcik,70000000833,700000833,joanna.wojcik.833@mail.com,ABA000833,PL0000833,C,2032-04-13,2023-04-14
834,Michal,Lewandowski,70000000834,700000834,michal.lewandowski.834@mail.com,ABA000834,PL0000834,A,2032-04-14,2023-04-15
835,Monika,Wozniak,70000000835,700000835,monika.wozniak.835@mail.com,ABA000835,PL0000835,D,2032-04-15,2023-04-16
836,Andrzej,Nowak,70000000836,700000836,andrzej.nowak.836@mail.com,ABA000836,PL0000836,B,2032-04-16,2023-04-17
837,Karolina,Wojcik,70000000837,700000837,karolina.wojcik.837@mail.com,ABA000837,PL0000837,B+E,2032-04-17,2023-04-18
838,Mateusz,Lewandowski,70000000838,700000838,mateusz.lewandowski.838@mail.com,ABA000838,PL0000838,C,2032-04-18,2023-04-19
839,Marta,Wozniak,70000000839,700000839,marta.wozniak.839@mail.com,ABA000839,PL0000839,A,2032-04-19,2023-04-20
840,Dawid,Nowak,70000000840,700000840,dawid.nowak.840@mail.com,ABA000840,PL0000840,D,2032-04-20,2023-04-21
841,Anna,Wojcik,70000000841,700000841,anna.wojcik.841@mail.com,ABA000841,PL0000841,B,2032-04-21,2023-04-22
842,Piotr,Lewandowski,70000000842,700000842,piotr.lewandowski.842@mail.com,ABA000842,PL0000842,B+E,2032-04-22,2023-04-23
843,Magdalena,Wozniak,70000000843,700000843,magdalena.wozniak.843@mail.com,ABA000843,PL0000843,C,2032-04-23,2023-04-24
844,Marek,Nowak,70000000844,700000844,marek.nowak.844@mail.com,ABA000844,PL0000844,A,2032-04-24,2023-04-25
845,Joanna,Wojcik,70000000845,700000845,joanna.wojcik.845@mail.com,ABA000845,PL0000845,D,2032-04-25,2023-04-26
846,Michal,Lewandowski,70000000846,700000846,michal.lewandowski.846@mail.com,ABA000846,PL0000846,B,2032-04-26,2023-04-27
847,Monika,Wozniak,70000000847,700000847,monika.wozniak.847@mail.com,ABA000847,PL0000847,B+E,2032-04-27,2023-04-28
848,Andrzej,Nowak,70000000848,700000848,andrzej.nowak.848@mail.com,ABA000848,PL0000848,C,2032-04-28,2023-04-29
849,Karolina,Wojcik,70000000849,700000849,karolina.wojcik.849@mail.com,ABA000849,PL0000849,A,2032-04-29,2023-04-30
850,Mateusz,Lewandowski,70000000850,700000850,mateusz.lewandowski.850@mail.com,ABA000850,PL0000850,D,2032-04-30,2023-05-01
851,Marta,Wozniak,70000000851,700000851,marta.wozniak.851@mail.com,ABA000851,PL0000851,B,2032-05-01,2023-05-02
852,Dawid,Nowak,70000000852,700000852,dawid.nowak.852@mail.com,ABA000852,PL0000852,B+E,2032-05-02,2023-05-03
853,Anna,Wojcik,70000000853,700000853,anna.wojcik.853@mail.com,ABA000853,PL0000853,C,2032-05-03,2023-05-04
854,Piotr,Lewandowski,70000000854,700000854,piotr.lewandowski.854@mail.com,ABA000854,PL0000854,A,2032-05-04,2023-05-05
855,Magdalena,Wozniak,70000000855,700000855,magdalena.wozniak.855@mail.com,ABA000855,PL0000855,D,2032-05-05,2023-05-06
856,Marek,Nowak,70000000856,700000856,marek.nowak.856@mail.com,ABA000856,PL0000856,B,2032-05-06,2023-05-07
857,Joanna,Wojcik,70000000857,700000857,joanna.wojcik.857@mail.com,ABA000857,PL0000857,B+E,2032-05-07,2023-05-08
858,Michal,Lewandowski,70000000858,700000858,michal.lewandowski.858@mail.com,ABA000858,PL0000858,C,2032-05-08,2023-05-09
859,Monika,Wozniak,70000000859,700000859,monika.wozniak.859@mail.com,ABA000859,PL0000859,A,2032-05-09,2023-05-10
860,Andrzej,Nowak,70000000860,700000860,andrzej.nowak.860@mail.com,ABA000860,PL0000860,D,2032-05-10,2023-05-11
861,Karolina,Wojcik,70000000861,700000861,karolina.wojcik.861@mail.com,ABA000861,PL0000861,B,2032-05-11,2023-05-12
862,Mateusz,Lewandowski,70000000862,700000862,mateusz.lewandowski.862@mail.com,ABA000862,PL0000862,B+E,2032-05-12,2023-05-13
863,Marta,Wozniak,70000000863,700000863,marta.wozniak.863@mail.com,ABA000863,PL0000863,C,2032-05-13,2023-05-14
864,Dawid,Nowak,70000000864,700000864,dawid.nowak.864@mail.com,ABA000864,PL0000864,A,2032-05-14,2023-05-15
865,Anna,Wojcik,70000000865,700000865,anna.wojcik.865@mail.com,ABA000865,PL0000865,D,2032-05-15,2023-05-16
866,Piotr,Lewandowski,70000000866,700000866,piotr.lewandowski.866@mail.com,ABA000866,PL0000866,B,2032-05-16,2023-05-17
867,Magdalena,Wozniak,70000000867,700000867,magdalena.wozniak.867@mail.com,ABA000867,PL0000867,B+E,2032-05-17,2023-05-18
868,Marek,Nowak,70000000868,700000868,marek.nowak.868@mail.com,ABA000868,PL0000868,C,2032-05-18,2023-05-19
869,Joanna,Wojcik,70000000869,700000869,joanna.wojcik.869@mail.com,ABA000869,PL0000869,A,2032-05-19,2023-05-20
870,Michal,Lewandowski,70000000870,700000870,michal.lewandowski.870@mail.com,ABA000870,PL0000870,D,2032-05-20,2023-05-21
871,Monika,Wozniak,70000000871,700000871,monika.wozniak.871@mail.com,ABA000871,PL0000871,B,2032-05-21,2023-05-22
872,Andrzej,Nowak,70000000872,700000872,andrzej.nowak.872@mail.com,ABA000872,PL0000872,B+E,2032-05-22,2023-05-23
873,Karolina,Wojcik,70000000873,700000873,karolina.wojcik.873@mail.com,ABA000873,PL0000873,C,2032-05-23,2023-05-24
874,Mateusz,Lewandowski,70000000874,700000874,mateusz.lewandowski.874@mail.com,ABA000874,PL0000874,A,2032-05-24,2023-05-25
875,Marta,Wozniak,70000000875,700000875,marta.wozniak.875@mail.com,ABA000875,PL0000875,D,2032-05-25,2023-05-26
876,Dawid,Nowak,70000000876,700000876,dawid.nowak.876@mail.com,ABA000876,PL0000876,B,2032-05-26,2023-05-27
877,Anna,Wojcik,70000000877,700000877,anna.wojcik.877@mail.com,ABA000877,PL0000877,B+E,2032-05-27,2023-05-28
878,Piotr,Lewandowski,70000000878,700000878,piotr.lewandowski.878@mail.com,ABA000878,PL0000878,C,2032-05-28,2023-05-29
879,Magdalena,Wozniak,70000000879,700000879,magdalena.wozniak.879@mail.com,ABA000879,PL0000879,A,2032-05-29,2023-05-30
880,Marek,Nowak,70000000880,700000880,marek.nowak.880@mail.com,ABA000880,PL0000880,D,2032-05-30,2023-05-31
881,Joanna,Wojcik,70000000881,700000881,joanna.wojcik.881@mail.com,ABA000881,PL0000881,B,2032-05-31,2023-06-01
882,Michal,Lewandowski,70000000882,700000882,michal.lewandowski.882@mail.com,ABA000882,PL0000882,B+E,2032-06-01,2023-06-02
883,Monika,Wozniak,70000000883,700000883,monika.wozniak.883@mail.com,ABA000883,PL0000883,C,2032-06-02,2023-06-03
884,Andrzej,Nowak,70000000884,700000884,andrzej.nowak.884@mail.com,ABA000884,PL0000884,A,2032-06-03,2023-06-04
885,Karolina,Wojcik,70000000885,700000885,karolina.wojcik.885@mail.com,ABA000885,PL0000885,D,2032-06-04,2023-06-05
886,Mateusz,Lewandowski,70000000886,700000886,mateusz.lewandowski.886@mail.com,ABA000886,PL0000886,B,2032-06-05,2023-06-06
887,Marta,Wozniak,70000000887,700000887,marta.wozniak.887@mail.com,ABA000887,PL0000887,B+E,2032-06-06,2023-06-07
888,Dawid,Nowak,70000000888,700000888,dawid.nowak.888@mail.com,ABA000888,PL0000888,C,2032-06-07,2023-06-08
889,Anna,Wojcik,70000000889,700000889,anna.wojcik.889@mail.com,ABA000889,PL0000889,A,2032-06-08,2023-06-09
890,Piotr,Lewandowski,70000000890,700000890,piotr.lewandowski.890@mail.com,ABA000890,PL0000890,D,2032-06-09,2023-06-10
891,Magdalena,Wozniak,70000000891,700000891,magdalena.wozniak.891@mail.com,ABA000891,PL0000891,B,2032-06-10,2023-06-11
892,Marek,Nowak,70000000892,700000892,marek.nowak.892@mail.com,ABA000892,PL0000892,B+E,2032-06-11,2023-06-12
893,Joanna,Wojcik,70000000893,700000893,joanna.wojcik.893@mail.com,ABA000893,PL0000893,C,2032-06-12,2023-06-13
894,Michal,Lewandowski,70000000894,700000894,michal.lewandowski.894@mail.com,ABA000894,PL0000894,A,2032-06-13,2023-06-14
895,Monika,Wozniak,70000000895,700000895,monika.wozniak.895@mail.com,ABA000895,PL0000895,D,2032-06-14,2023-06-15
896,Andrzej,Nowak,70000000896,700000896,andrzej.nowak.896@mail.com,ABA000896,PL0000896,B,2032-06-15,2023-06-16
897,Karolina,Wojcik,70000000897,700000897,karolina.wojcik.897@mail.com,ABA000897,PL0000897,B+E,2032-06-16,2023-06-17
898,Mateusz,Lewandowski,70000000898,700000898,mateusz.lewandowski.898@mail.com,ABA000898,PL0000898,C,2032-06-17,2023-06-18
899,Marta,Wozniak,70000000899,700000899,marta.wozniak.899@mail.com,ABA000899,PL0000899,A,2032-06-18,2023-06-19
900,Dawid,Nowak,70000000900,700000900,dawid.nowak.900@mail.com,ABA000900,PL0000900,D,2032-06-19,2023-06-20
901,Anna,Wojcik,70000000901,700000901,anna.wojcik.901@mail.com,ABA000901,PL0000901,B,2032-06-20,2023-06-21
902,Piotr,Lewandowski,70000000902,700000902,piotr.lewandowski.902@mail.com,ABA000902,PL0000902,B+E,2032-06-21,2023-06-22
903,Magdalena,Wozniak,70000000903,700000903,magdalena.wozniak.903@mail.com,ABA000903,PL0000903,C,2032-06-22,2023-06-23
904,Marek,Nowak,70000000904,700000904,marek.nowak.904@mail.com,ABA000904,PL0000904,A,2032-06-23,2023-06-24
905,Joanna,Wojcik,70000000905,700000905,joanna.wojcik.905@mail.com,ABA000905,PL0000905,D,2032-06-24,2023-06-25
906,Michal,Lewandowski,70000000906,700000906,michal.lewandowski.906@mail.com,ABA000906,PL0000906,B,2032-06-25,2023-06-26
907,Monika,Wozniak,70000000907,700000907,monika.wozniak.907@mail.com,ABA000907,PL0000907,B+E,2032-06-26,2023-06-27
908,Andrzej,Nowak,70000000908,700000908,andrzej.nowak.908@mail.com,ABA000908,PL0000908,C,2032-06-27,2023-06-28
909,Karolina,Wojcik,70000000909,700000909,karolina.wojcik.909@mail.com,ABA000909,PL0000909,A,2032-06-28,2023-06-29
910,Mateusz,Lewandowski,70000000910,700000910,mateusz.lewandowski.910@mail.com,ABA000910,PL0000910,D,2032-06-29,2023-06-30
911,Marta,Wozniak,70000000911,700000911,marta.wozniak.911@mail.com,ABA000911,PL0000911,B,2032-06-30,2023-07-01
912,Dawid,Nowak,70000000912,700000912,dawid.nowak.912@mail.com,ABA000912,PL0000912,B+E,2032-07-01,2023-07-02
913,Anna,Wojcik,70000000913,700000913,anna.wojcik.913@mail.com,ABA000913,PL0000913,C,2032-07-02,2023-07-03
914,Piotr,Lewandowski,70000000914,700000914,piotr.lewandowski.914@mail.com,ABA000914,PL0000914,A,2032-07-03,2023-07-04
915,Magdalena,Wozniak,70000000915,700000915,magdalena.wozniak.915@mail.com,ABA000915,PL0000915,D,2032-07-04,2023-07-05
916,Marek,Nowak,70000000916,700000916,marek.nowak.916@mail.com,ABA000916,PL0000916,B,2032-07-05,2023-07-06
917,Joanna,Wojcik,70000000917,700000917,joanna.wojcik.917@mail.com,ABA000917,PL0000917,B+E,2032-07-06,2023-07-07
918,Michal,Lewandowski,70000000918,700000918,michal.lewandowski.918@mail.com,ABA000918,PL0000918,C,2032-07-07,2023-07-08
919,Monika,Wozniak,70000000919,700000919,monika.wozniak.919@mail.com,ABA000919,PL0000919,A,2032-07-08,2023-07-09
920,Andrzej,Nowak,70000000920,700000920,andrzej.nowak.920@mail.com,ABA000920,PL0000920,D,2032-07-09,2023-07-10
921,Karolina,Wojcik,70000000921,700000921,karolina.wojcik.921@mail.com,ABA000921,PL0000921,B,2032-07-10,2023-07-11
922,Mateusz,Lewandowski,70000000922,700000922,mateusz.lewandowski.922@mail.com,ABA000922,PL0000922,B+E,2032-07-11,2023-07-12
923,Marta,Wozniak,70000000923,700000923,marta.wozniak.923@mail.com,ABA000923,PL0000923,C,2032-07-12,2023-07-13
924,Dawid,Nowak,70000000924,700000924,dawid.nowak.924@mail.com,ABA000924,PL0000924,A,2032-07-13,2023-07-14
925,Anna,Wojcik,70000000925,700000925,anna.wojcik.925@mail.com,ABA000925,PL0000925,D,2032-07-14,2023-07-15
926,Piotr,Lewandowski,70000000926,700000926,piotr.lewandowski.926@mail.com,ABA000926,PL0000926,B,2032-07-15,2023-07-16
927,Magdalena,Wozniak,70000000927,700000927,magdalena.wozniak.927@mail.com,ABA000927,PL0000927,B+E,2032-07-16,2023-07-17
928,Marek,Nowak,70000000928,700000928,marek.nowak.928@mail.com,ABA000928,PL0000928,C,2032-07-17,2023-07-18
929,Joanna,Wojcik,70000000929,700000929,joanna.wojcik.929@mail.com,ABA000929,PL0000929,A,2032-07-18,2023-07-19
930,Michal,Lewandowski,70000000930,700000930,michal.lewandowski.930@mail.com,ABA000930,PL0000930,D,2032-07-19,2023-07-20
931,Monika,Wozniak,70000000931,700000931,monika.wozniak.931@mail.com,ABA000931,PL0000931,B,2032-07-20,2023-07-21
932,Andrzej,Nowak,70000000932,700000932,andrzej.nowak.932@mail.com,ABA000932,PL0000932,B+E,2032-07-21,2023-07-22
933,Karolina,Wojcik,70000000933,700000933,karolina.wojcik.933@mail.com,ABA000933,PL0000933,C,2032-07-22,2023-07-23
934,Mateusz,Lewandowski,70000000934,700000934,mateusz.lewandowski.934@mail.com,ABA000934,PL0000934,A,2032-07-23,2023-07-24
935,Marta,Wozniak,70000000935,700000935,marta.wozniak.935@mail.com,ABA000935,PL0000935,D,2032-07-24,2023-07-25
936,Dawid,Nowak,70000000936,700000936,dawid.nowak.936@mail.com,ABA000936,PL0000936,B,2032-07-25,2023-07-26
937,Anna,Wojcik,70000000937,700000937,anna.wojcik.937@mail.com,ABA000937,PL0000937,B+E,2032-07-26,2023-07-27
938,Piotr,Lewandowski,70000000938,700000938,piotr.lewandowski.938@mail.com,ABA000938,PL0000938,C,2032-07-27,2023-07-28
939,Magdalena,Wozniak,70000000939,700000939,magdalena.wozniak.939@mail.com,ABA000939,PL0000939,A,2032-07-28,2023-07-29
940,Marek,Nowak,70000000940,700000940,marek.nowak.940@mail.com,ABA000940,PL0000940,D,2032-07-29,2023-07-30
941,Joanna,Wojcik,70000000941,700000941,joanna.wojcik.941@mail.com,ABA000941,PL0000941,B,2032-07-30,2023-07-31
942,Michal,Lewandowski,70000000942,700000942,michal.lewandowski.942@mail.com,ABA000942,PL0000942,B+E,2032-07-31,2023-08-01
943,Monika,Wozniak,70000000943,700000943,monika.wozniak.943@mail.com,ABA000943,PL0000943,C,2032-08-01,2023-08-02
944,Andrzej,Nowak,70000000944,700000944,andrzej.nowak.944@mail.com,ABA000944,PL0000944,A,2032-08-02,2023-08-03
945,Karolina,Wojcik,70000000945,700000945,karolina.wojcik.945@mail.com,ABA000945,PL0000945,D,2032-08-03,2023-08-04
946,Mateusz,Lewandowski,70000000946,700000946,mateusz.lewandowski.946@mail.com,ABA000946,PL0000946,B,2032-08-04,2023-08-05
947,Marta,Wozniak,70000000947,700000947,marta.wozniak.947@mail.com,ABA000947,PL0000947,B+E,2032-08-05,2023-08-06
948,Dawid,Nowak,70000000948,700000948,dawid.nowak.948@mail.com,ABA000948,PL0000948,C,2032-08-06,2023-08-07
949,Anna,Wojcik,70000000949,700000949,anna.wojcik.949@mail.com,ABA000949,PL0000949,A,2032-08-07,2023-08-08
950,Piotr,Lewandowski,70000000950,700000950,piotr.lewandowski.950@mail.com,ABA000950,PL0000950,D,2032-08-08,2023-08-09
951,Magdalena,Wozniak,70000000951,700000951,magdalena.wozniak.951@mail.com,ABA000951,PL0000951,B,2032-08-09,2023-08-10
952,Marek,Nowak,70000000952,700000952,marek.nowak.952@mail.com,ABA000952,PL0000952,B+E,2032-08-10,2023-08-11
953,Joanna,Wojcik,70000000953,700000953,joanna.wojcik.953@mail.com,ABA000953,PL0000953,C,2032-08-11,2023-08-12
954,Michal,Lewandowski,70000000954,700000954,michal.lewandowski.954@mail.com,ABA000954,PL0000954,A,2032-08-12,2023-08-13
955,Monika,Wozniak,70000000955,700000955,monika.wozniak.955@mail.com,ABA000955,PL0000955,D,2032-08-13,2023-08-14
956,Andrzej,Nowak,70000000956,700000956,andrzej.nowak.956@mail.com,ABA000956,PL0000956,B,2032-08-14,2023-08-15
957,Karolina,Wojcik,70000000957,700000957,karolina.wojcik.957@mail.com,ABA000957,PL0000957,B+E,2032-08-15,2023-08-16
958,Mateusz,Lewandowski,70000000958,700000958,mateusz.lewandowski.958@mail.com,ABA000958,PL0000958,C,2032-08-16,2023-08-17
959,Marta,Wozniak,70000000959,700000959,marta.wozniak.959@mail.com,ABA000959,PL0000959,A,2032-08-17,2023-08-18
960,Dawid,Nowak,70000000960,700000960,dawid.nowak.960@mail.com,ABA000960,PL0000960,D,2032-08-18,2023-08-19
961,Anna,Wojcik,70000000961,700000961,anna.wojcik.961@mail.com,ABA000961,PL0000961,B,2032-08-19,2023-08-20
962,Piotr,Lewandowski,70000000962,700000962,piotr.lewandowski.962@mail.com,ABA000962,PL0000962,B+E,2032-08-20,2023-08-21
963,Magdalena,Wozniak,70000000963,700000963,magdalena.wozniak.963@mail.com,ABA000963,PL0000963,C,2032-08-21,2023-08-22
964,Marek,Nowak,70000000964,700000964,marek.nowak.964@mail.com,ABA000964,PL0000964,A,2032-08-22,2023-08-23
965,Joanna,Wojcik,70000000965,700000965,joanna.wojcik.965@mail.com,ABA000965,PL0000965,D,2032-08-23,2023-08-24
966,Michal,Lewandowski,70000000966,700000966,michal.lewandowski.966@mail.com,ABA000966,PL0000966,B,2032-08-24,2023-08-25
967,Monika,Wozniak,70000000967,700000967,monika.wozniak.967@mail.com,ABA000967,PL0000967,B+E,2032-08-25,2023-08-26
968,Andrzej,Nowak,70000000968,700000968,andrzej.nowak.968@mail.com,ABA000968,PL0000968,C,2032-08-26,2023-08-27
969,Karolina,Wojcik,70000000969,700000969,karolina.wojcik.969@mail.com,ABA000969,PL0000969,A,2032-08-27,2023-08-28
970,Mateusz,Lewandowski,70000000970,700000970,mateusz.lewandowski.970@mail.com,ABA000970,PL0000970,D,2032-08-28,2023-08-29
971,Marta,Wozniak,70000000971,700000971,marta.wozniak.971@mail.com,ABA000971,PL0000971,B,2032-08-29,2023-08-30
972,Dawid,Nowak,70000000972,700000972,dawid.nowak.972@mail.com,ABA000972,PL0000972,B+E,2032-08-30,2023-08-31
973,Anna,Wojcik,70000000973,700000973,anna.wojcik.973@mail.com,ABA000973,PL0000973,C,2032-08-31,2023-09-01
974,Piotr,Lewandowski,70000000974,700000974,piotr.lewandowski.974@mail.com,ABA000974,PL0000974,A,2032-09-01,2023-09-02
975,Magdalena,Wozniak,70000000975,700000975,magdalena.wozniak.975@mail.com,ABA000975,PL0000975,D,2032-09-02,2023-09-03
976,Marek,Nowak,70000000976,700000976,marek.nowak.976@mail.com,ABA000976,PL0000976,B,2032-09-03,2023-09-04
977,Joanna,Wojcik,70000000977,700000977,joanna.wojcik.977@mail.com,ABA000977,PL0000977,B+E,2032-09-04,2023-09-05
978,Michal,Lewandowski,70000000978,700000978,michal.lewandowski.978@mail.com,ABA000978,PL0000978,C,2032-09-05,2023-09-06
979,Monika,Wozniak,70000000979,700000979,monika.wozniak.979@mail.com,ABA000979,PL0000979,A,2032-09-06,2023-09-07
980,Andrzej,Nowak,70000000980,700000980,andrzej.nowak.980@mail.com,ABA000980,PL0000980,D,2032-09-07,2023-09-08
981,Karolina,Wojcik,70000000981,700000981,karolina.wojcik.981@mail.com,ABA000981,PL0000981,B,2032-09-08,2023-09-09
982,Mateusz,Lewandowski,70000000982,700000982,mateusz.lewandowski.982@mail.com,ABA000982,PL0000982,B+E,2032-09-09,2023-09-10
983,Marta,Wozniak,70000000983,700000983,marta.wozniak.983@mail.com,ABA000983,PL0000983,C,2032-09-10,2023-09-11
984,Dawid,Nowak,70000000984,700000984,dawid.nowak.984@mail.com,ABA000984,PL0000984,A,2032-09-11,2023-09-12
985,Anna,Wojcik,70000000985,700000985,anna.wojcik.985@mail.com,ABA000985,PL0000985,D,2032-09-12,2023-09-13
986,Piotr,Lewandowski,70000000986,700000986,piotr.lewandowski.986@mail.com,ABA000986,PL0000986,B,2032-09-13,2023-09-14
987,Magdalena,Wozniak,70000000987,700000987,magdalena.wozniak.987@mail.com,ABA000987,PL0000987,B+E,2032-09-14,2023-09-15
988,Marek,Nowak,70000000988,700000988,marek.nowak.988@mail.com,ABA000988,PL0000988,C,2032-09-15,2023-09-16
989,Joanna,Wojcik,70000000989,700000989,joanna.wojcik.989@mail.com,ABA000989,PL0000989,A,2032-09-16,2023-09-17
990,Michal,Lewandowski,70000000990,700000990,michal.lewandowski.990@mail.com,ABA000990,PL0000990,D,2032-09-17,2023-09-18
991,Monika,Wozniak,70000000991,700000991,monika.wozniak.991@mail.com,ABA000991,PL0000991,B,2032-09-18,2023-09-19
992,Andrzej,Nowak,70000000992,700000992,andrzej.nowak.992@mail.com,ABA000992,PL0000992,B+E,2032-09-19,2023-09-20
993,Karolina,Wojcik,70000000993,700000993,karolina.wojcik.993@mail.com,ABA000993,PL0000993,C,2032-09-20,2023-09-21
994,Mateusz,Lewandowski,70000000994,700000994,mateusz.lewandowski.994@mail.com,ABA000994,PL0000994,A,2032-09-21,2023-09-22
995,Marta,Wozniak,70000000995,700000995,marta.wozniak.995@mail.com,ABA000995,PL0000995,D,2032-09-22,2023-09-23
996,Dawid,Nowak,70000000996,700000996,dawid.nowak.996@mail.com,ABA000996,PL0000996,B,2032-09-23,2023-09-24
997,Anna,Wojcik,70000000997,700000997,anna.wojcik.997@mail.com,ABA000997,PL0000997,B+E,2032-09-24,2023-09-25
998,Piotr,Lewandowski,70000000998,700000998,piotr.lewandowski.998@mail.com,ABA000998,PL0000998,C,2032-09-25,2023-09-26
999,Magdalena,Wozniak,70000000999,700000999,magdalena.wozniak.999@mail.com,ABA000999,PL0000999,A,2032-09-26,2023-09-27
1000,Marek,Nowak,70000001000,700001000,marek.nowak.1000@mail.com,ABA001000,PL0001000,D,2032-09-27,2023-09-28
1001,Joanna,Wojcik,70000001001,700001001,joanna.wojcik.1001@mail.com,ABA001001,PL0001001,B,2032-09-28,2023-09-29
1002,Michal,Lewandowski,70000001002,700001002,michal.lewandowski.1002@mail.com,ABA001002,PL0001002,B+E,2032-09-29,2023-09-30
1003,Monika,Wozniak,70000001003,700001003,monika.wozniak.1003@mail.com,ABA001003,PL0001003,C,2032-09-30,2023-10-01
1004,Andrzej,Nowak,70000001004,700001004,andrzej.nowak.1004@mail.com,ABA001004,PL0001004,A,2032-10-01,2023-10-02
1005,Karolina,Wojcik,70000001005,700001005,karolina.wojcik.1005@mail.com,ABA001005,PL0001005,D,2032-10-02,2023-10-03
1006,Mateusz,Lewandowski,70000001006,700001006,mateusz.lewandowski.1006@mail.com,ABA001006,PL0001006,B,2032-10-03,2023-10-04
1007,Marta,Wozniak,70000001007,700001007,marta.wozniak.1007@mail.com,ABA001007,PL0001007,B+E,2032-10-04,2023-10-05
1008,Dawid,Nowak,70000001008,700001008,dawid.nowak.1008@mail.com,ABA001008,PL0001008,C,2032-10-05,2023-10-06
1009,Anna,Wojcik,70000001009,700001009,anna.wojcik.1009@mail.com,ABA001009,PL0001009,A,2032-10-06,2023-10-07
1010,Piotr,Lewandowski,70000001010,700001010,piotr.lewandowski.1010@mail.com,ABA001010,PL0001010,D,2032-10-07,2023-10-08
1011,Magdalena,Wozniak,70000001011,700001011,magdalena.wozniak.1011@mail.com,ABA001011,PL0001011,B,2032-10-08,2023-10-09
1012,Marek,Nowak,70000001012,700001012,marek.nowak.1012@mail.com,ABA001012,PL0001012,B+E,2032-10-09,2023-10-10
1013,Joanna,Wojcik,70000001013,700001013,joanna.wojcik.1013@mail.com,ABA001013,PL0001013,C,2032-10-10,2023-10-11
1014,Michal,Lewandowski,70000001014,700001014,michal.lewandowski.1014@mail.com,ABA001014,PL0001014,A,2032-10-11,2023-10-12
1015,Monika,Wozniak,70000001015,700001015,monika.wozniak.1015@mail.com,ABA001015,PL0001015,D,2032-10-12,2023-10-13
1016,Andrzej,Nowak,70000001016,700001016,andrzej.nowak.1016@mail.com,ABA001016,PL0001016,B,2032-10-13,2023-10-14
1017,Karolina,Wojcik,70000001017,700001017,karolina.wojcik.1017@mail.com,ABA001017,PL0001017,B+E,2032-10-14,2023-10-15
1018,Mateusz,Lewandowski,70000001018,700001018,mateusz.lewandowski.1018@mail.com,ABA001018,PL0001018,C,2032-10-15,2023-10-16
1019,Marta,Wozniak,70000001019,700001019,marta.wozniak.1019@mail.com,ABA001019,PL0001019,A,2032-10-16,2023-10-17
1020,Dawid,Nowak,70000001020,700001020,dawid.nowak.1020@mail.com,ABA001020,PL0001020,D,2032-10-17,2023-10-18
1021,Anna,Wojcik,70000001021,700001021,anna.wojcik.1021@mail.com,ABA001021,PL0001021,B,2032-10-18,2023-10-19
1022,Piotr,Lewandowski,70000001022,700001022,piotr.lewandowski.1022@mail.com,ABA001022,PL0001022,B+E,2032-10-19,2023-10-20
1023,Magdalena,Wozniak,70000001023,700001023,magdalena.wozniak.1023@mail.com,ABA001023,PL0001023,C,2032-10-20,2023-10-21
1024,Marek,Nowak,70000001024,700001024,marek.nowak.1024@mail.com,ABA001024,PL0001024,A,2032-10-21,2023-10-22
1025,Joanna,Wojcik,70000001025,700001025,joanna.wojcik.1025@mail.com,ABA001025,PL0001025,D,2032-10-22,2023-10-23
1026,Michal,Lewandowski,70000001026,700001026,michal.lewandowski.1026@mail.com,ABA001026,PL0001026,B,2032-10-23,2023-10-24
1027,Monika,Wozniak,70000001027,700001027,monika.wozniak.1027@mail.com,ABA001027,PL0001027,B+E,2032-10-24,2023-10-25
1028,Andrzej,Nowak,70000001028,700001028,andrzej.nowak.1028@mail.com,ABA001028,PL0001028,C,2032-10-25,2023-10-26
1029,Karolina,Wojcik,70000001029,700001029,karolina.wojcik.1029@mail.com,ABA001029,PL0001029,A,2032-10-26,2023-10-27
1030,Mateusz,Lewandowski,70000001030,700001030,mateusz.lewandowski.1030@mail.com,ABA001030,PL0001030,D,2032-10-27,2023-10-28
1031,Marta,Wozniak,70000001031,700001031,marta.wozniak.1031@mail.com,ABA001031,PL0001031,B,2032-10-28,2023-10-29
1032,Dawid,Nowak,70000001032,700001032,dawid.nowak.1032@mail.com,ABA001032,PL0001032,B+E,2032-10-29,2023-10-30
1033,Anna,Wojcik,70000001033,700001033,anna.wojcik.1033@mail.com,ABA001033,PL0001033,C,2032-10-30,2023-10-31
1034,Piotr,Lewandowski,70000001034,700001034,piotr.lewandowski.1034@mail.com,ABA001034,PL0001034,A,2032-10-31,2023-11-01
1035,Magdalena,Wozniak,70000001035,700001035,magdalena.wozniak.1035@mail.com,ABA001035,PL0001035,D,2032-11-01,2023-11-02
1036,Marek,Nowak,70000001036,700001036,marek.nowak.1036@mail.com,ABA001036,PL0001036,B,2032-11-02,2023-11-03
1037,Joanna,Wojcik,70000001037,700001037,joanna.wojcik.1037@mail.com,ABA001037,PL0001037,B+E,2032-11-03,2023-11-04
1038,Michal,Lewandowski,70000001038,700001038,michal.lewandowski.1038@mail.com,ABA001038,PL0001038,C,2032-11-04,2023-11-05
1039,Monika,Wozniak,70000001039,700001039,monika.wozniak.1039@mail.com,ABA001039,PL0001039,A,2032-11-05,2023-11-06
1040,Andrzej,Nowak,70000001040,700001040,andrzej.nowak.1040@mail.com,ABA001040,PL0001040,D,2032-11-06,2023-11-07
1041,Karolina,Wojcik,70000001041,700001041,karolina.wojcik.1041@mail.com,ABA001041,PL0001041,B,2032-11-07,2023-11-08
1042,Mateusz,Lewandowski,70000001042,700001042,mateusz.lewandowski.1042@mail.com,ABA001042,PL0001042,B+E,2032-11-08,2023-11-09
1043,Marta,Wozniak,70000001043,700001043,marta.wozniak.1043@mail.com,ABA001043,PL0001043,C,2032-11-09,2023-11-10
1044,Dawid,Nowak,70000001044,700001044,dawid.nowak.1044@mail.com,ABA001044,PL0001044,A,2032-11-10,2023-11-11
1045,Anna,Wojcik,70000001045,700001045,anna.wojcik.1045@mail.com,ABA001045,PL0001045,D,2032-11-11,2023-11-12
1046,Piotr,Lewandowski,70000001046,700001046,piotr.lewandowski.1046@mail.com,ABA001046,PL0001046,B,2032-11-12,2023-11-13
1047,Magdalena,Wozniak,70000001047,700001047,magdalena.wozniak.1047@mail.com,ABA001047,PL0001047,B+E,2032-11-13,2023-11-14
1048,Marek,Nowak,70000001048,700001048,marek.nowak.1048@mail.com,ABA001048,PL0001048,C,2032-11-14,2023-11-15
1049,Joanna,Wojcik,70000001049,700001049,joanna.wojcik.1049@mail.com,ABA001049,PL0001049,A,2032-11-15,2023-11-16
1050,Michal,Lewandowski,70000001050,700001050,michal.lewandowski.1050@mail.com,ABA001050,PL0001050,D,2032-11-16,2023-11-17
1051,Monika,Wozniak,70000001051,700001051,monika.wozniak.1051@mail.com,ABA001051,PL0001051,B,2032-11-17,2023-11-18
1052,Andrzej,Nowak,70000001052,700001052,andrzej.nowak.1052@mail.com,ABA001052,PL0001052,B+E,2032-11-18,2023-11-19
1053,Karolina,Wojcik,70000001053,700001053,karolina.wojcik.1053@mail.com,ABA001053,PL0001053,C,2032-11-19,2023-11-20
1054,Mateusz,Lewandowski,70000001054,700001054,mateusz.lewandowski.1054@mail.com,ABA001054,PL0001054,A,2032-11-20,2023-11-21
1055,Marta,Wozniak,70000001055,700001055,marta.wozniak.1055@mail.com,ABA001055,PL0001055,D,2032-11-21,2023-11-22
1056,Dawid,Nowak,70000001056,700001056,dawid.nowak.1056@mail.com,ABA001056,PL0001056,B,2032-11-22,2023-11-23
1057,Anna,Wojcik,70000001057,700001057,anna.wojcik.1057@mail.com,ABA001057,PL0001057,B+E,2032-11-23,2023-11-24
1058,Piotr,Lewandowski,70000001058,700001058,piotr.lewandowski.1058@mail.com,ABA001058,PL0001058,C,2032-11-24,2023-11-25
1059,Magdalena,Wozniak,70000001059,700001059,magdalena.wozniak.1059@mail.com,ABA001059,PL0001059,A,2032-11-25,2023-11-26
1060,Marek,Nowak,70000001060,700001060,marek.nowak.1060@mail.com,ABA001060,PL0001060,D,2032-11-26,2023-11-27
1061,Joanna,Wojcik,70000001061,700001061,joanna.wojcik.1061@mail.com,ABA001061,PL0001061,B,2032-11-27,2023-11-28
1062,Michal,Lewandowski,70000001062,700001062,michal.lewandowski.1062@mail.com,ABA001062,PL0001062,B+E,2032-11-28,2023-11-29
1063,Monika,Wozniak,70000001063,700001063,monika.wozniak.1063@mail.com,ABA001063,PL0001063,C,2032-11-29,2023-11-30
1064,Andrzej,Nowak,70000001064,700001064,andrzej.nowak.1064@mail.com,ABA001064,PL0001064,A,2032-11-30,2023-12-01
1065,Karolina,Wojcik,70000001065,700001065,karolina.wojcik.1065@mail.com,ABA001065,PL0001065,D,2032-12-01,2023-12-02
1066,Mateusz,Lewandowski,70000001066,700001066,mateusz.lewandowski.1066@mail.com,ABA001066,PL0001066,B,2032-12-02,2023-12-03
1067,Marta,Wozniak,70000001067,700001067,marta.wozniak.1067@mail.com,ABA001067,PL0001067,B+E,2032-12-03,2023-12-04
1068,Dawid,Nowak,70000001068,700001068,dawid.nowak.1068@mail.com,ABA001068,PL0001068,C,2032-12-04,2023-12-05
1069,Anna,Wojcik,70000001069,700001069,anna.wojcik.1069@mail.com,ABA001069,PL0001069,A,2032-12-05,2023-12-06
1070,Piotr,Lewandowski,70000001070,700001070,piotr.lewandowski.1070@mail.com,ABA001070,PL0001070,D,2032-12-06,2023-12-07
1071,Magdalena,Wozniak,70000001071,700001071,magdalena.wozniak.1071@mail.com,ABA001071,PL0001071,B,2032-12-07,2023-12-08
1072,Marek,Nowak,70000001072,700001072,marek.nowak.1072@mail.com,ABA001072,PL0001072,B+E,2032-12-08,2023-12-09
1073,Joanna,Wojcik,70000001073,700001073,joanna.wojcik.1073@mail.com,ABA001073,PL0001073,C,2032-12-09,2023-12-10
1074,Michal,Lewandowski,70000001074,700001074,michal.lewandowski.1074@mail.com,ABA001074,PL0001074,A,2032-12-10,2023-12-11
1075,Monika,Wozniak,70000001075,700001075,monika.wozniak.1075@mail.com,ABA001075,PL0001075,D,2032-12-11,2023-12-12
1076,Andrzej,Nowak,70000001076,700001076,andrzej.nowak.1076@mail.com,ABA001076,PL0001076,B,2032-12-12,2023-12-13
1077,Karolina,Wojcik,70000001077,700001077,karolina.wojcik.1077@mail.com,ABA001077,PL0001077,B+E,2032-12-13,2023-12-14
1078,Mateusz,Lewandowski,70000001078,700001078,mateusz.lewandowski.1078@mail.com,ABA001078,PL0001078,C,2032-12-14,2023-12-15
1079,Marta,Wozniak,70000001079,700001079,marta.wozniak.1079@mail.com,ABA001079,PL0001079,A,2032-12-15,2023-12-16
1080,Dawid,Nowak,70000001080,700001080,dawid.nowak.1080@mail.com,ABA001080,PL0001080,D,2032-12-16,2023-12-17
1081,Anna,Wojcik,70000001081,700001081,anna.wojcik.1081@mail.com,ABA001081,PL0001081,B,2032-12-17,2023-12-18
1082,Piotr,Lewandowski,70000001082,700001082,piotr.lewandowski.1082@mail.com,ABA001082,PL0001082,B+E,2032-12-18,2023-12-19
1083,Magdalena,Wozniak,70000001083,700001083,magdalena.wozniak.1083@mail.com,ABA001083,PL0001083,C,2032-12-19,2023-12-20
1084,Marek,Nowak,70000001084,700001084,marek.nowak.1084@mail.com,ABA001084,PL0001084,A,2032-12-20,2023-12-21
1085,Joanna,Wojcik,70000001085,700001085,joanna.wojcik.1085@mail.com,ABA001085,PL0001085,D,2032-12-21,2023-12-22
1086,Michal,Lewandowski,70000001086,700001086,michal.lewandowski.1086@mail.com,ABA001086,PL0001086,B,2032-12-22,2023-12-23
1087,Monika,Wozniak,70000001087,700001087,monika.wozniak.1087@mail.com,ABA001087,PL0001087,B+E,2032-12-23,2023-12-24
1088,Andrzej,Nowak,70000001088,700001088,andrzej.nowak.1088@mail.com,ABA001088,PL0001088,C,2032-12-24,2023-12-25
1089,Karolina,Wojcik,70000001089,700001089,karolina.wojcik.1089@mail.com,ABA001089,PL0001089,A,2032-12-25,2023-12-26
1090,Mateusz,Lewandowski,70000001090,700001090,mateusz.lewandowski.1090@mail.com,ABA001090,PL0001090,D,2032-12-26,2023-12-27
1091,Marta,Wozniak,70000001091,700001091,marta.wozniak.1091@mail.com,ABA001091,PL0001091,B,2032-12-27,2023-12-28
1092,Dawid,Nowak,70000001092,700001092,dawid.nowak.1092@mail.com,ABA001092,PL0001092,B+E,2032-12-28,2023-12-29
1093,Anna,Wojcik,70000001093,700001093,anna.wojcik.1093@mail.com,ABA001093,PL0001093,C,2032-12-29,2023-12-30
1094,Piotr,Lewandowski,70000001094,700001094,piotr.lewandowski.1094@mail.com,ABA001094,PL0001094,A,2032-12-30,2023-12-31
1095,Magdalena,Wozniak,70000001095,700001095,magdalena.wozniak.1095@mail.com,ABA001095,PL0001095,D,2032-12-31,2024-01-01
1096,Marek,Nowak,70000001096,700001096,marek.nowak.1096@mail.com,ABA001096,PL0001096,B,2033-01-01,2024-01-02
1097,Joanna,Wojcik,70000001097,700001097,joanna.wojcik.1097@mail.com,ABA001097,PL0001097,B+E,2033-01-02,2024-01-03
1098,Michal,Lewandowski,70000001098,700001098,michal.lewandowski.1098@mail.com,ABA001098,PL0001098,C,2033-01-03,2024-01-04
1099,Monika,Wozniak,70000001099,700001099,monika.wozniak.1099@mail.com,ABA001099,PL0001099,A,2033-01-04,2024-01-05
1100,Andrzej,Nowak,70000001100,700001100,andrzej.nowak.1100@mail.com,ABA001100,PL0001100,D,2033-01-05,2024-01-06
1101,Karolina,Wojcik,70000001101,700001101,karolina.wojcik.1101@mail.com,ABA001101,PL0001101,B,2033-01-06,2024-01-07
1102,Mateusz,Lewandowski,70000001102,700001102,mateusz.lewandowski.1102@mail.com,ABA001102,PL0001102,B+E,2033-01-07,2024-01-08
1103,Marta,Wozniak,70000001103,700001103,marta.wozniak.1103@mail.com,ABA001103,PL0001103,C,2033-01-08,2024-01-09
1104,Dawid,Nowak,70000001104,700001104,dawid.nowak.1104@mail.com,ABA001104,PL0001104,A,2033-01-09,2024-01-10
1105,Anna,Wojcik,70000001105,700001105,anna.wojcik.1105@mail.com,ABA001105,PL0001105,D,2033-01-10,2024-01-11
1106,Piotr,Lewandowski,70000001106,700001106,piotr.lewandowski.1106@mail.com,ABA001106,PL0001106,B,2033-01-11,2024-01-12
1107,Magdalena,Wozniak,70000001107,700001107,magdalena.wozniak.1107@mail.com,ABA001107,PL0001107,B+E,2033-01-12,2024-01-13
1108,Marek,Nowak,70000001108,700001108,marek.nowak.1108@mail.com,ABA001108,PL0001108,C,2033-01-13,2024-01-14
1109,Joanna,Wojcik,70000001109,700001109,joanna.wojcik.1109@mail.com,ABA001109,PL0001109,A,2033-01-14,2024-01-15
1110,Michal,Lewandowski,70000001110,700001110,michal.lewandowski.1110@mail.com,ABA001110,PL0001110,D,2033-01-15,2024-01-16
1111,Monika,Wozniak,70000001111,700001111,monika.wozniak.1111@mail.com,ABA001111,PL0001111,B,2033-01-16,2024-01-17
1112,Andrzej,Nowak,70000001112,700001112,andrzej.nowak.1112@mail.com,ABA001112,PL0001112,B+E,2033-01-17,2024-01-18
1113,Karolina,Wojcik,70000001113,700001113,karolina.wojcik.1113@mail.com,ABA001113,PL0001113,C,2033-01-18,2024-01-19
1114,Mateusz,Lewandowski,70000001114,700001114,mateusz.lewandowski.1114@mail.com,ABA001114,PL0001114,A,2033-01-19,2024-01-20
1115,Marta,Wozniak,70000001115,700001115,marta.wozniak.1115@mail.com,ABA001115,PL0001115,D,2033-01-20,2024-01-21
1116,Dawid,Nowak,70000001116,700001116,dawid.nowak.1116@mail.com,ABA001116,PL0001116,B,2033-01-21,2024-01-22
1117,Anna,Wojcik,70000001117,700001117,anna.wojcik.1117@mail.com,ABA001117,PL0001117,B+E,2033-01-22,2024-01-23
1118,Piotr,Lewandowski,70000001118,700001118,piotr.lewandowski.1118@mail.com,ABA001118,PL0001118,C,2033-01-23,2024-01-24
1119,Magdalena,Wozniak,70000001119,700001119,magdalena.wozniak.1119@mail.com,ABA001119,PL0001119,A,2033-01-24,2024-01-25
1120,Marek,Nowak,70000001120,700001120,marek.nowak.1120@mail.com,ABA001120,PL0001120,D,2033-01-25,2024-01-26
1121,Joanna,Wojcik,70000001121,700001121,joanna.wojcik.1121@mail.com,ABA001121,PL0001121,B,2033-01-26,2024-01-27
1122,Michal,Lewandowski,70000001122,700001122,michal.lewandowski.1122@mail.com,ABA001122,PL0001122,B+E,2033-01-27,2024-01-28
1123,Monika,Wozniak,70000001123,700001123,monika.wozniak.1123@mail.com,ABA001123,PL0001123,C,2033-01-28,2024-01-29
1124,Andrzej,Nowak,70000001124,700001124,andrzej.nowak.1124@mail.com,ABA001124,PL0001124,A,2033-01-29,2024-01-30
1125,Karolina,Wojcik,70000001125,700001125,karolina.wojcik.1125@mail.com,ABA001125,PL0001125,D,2033-01-30,2024-01-31
1126,Mateusz,Lewandowski,70000001126,700001126,mateusz.lewandowski.1126@mail.com,ABA001126,PL0001126,B,2033-01-31,2024-02-01
1127,Marta,Wozniak,70000001127,700001127,marta.wozniak.1127@mail.com,ABA001127,PL0001127,B+E,2033-02-01,2024-02-02
1128,Dawid,Nowak,70000001128,700001128,dawid.nowak.1128@mail.com,ABA001128,PL0001128,C,2033-02-02,2024-02-03
1129,Anna,Wojcik,70000001129,700001129,anna.wojcik.1129@mail.com,ABA001129,PL0001129,A,2033-02-03,2024-02-04
1130,Piotr,Lewandowski,70000001130,700001130,piotr.lewandowski.1130@mail.com,ABA001130,PL0001130,D,2033-02-04,2024-02-05
1131,Magdalena,Wozniak,70000001131,700001131,magdalena.wozniak.1131@mail.com,ABA001131,PL0001131,B,2033-02-05,2024-02-06
1132,Marek,Nowak,70000001132,700001132,marek.nowak.1132@mail.com,ABA001132,PL0001132,B+E,2033-02-06,2024-02-07
1133,Joanna,Wojcik,70000001133,700001133,joanna.wojcik.1133@mail.com,ABA001133,PL0001133,C,2033-02-07,2024-02-08
1134,Michal,Lewandowski,70000001134,700001134,michal.lewandowski.1134@mail.com,ABA001134,PL0001134,A,2033-02-08,2024-02-09
1135,Monika,Wozniak,70000001135,700001135,monika.wozniak.1135@mail.com,ABA001135,PL0001135,D,2033-02-09,2024-02-10
1136,Andrzej,Nowak,70000001136,700001136,andrzej.nowak.1136@mail.com,ABA001136,PL0001136,B,2033-02-10,2024-02-11
1137,Karolina,Wojcik,70000001137,700001137,karolina.wojcik.1137@mail.com,ABA001137,PL0001137,B+E,2033-02-11,2024-02-12
1138,Mateusz,Lewandowski,70000001138,700001138,mateusz.lewandowski.1138@mail.com,ABA001138,PL0001138,C,2033-02-12,2024-02-13
1139,Marta,Wozniak,70000001139,700001139,marta.wozniak.1139@mail.com,ABA001139,PL0001139,A,2033-02-13,2024-02-14
1140,Dawid,Nowak,70000001140,700001140,dawid.nowak.1140@mail.com,ABA001140,PL0001140,D,2033-02-14,2024-02-15
1141,Anna,Wojcik,70000001141,700001141,anna.wojcik.1141@mail.com,ABA001141,PL0001141,B,2033-02-15,2024-02-16
1142,Piotr,Lewandowski,70000001142,700001142,piotr.lewandowski.1142@mail.com,ABA001142,PL0001142,B+E,2033-02-16,2024-02-17
1143,Magdalena,Wozniak,70000001143,700001143,magdalena.wozniak.1143@mail.com,ABA001143,PL0001143,C,2033-02-17,2024-02-18
1144,Marek,Nowak,70000001144,700001144,marek.nowak.1144@mail.com,ABA001144,PL0001144,A,2033-02-18,2024-02-19
1145,Joanna,Wojcik,70000001145,700001145,joanna.wojcik.1145@mail.com,ABA001145,PL0001145,D,2033-02-19,2024-02-20
1146,Michal,Lewandowski,70000001146,700001146,michal.lewandowski.1146@mail.com,ABA001146,PL0001146,B,2033-02-20,2024-02-21
1147,Monika,Wozniak,70000001147,700001147,monika.wozniak.1147@mail.com,ABA001147,PL0001147,B+E,2033-02-21,2024-02-22
1148,Andrzej,Nowak,70000001148,700001148,andrzej.nowak.1148@mail.com,ABA001148,PL0001148,C,2033-02-22,2024-02-23
1149,Karolina,Wojcik,70000001149,700001149,karolina.wojcik.1149@mail.com,ABA001149,PL0001149,A,2033-02-23,2024-02-24
1150,Mateusz,Lewandowski,70000001150,700001150,mateusz.lewandowski.1150@mail.com,ABA001150,PL0001150,D,2033-02-24,2024-02-25
1151,Marta,Wozniak,70000001151,700001151,marta.wozniak.1151@mail.com,ABA001151,PL0001151,B,2033-02-25,2024-02-26
1152,Dawid,Nowak,70000001152,700001152,dawid.nowak.1152@mail.com,ABA001152,PL0001152,B+E,2033-02-26,2024-02-27
1153,Anna,Wojcik,70000001153,700001153,anna.wojcik.1153@mail.com,ABA001153,PL0001153,C,2033-02-27,2024-02-28
1154,Piotr,Lewandowski,70000001154,700001154,piotr.lewandowski.1154@mail.com,ABA001154,PL0001154,A,2033-02-28,2024-02-29
1155,Magdalena,Wozniak,70000001155,700001155,magdalena.wozniak.1155@mail.com,ABA001155,PL0001155,D,2033-03-01,2024-03-01
1156,Marek,Nowak,70000001156,700001156,marek.nowak.1156@mail.com,ABA001156,PL0001156,B,2033-03-02,2024-03-02
1157,Joanna,Wojcik,70000001157,700001157,joanna.wojcik.1157@mail.com,ABA001157,PL0001157,B+E,2033-03-03,2024-03-03
1158,Michal,Lewandowski,70000001158,700001158,michal.lewandowski.1158@mail.com,ABA001158,PL0001158,C,2033-03-04,2024-03-04
1159,Monika,Wozniak,70000001159,700001159,monika.wozniak.1159@mail.com,ABA001159,PL0001159,A,2033-03-05,2024-03-05
1160,Andrzej,Nowak,70000001160,700001160,andrzej.nowak.1160@mail.com,ABA001160,PL0001160,D,2033-03-06,2024-03-06
1161,Karolina,Wojcik,70000001161,700001161,karolina.wojcik.1161@mail.com,ABA001161,PL0001161,B,2033-03-07,2024-03-07
1162,Mateusz,Lewandowski,70000001162,700001162,mateusz.lewandowski.1162@mail.com,ABA001162,PL0001162,B+E,2033-03-08,2024-03-08
1163,Marta,Wozniak,70000001163,700001163,marta.wozniak.1163@mail.com,ABA001163,PL0001163,C,2033-03-09,2024-03-09
1164,Dawid,Nowak,70000001164,700001164,dawid.nowak.1164@mail.com,ABA001164,PL0001164,A,2033-03-10,2024-03-10
1165,Anna,Wojcik,70000001165,700001165,anna.wojcik.1165@mail.com,ABA001165,PL0001165,D,2033-03-11,2024-03-11
1166,Piotr,Lewandowski,70000001166,700001166,piotr.lewandowski.1166@mail.com,ABA001166,PL0001166,B,2033-03-12,2024-03-12
1167,Magdalena,Wozniak,70000001167,700001167,magdalena.wozniak.1167@mail.com,ABA001167,PL0001167,B+E,2033-03-13,2024-03-13
1168,Marek,Nowak,70000001168,700001168,marek.nowak.1168@mail.com,ABA001168,PL0001168,C,2033-03-14,2024-03-14
1169,Joanna,Wojcik,70000001169,700001169,joanna.wojcik.1169@mail.com,ABA001169,PL0001169,A,2033-03-15,2024-03-15
1170,Michal,Lewandowski,70000001170,700001170,michal.lewandowski.1170@mail.com,ABA001170,PL0001170,D,2033-03-16,2024-03-16
1171,Monika,Wozniak,70000001171,700001171,monika.wozniak.1171@mail.com,ABA001171,PL0001171,B,2033-03-17,2024-03-17
1172,Andrzej,Nowak,70000001172,700001172,andrzej.nowak.1172@mail.com,ABA001172,PL0001172,B+E,2033-03-18,2024-03-18
1173,Karolina,Wojcik,70000001173,700001173,karolina.wojcik.1173@mail.com,ABA001173,PL0001173,C,2033-03-19,2024-03-19
1174,Mateusz,Lewandowski,70000001174,700001174,mateusz.lewandowski.1174@mail.com,ABA001174,PL0001174,A,2033-03-20,2024-03-20
1175,Marta,Wozniak,70000001175,700001175,marta.wozniak.1175@mail.com,ABA001175,PL0001175,D,2033-03-21,2024-03-21
1176,Dawid,Nowak,70000001176,700001176,dawid.nowak.1176@mail.com,ABA001176,PL0001176,B,2033-03-22,2024-03-22
1177,Anna,Wojcik,70000001177,700001177,anna.wojcik.1177@mail.com,ABA001177,PL0001177,B+E,2033-03-23,2024-03-23
1178,Piotr,Lewandowski,70000001178,700001178,piotr.lewandowski.1178@mail.com,ABA001178,PL0001178,C,2033-03-24,2024-03-24
1179,Magdalena,Wozniak,70000001179,700001179,magdalena.wozniak.1179@mail.com,ABA001179,PL0001179,A,2033-03-25,2024-03-25
1180,Marek,Nowak,70000001180,700001180,marek.nowak.1180@mail.com,ABA001180,PL0001180,D,2033-03-26,2024-03-26
1181,Joanna,Wojcik,70000001181,700001181,joanna.wojcik.1181@mail.com,ABA001181,PL0001181,B,2033-03-27,2024-03-27
1182,Michal,Lewandowski,70000001182,700001182,michal.lewandowski.1182@mail.com,ABA001182,PL0001182,B+E,2033-03-28,2024-03-28
1183,Monika,Wozniak,70000001183,700001183,monika.wozniak.1183@mail.com,ABA001183,PL0001183,C,2033-03-29,2024-03-29
1184,Andrzej,Nowak,70000001184,700001184,andrzej.nowak.1184@mail.com,ABA001184,PL0001184,A,2033-03-30,2024-03-30
1185,Karolina,Wojcik,70000001185,700001185,karolina.wojcik.1185@mail.com,ABA001185,PL0001185,D,2033-03-31,2024-03-31
1186,Mateusz,Lewandowski,70000001186,700001186,mateusz.lewandowski.1186@mail.com,ABA001186,PL0001186,B,2033-04-01,2024-04-01
1187,Marta,Wozniak,70000001187,700001187,marta.wozniak.1187@mail.com,ABA001187,PL0001187,B+E,2033-04-02,2024-04-02
1188,Dawid,Nowak,70000001188,700001188,dawid.nowak.1188@mail.com,ABA001188,PL0001188,C,2033-04-03,2024-04-03
1189,Anna,Wojcik,70000001189,700001189,anna.wojcik.1189@mail.com,ABA001189,PL0001189,A,2033-04-04,2024-04-04
1190,Piotr,Lewandowski,70000001190,700001190,piotr.lewandowski.1190@mail.com,ABA001190,PL0001190,D,2033-04-05,2024-04-05
1191,Magdalena,Wozniak,70000001191,700001191,magdalena.wozniak.1191@mail.com,ABA001191,PL0001191,B,2033-04-06,2024-04-06
1192,Marek,Nowak,70000001192,700001192,marek.nowak.1192@mail.com,ABA001192,PL0001192,B+E,2033-04-07,2024-04-07
1193,Joanna,Wojcik,70000001193,700001193,joanna.wojcik.1193@mail.com,ABA001193,PL0001193,C,2033-04-08,2024-04-08
1194,Michal,Lewandowski,70000001194,700001194,michal.lewandowski.1194@mail.com,ABA001194,PL0001194,A,2033-04-09,2024-04-09
1195,Monika,Wozniak,70000001195,700001195,monika.wozniak.1195@mail.com,ABA001195,PL0001195,D,2033-04-10,2024-04-10
1196,Andrzej,Nowak,70000001196,700001196,andrzej.nowak.1196@mail.com,ABA001196,PL0001196,B,2033-04-11,2024-04-11
1197,Karolina,Wojcik,70000001197,700001197,karolina.wojcik.1197@mail.com,ABA001197,PL0001197,B+E,2033-04-12,2024-04-12
1198,Mateusz,Lewandowski,70000001198,700001198,mateusz.lewandowski.1198@mail.com,ABA001198,PL0001198,C,2033-04-13,2024-04-13
1199,Marta,Wozniak,70000001199,700001199,marta.wozniak.1199@mail.com,ABA001199,PL0001199,A,2033-04-14,2024-04-14
1200,Dawid,Nowak,70000001200,700001200,dawid.nowak.1200@mail.com,ABA001200,PL0001200,D,2033-04-15,2024-04-15
1201,Anna,Wojcik,70000001201,700001201,anna.wojcik.1201@mail.com,ABA001201,PL0001201,B,2033-04-16,2024-04-16
1202,Piotr,Lewandowski,70000001202,700001202,piotr.lewandowski.1202@mail.com,ABA001202,PL0001202,B+E,2033-04-17,2024-04-17
1203,Magdalena,Wozniak,70000001203,700001203,magdalena.wozniak.1203@mail.com,ABA001203,PL0001203,C,2033-04-18,2024-04-18
1204,Marek,Nowak,70000001204,700001204,marek.nowak.1204@mail.com,ABA001204,PL0001204,A,2033-04-19,2024-04-19
1205,Joanna,Wojcik,70000001205,700001205,joanna.wojcik.1205@mail.com,ABA001205,PL0001205,D,2033-04-20,2024-04-20
1206,Michal,Lewandowski,70000001206,700001206,michal.lewandowski.1206@mail.com,ABA001206,PL0001206,B,2033-04-21,2024-04-21
1207,Monika,Wozniak,70000001207,700001207,monika.wozniak.1207@mail.com,ABA001207,PL0001207,B+E,2033-04-22,2024-04-22
1208,Andrzej,Nowak,70000001208,700001208,andrzej.nowak.1208@mail.com,ABA001208,PL0001208,C,2033-04-23,2024-04-23
1209,Karolina,Wojcik,70000001209,700001209,karolina.wojcik.1209@mail.com,ABA001209,PL0001209,A,2033-04-24,2024-04-24
1210,Mateusz,Lewandowski,70000001210,700001210,mateusz.lewandowski.1210@mail.com,ABA001210,PL0001210,D,2033-04-25,2024-04-25
1211,Marta,Wozniak,70000001211,700001211,marta.wozniak.1211@mail.com,ABA001211,PL0001211,B,2033-04-26,2024-04-26
1212,Dawid,Nowak,70000001212,700001212,dawid.nowak.1212@mail.com,ABA001212,PL0001212,B+E,2033-04-27,2024-04-27
1213,Anna,Wojcik,70000001213,700001213,anna.wojcik.1213@mail.com,ABA001213,PL0001213,C,2033-04-28,2024-04-28
1214,Piotr,Lewandowski,70000001214,700001214,piotr.lewandowski.1214@mail.com,ABA001214,PL0001214,A,2033-04-29,2024-04-29
1215,Magdalena,Wozniak,70000001215,700001215,magdalena.wozniak.1215@mail.com,ABA001215,PL0001215,D,2033-04-30,2024-04-30
1216,Marek,Nowak,70000001216,700001216,marek.nowak.1216@mail.com,ABA001216,PL0001216,B,2033-05-01,2024-05-01
1217,Joanna,Wojcik,70000001217,700001217,joanna.wojcik.1217@mail.com,ABA001217,PL0001217,B+E,2033-05-02,2024-05-02
1218,Michal,Lewandowski,70000001218,700001218,michal.lewandowski.1218@mail.com,ABA001218,PL0001218,C,2033-05-03,2024-05-03
1219,Monika,Wozniak,70000001219,700001219,monika.wozniak.1219@mail.com,ABA001219,PL0001219,A,2033-05-04,2024-05-04
1220,Andrzej,Nowak,70000001220,700001220,andrzej.nowak.1220@mail.com,ABA001220,PL0001220,D,2033-05-05,2024-05-05
1221,Karolina,Wojcik,70000001221,700001221,karolina.wojcik.1221@mail.com,ABA001221,PL0001221,B,2033-05-06,2024-05-06
1222,Mateusz,Lewandowski,70000001222,700001222,mateusz.lewandowski.1222@mail.com,ABA001222,PL0001222,B+E,2033-05-07,2024-05-07
1223,Marta,Wozniak,70000001223,700001223,marta.wozniak.1223@mail.com,ABA001223,PL0001223,C,2033-05-08,2024-05-08
1224,Dawid,Nowak,70000001224,700001224,dawid.nowak.1224@mail.com,ABA001224,PL0001224,A,2033-05-09,2024-05-09
1225,Anna,Wojcik,70000001225,700001225,anna.wojcik.1225@mail.com,ABA001225,PL0001225,D,2033-05-10,2024-05-10
1226,Piotr,Lewandowski,70000001226,700001226,piotr.lewandowski.1226@mail.com,ABA001226,PL0001226,B,2033-05-11,2024-05-11
1227,Magdalena,Wozniak,70000001227,700001227,magdalena.wozniak.1227@mail.com,ABA001227,PL0001227,B+E,2033-05-12,2024-05-12
1228,Marek,Nowak,70000001228,700001228,marek.nowak.1228@mail.com,ABA001228,PL0001228,C,2033-05-13,2024-05-13
1229,Joanna,Wojcik,70000001229,700001229,joanna.wojcik.1229@mail.com,ABA001229,PL0001229,A,2033-05-14,2024-05-14
1230,Michal,Lewandowski,70000001230,700001230,michal.lewandowski.1230@mail.com,ABA001230,PL0001230,D,2033-05-15,2024-05-15
1231,Monika,Wozniak,70000001231,700001231,monika.wozniak.1231@mail.com,ABA001231,PL0001231,B,2033-05-16,2024-05-16
1232,Andrzej,Nowak,70000001232,700001232,andrzej.nowak.1232@mail.com,ABA001232,PL0001232,B+E,2033-05-17,2024-05-17
1233,Karolina,Wojcik,70000001233,700001233,karolina.wojcik.1233@mail.com,ABA001233,PL0001233,C,2033-05-18,2024-05-18
1234,Mateusz,Lewandowski,70000001234,700001234,mateusz.lewandowski.1234@mail.com,ABA001234,PL0001234,A,2033-05-19,2024-05-19
1235,Marta,Wozniak,70000001235,700001235,marta.wozniak.1235@mail.com,ABA001235,PL0001235,D,2033-05-20,2024-05-20
1236,Dawid,Nowak,70000001236,700001236,dawid.nowak.1236@mail.com,ABA001236,PL0001236,B,2033-05-21,2024-05-21
1237,Anna,Wojcik,70000001237,700001237,anna.wojcik.1237@mail.com,ABA001237,PL0001237,B+E,2033-05-22,2024-05-22
1238,Piotr,Lewandowski,70000001238,700001238,piotr.lewandowski.1238@mail.com,ABA001238,PL0001238,C,2033-05-23,2024-05-23
1239,Magdalena,Wozniak,70000001239,700001239,magdalena.wozniak.1239@mail.com,ABA001239,PL0001239,A,2033-05-24,2024-05-24
1240,Marek,Nowak,70000001240,700001240,marek.nowak.1240@mail.com,ABA001240,PL0001240,D,2033-05-25,2024-05-25
1241,Joanna,Wojcik,70000001241,700001241,joanna.wojcik.1241@mail.com,ABA001241,PL0001241,B,2033-05-26,2024-05-26
1242,Michal,Lewandowski,70000001242,700001242,michal.lewandowski.1242@mail.com,ABA001242,PL0001242,B+E,2033-05-27,2024-05-27
1243,Monika,Wozniak,70000001243,700001243,monika.wozniak.1243@mail.com,ABA001243,PL0001243,C,2033-05-28,2024-05-28
1244,Andrzej,Nowak,70000001244,700001244,andrzej.nowak.1244@mail.com,ABA001244,PL0001244,A,2033-05-29,2024-05-29
1245,Karolina,Wojcik,70000001245,700001245,karolina.wojcik.1245@mail.com,ABA001245,PL0001245,D,2033-05-30,2024-05-30
1246,Mateusz,Lewandowski,70000001246,700001246,mateusz.lewandowski.1246@mail.com,ABA001246,PL0001246,B,2033-05-31,2024-05-31
1247,Marta,Wozniak,70000001247,700001247,marta.wozniak.1247@mail.com,ABA001247,PL0001247,B+E,2033-06-01,2024-06-01
1248,Dawid,Nowak,70000001248,700001248,dawid.nowak.1248@mail.com,ABA001248,PL0001248,C,2033-06-02,2024-06-02
1249,Anna,Wojcik,70000001249,700001249,anna.wojcik.1249@mail.com,ABA001249,PL0001249,A,2033-06-03,2024-06-03
1250,Piotr,Lewandowski,70000001250,700001250,piotr.lewandowski.1250@mail.com,ABA001250,PL0001250,D,2033-06-04,2024-06-04
1251,Magdalena,Wozniak,70000001251,700001251,magdalena.wozniak.1251@mail.com,ABA001251,PL0001251,B,2033-06-05,2024-06-05
1252,Marek,Nowak,70000001252,700001252,marek.nowak.1252@mail.com,ABA001252,PL0001252,B+E,2033-06-06,2024-06-06
1253,Joanna,Wojcik,70000001253,700001253,joanna.wojcik.1253@mail.com,ABA001253,PL0001253,C,2033-06-07,2024-06-07
1254,Michal,Lewandowski,70000001254,700001254,michal.lewandowski.1254@mail.com,ABA001254,PL0001254,A,2033-06-08,2024-06-08
1255,Monika,Wozniak,70000001255,700001255,monika.wozniak.1255@mail.com,ABA001255,PL0001255,D,2033-06-09,2024-06-09
1256,Andrzej,Nowak,70000001256,700001256,andrzej.nowak.1256@mail.com,ABA001256,PL0001256,B,2033-06-10,2024-06-10
1257,Karolina,Wojcik,70000001257,700001257,karolina.wojcik.1257@mail.com,ABA001257,PL0001257,B+E,2033-06-11,2024-06-11
1258,Mateusz,Lewandowski,70000001258,700001258,mateusz.lewandowski.1258@mail.com,ABA001258,PL0001258,C,2033-06-12,2024-06-12
1259,Marta,Wozniak,70000001259,700001259,marta.wozniak.1259@mail.com,ABA001259,PL0001259,A,2033-06-13,2024-06-13
1260,Dawid,Nowak,70000001260,700001260,dawid.nowak.1260@mail.com,ABA001260,PL0001260,D,2033-06-14,2024-06-14
1261,Anna,Wojcik,70000001261,700001261,anna.wojcik.1261@mail.com,ABA001261,PL0001261,B,2033-06-15,2024-06-15
1262,Piotr,Lewandowski,70000001262,700001262,piotr.lewandowski.1262@mail.com,ABA001262,PL0001262,B+E,2033-06-16,2024-06-16
1263,Magdalena,Wozniak,70000001263,700001263,magdalena.wozniak.1263@mail.com,ABA001263,PL0001263,C,2033-06-17,2024-06-17
1264,Marek,Nowak,70000001264,700001264,marek.nowak.1264@mail.com,ABA001264,PL0001264,A,2033-06-18,2024-06-18
1265,Joanna,Wojcik,70000001265,700001265,joanna.wojcik.1265@mail.com,ABA001265,PL0001265,D,2033-06-19,2024-06-19
1266,Michal,Lewandowski,70000001266,700001266,michal.lewandowski.1266@mail.com,ABA001266,PL0001266,B,2033-06-20,2024-06-20
1267,Monika,Wozniak,70000001267,700001267,monika.wozniak.1267@mail.com,ABA001267,PL0001267,B+E,2033-06-21,2024-06-21
1268,Andrzej,Nowak,70000001268,700001268,andrzej.nowak.1268@mail.com,ABA001268,PL0001268,C,2033-06-22,2024-06-22
1269,Karolina,Wojcik,70000001269,700001269,karolina.wojcik.1269@mail.com,ABA001269,PL0001269,A,2033-06-23,2024-06-23
1270,Mateusz,Lewandowski,70000001270,700001270,mateusz.lewandowski.1270@mail.com,ABA001270,PL0001270,D,2033-06-24,2024-06-24
1271,Marta,Wozniak,70000001271,700001271,marta.wozniak.1271@mail.com,ABA001271,PL0001271,B,2033-06-25,2024-06-25
1272,Dawid,Nowak,70000001272,700001272,dawid.nowak.1272@mail.com,ABA001272,PL0001272,B+E,2033-06-26,2024-06-26
1273,Anna,Wojcik,70000001273,700001273,anna.wojcik.1273@mail.com,ABA001273,PL0001273,C,2033-06-27,2024-06-27
1274,Piotr,Lewandowski,70000001274,700001274,piotr.lewandowski.1274@mail.com,ABA001274,PL0001274,A,2033-06-28,2024-06-28
1275,Magdalena,Wozniak,70000001275,700001275,magdalena.wozniak.1275@mail.com,ABA001275,PL0001275,D,2033-06-29,2024-06-29
1276,Marek,Nowak,70000001276,700001276,marek.nowak.1276@mail.com,ABA001276,PL0001276,B,2033-06-30,2024-06-30
1277,Joanna,Wojcik,70000001277,700001277,joanna.wojcik.1277@mail.com,ABA001277,PL0001277,B+E,2033-07-01,2024-07-01
1278,Michal,Lewandowski,70000001278,700001278,michal.lewandowski.1278@mail.com,ABA001278,PL0001278,C,2033-07-02,2024-07-02
1279,Monika,Wozniak,70000001279,700001279,monika.wozniak.1279@mail.com,ABA001279,PL0001279,A,2033-07-03,2024-07-03
1280,Andrzej,Nowak,70000001280,700001280,andrzej.nowak.1280@mail.com,ABA001280,PL0001280,D,2033-07-04,2024-07-04
1281,Karolina,Wojcik,70000001281,700001281,karolina.wojcik.1281@mail.com,ABA001281,PL0001281,B,2033-07-05,2024-07-05
1282,Mateusz,Lewandowski,70000001282,700001282,mateusz.lewandowski.1282@mail.com,ABA001282,PL0001282,B+E,2033-07-06,2024-07-06
1283,Marta,Wozniak,70000001283,700001283,marta.wozniak.1283@mail.com,ABA001283,PL0001283,C,2033-07-07,2024-07-07
1284,Dawid,Nowak,70000001284,700001284,dawid.nowak.1284@mail.com,ABA001284,PL0001284,A,2033-07-08,2024-07-08
1285,Anna,Wojcik,70000001285,700001285,anna.wojcik.1285@mail.com,ABA001285,PL0001285,D,2033-07-09,2024-07-09
1286,Piotr,Lewandowski,70000001286,700001286,piotr.lewandowski.1286@mail.com,ABA001286,PL0001286,B,2033-07-10,2024-07-10
1287,Magdalena,Wozniak,70000001287,700001287,magdalena.wozniak.1287@mail.com,ABA001287,PL0001287,B+E,2033-07-11,2024-07-11
1288,Marek,Nowak,70000001288,700001288,marek.nowak.1288@mail.com,ABA001288,PL0001288,C,2033-07-12,2024-07-12
1289,Joanna,Wojcik,70000001289,700001289,joanna.wojcik.1289@mail.com,ABA001289,PL0001289,A,2033-07-13,2024-07-13
1290,Michal,Lewandowski,70000001290,700001290,michal.lewandowski.1290@mail.com,ABA001290,PL0001290,D,2033-07-14,2024-07-14
1291,Monika,Wozniak,70000001291,700001291,monika.wozniak.1291@mail.com,ABA001291,PL0001291,B,2033-07-15,2024-07-15
1292,Andrzej,Nowak,70000001292,700001292,andrzej.nowak.1292@mail.com,ABA001292,PL0001292,B+E,2033-07-16,2024-07-16
1293,Karolina,Wojcik,70000001293,700001293,karolina.wojcik.1293@mail.com,ABA001293,PL0001293,C,2033-07-17,2024-07-17
1294,Mateusz,Lewandowski,70000001294,700001294,mateusz.lewandowski.1294@mail.com,ABA001294,PL0001294,A,2033-07-18,2024-07-18
1295,Marta,Wozniak,70000001295,700001295,marta.wozniak.1295@mail.com,ABA001295,PL0001295,D,2033-07-19,2024-07-19
1296,Dawid,Nowak,70000001296,700001296,dawid.nowak.1296@mail.com,ABA001296,PL0001296,B,2033-07-20,2024-07-20
1297,Anna,Wojcik,70000001297,700001297,anna.wojcik.1297@mail.com,ABA001297,PL0001297,B+E,2033-07-21,2024-07-21
1298,Piotr,Lewandowski,70000001298,700001298,piotr.lewandowski.1298@mail.com,ABA001298,PL0001298,C,2033-07-22,2024-07-22
1299,Magdalena,Wozniak,70000001299,700001299,magdalena.wozniak.1299@mail.com,ABA001299,PL0001299,A,2033-07-23,2024-07-23
1300,Marek,Nowak,70000001300,700001300,marek.nowak.1300@mail.com,ABA001300,PL0001300,D,2033-07-24,2024-07-24
1301,Joanna,Wojcik,70000001301,700001301,joanna.wojcik.1301@mail.com,ABA001301,PL0001301,B,2033-07-25,2024-07-25
1302,Michal,Lewandowski,70000001302,700001302,michal.lewandowski.1302@mail.com,ABA001302,PL0001302,B+E,2033-07-26,2024-07-26
1303,Monika,Wozniak,70000001303,700001303,monika.wozniak.1303@mail.com,ABA001303,PL0001303,C,2033-07-27,2024-07-27
1304,Andrzej,Nowak,70000001304,700001304,andrzej.nowak.1304@mail.com,ABA001304,PL0001304,A,2033-07-28,2024-07-28
1305,Karolina,Wojcik,70000001305,700001305,karolina.wojcik.1305@mail.com,ABA001305,PL0001305,D,2033-07-29,2024-07-29
1306,Mateusz,Lewandowski,70000001306,700001306,mateusz.lewandowski.1306@mail.com,ABA001306,PL0001306,B,2033-07-30,2024-07-30
1307,Marta,Wozniak,70000001307,700001307,marta.wozniak.1307@mail.com,ABA001307,PL0001307,B+E,2033-07-31,2024-07-31
1308,Dawid,Nowak,70000001308,700001308,dawid.nowak.1308@mail.com,ABA001308,PL0001308,C,2033-08-01,2024-08-01
1309,Anna,Wojcik,70000001309,700001309,anna.wojcik.1309@mail.com,ABA001309,PL0001309,A,2033-08-02,2024-08-02
1310,Piotr,Lewandowski,70000001310,700001310,piotr.lewandowski.1310@mail.com,ABA001310,PL0001310,D,2033-08-03,2024-08-03
1311,Magdalena,Wozniak,70000001311,700001311,magdalena.wozniak.1311@mail.com,ABA001311,PL0001311,B,2033-08-04,2024-08-04
1312,Marek,Nowak,70000001312,700001312,marek.nowak.1312@mail.com,ABA001312,PL0001312,B+E,2033-08-05,2024-08-05
1313,Joanna,Wojcik,70000001313,700001313,joanna.wojcik.1313@mail.com,ABA001313,PL0001313,C,2033-08-06,2024-08-06
1314,Michal,Lewandowski,70000001314,700001314,michal.lewandowski.1314@mail.com,ABA001314,PL0001314,A,2033-08-07,2024-08-07
1315,Monika,Wozniak,70000001315,700001315,monika.wozniak.1315@mail.com,ABA001315,PL0001315,D,2033-08-08,2024-08-08
1316,Andrzej,Nowak,70000001316,700001316,andrzej.nowak.1316@mail.com,ABA001316,PL0001316,B,2033-08-09,2024-08-09
1317,Karolina,Wojcik,70000001317,700001317,karolina.wojcik.1317@mail.com,ABA001317,PL0001317,B+E,2033-08-10,2024-08-10
1318,Mateusz,Lewandowski,70000001318,700001318,mateusz.lewandowski.1318@mail.com,ABA001318,PL0001318,C,2033-08-11,2024-08-11
1319,Marta,Wozniak,70000001319,700001319,marta.wozniak.1319@mail.com,ABA001319,PL0001319,A,2033-08-12,2024-08-12
1320,Dawid,Nowak,70000001320,700001320,dawid.nowak.1320@mail.com,ABA001320,PL0001320,D,2033-08-13,2024-08-13
1321,Anna,Wojcik,70000001321,700001321,anna.wojcik.1321@mail.com,ABA001321,PL0001321,B,2033-08-14,2024-08-14
1322,Piotr,Lewandowski,70000001322,700001322,piotr.lewandowski.1322@mail.com,ABA001322,PL0001322,B+E,2033-08-15,2024-08-15
1323,Magdalena,Wozniak,70000001323,700001323,magdalena.wozniak.1323@mail.com,ABA001323,PL0001323,C,2033-08-16,2024-08-16
1324,Marek,Nowak,70000001324,700001324,marek.nowak.1324@mail.com,ABA001324,PL0001324,A,2033-08-17,2024-08-17
1325,Joanna,Wojcik,70000001325,700001325,joanna.wojcik.1325@mail.com,ABA001325,PL0001325,D,2033-08-18,2024-08-18
1326,Michal,Lewandowski,70000001326,700001326,michal.lewandowski.1326@mail.com,ABA001326,PL0001326,B,2033-08-19,2024-08-19
1327,Monika,Wozniak,70000001327,700001327,monika.wozniak.1327@mail.com,ABA001327,PL0001327,B+E,2033-08-20,2024-08-20
1328,Andrzej,Nowak,70000001328,700001328,andrzej.nowak.1328@mail.com,ABA001328,PL0001328,C,2033-08-21,2024-08-21
1329,Karolina,Wojcik,70000001329,700001329,karolina.wojcik.1329@mail.com,ABA001329,PL0001329,A,2033-08-22,2024-08-22
1330,Mateusz,Lewandowski,70000001330,700001330,mateusz.lewandowski.1330@mail.com,ABA001330,PL0001330,D,2033-08-23,2024-08-23
1331,Marta,Wozniak,70000001331,700001331,marta.wozniak.1331@mail.com,ABA001331,PL0001331,B,2033-08-24,2024-08-24
1332,Dawid,Nowak,70000001332,700001332,dawid.nowak.1332@mail.com,ABA001332,PL0001332,B+E,2033-08-25,2024-08-25
1333,Anna,Wojcik,70000001333,700001333,anna.wojcik.1333@mail.com,ABA001333,PL0001333,C,2033-08-26,2024-08-26
1334,Piotr,Lewandowski,70000001334,700001334,piotr.lewandowski.1334@mail.com,ABA001334,PL0001334,A,2033-08-27,2024-08-27
1335,Magdalena,Wozniak,70000001335,700001335,magdalena.wozniak.1335@mail.com,ABA001335,PL0001335,D,2033-08-28,2024-08-28
1336,Marek,Nowak,70000001336,700001336,marek.nowak.1336@mail.com,ABA001336,PL0001336,B,2033-08-29,2024-08-29
1337,Joanna,Wojcik,70000001337,700001337,joanna.wojcik.1337@mail.com,ABA001337,PL0001337,B+E,2033-08-30,2024-08-30
1338,Michal,Lewandowski,70000001338,700001338,michal.lewandowski.1338@mail.com,ABA001338,PL0001338,C,2033-08-31,2024-08-31
1339,Monika,Wozniak,70000001339,700001339,monika.wozniak.1339@mail.com,ABA001339,PL0001339,A,2033-09-01,2024-09-01
1340,Andrzej,Nowak,70000001340,700001340,andrzej.nowak.1340@mail.com,ABA001340,PL0001340,D,2033-09-02,2024-09-02
1341,Karolina,Wojcik,70000001341,700001341,karolina.wojcik.1341@mail.com,ABA001341,PL0001341,B,2033-09-03,2024-09-03
1342,Mateusz,Lewandowski,70000001342,700001342,mateusz.lewandowski.1342@mail.com,ABA001342,PL0001342,B+E,2033-09-04,2024-09-04
1343,Marta,Wozniak,70000001343,700001343,marta.wozniak.1343@mail.com,ABA001343,PL0001343,C,2033-09-05,2024-09-05
1344,Dawid,Nowak,70000001344,700001344,dawid.nowak.1344@mail.com,ABA001344,PL0001344,A,2033-09-06,2024-09-06
1345,Anna,Wojcik,70000001345,700001345,anna.wojcik.1345@mail.com,ABA001345,PL0001345,D,2033-09-07,2024-09-07
1346,Piotr,Lewandowski,70000001346,700001346,piotr.lewandowski.1346@mail.com,ABA001346,PL0001346,B,2033-09-08,2024-09-08
1347,Magdalena,Wozniak,70000001347,700001347,magdalena.wozniak.1347@mail.com,ABA001347,PL0001347,B+E,2033-09-09,2024-09-09
1348,Marek,Nowak,70000001348,700001348,marek.nowak.1348@mail.com,ABA001348,PL0001348,C,2033-09-10,2024-09-10
1349,Joanna,Wojcik,70000001349,700001349,joanna.wojcik.1349@mail.com,ABA001349,PL0001349,A,2033-09-11,2024-09-11
1350,Michal,Lewandowski,70000001350,700001350,michal.lewandowski.1350@mail.com,ABA001350,PL0001350,D,2033-09-12,2024-09-12
1351,Monika,Wozniak,70000001351,700001351,monika.wozniak.1351@mail.com,ABA001351,PL0001351,B,2033-09-13,2024-09-13
1352,Andrzej,Nowak,70000001352,700001352,andrzej.nowak.1352@mail.com,ABA001352,PL0001352,B+E,2033-09-14,2024-09-14
1353,Karolina,Wojcik,70000001353,700001353,karolina.wojcik.1353@mail.com,ABA001353,PL0001353,C,2033-09-15,2024-09-15
1354,Mateusz,Lewandowski,70000001354,700001354,mateusz.lewandowski.1354@mail.com,ABA001354,PL0001354,A,2033-09-16,2024-09-16
1355,Marta,Wozniak,70000001355,700001355,marta.wozniak.1355@mail.com,ABA001355,PL0001355,D,2033-09-17,2024-09-17
1356,Dawid,Nowak,70000001356,700001356,dawid.nowak.1356@mail.com,ABA001356,PL0001356,B,2033-09-18,2024-09-18
1357,Anna,Wojcik,70000001357,700001357,anna.wojcik.1357@mail.com,ABA001357,PL0001357,B+E,2033-09-19,2024-09-19
1358,Piotr,Lewandowski,70000001358,700001358,piotr.lewandowski.1358@mail.com,ABA001358,PL0001358,C,2033-09-20,2024-09-20
1359,Magdalena,Wozniak,70000001359,700001359,magdalena.wozniak.1359@mail.com,ABA001359,PL0001359,A,2033-09-21,2024-09-21
1360,Marek,Nowak,70000001360,700001360,marek.nowak.1360@mail.com,ABA001360,PL0001360,D,2033-09-22,2024-09-22
1361,Joanna,Wojcik,70000001361,700001361,joanna.wojcik.1361@mail.com,ABA001361,PL0001361,B,2033-09-23,2024-09-23
1362,Michal,Lewandowski,70000001362,700001362,michal.lewandowski.1362@mail.com,ABA001362,PL0001362,B+E,2033-09-24,2024-09-24
1363,Monika,Wozniak,70000001363,700001363,monika.wozniak.1363@mail.com,ABA001363,PL0001363,C,2033-09-25,2024-09-25
1364,Andrzej,Nowak,70000001364,700001364,andrzej.nowak.1364@mail.com,ABA001364,PL0001364,A,2033-09-26,2024-09-26
1365,Karolina,Wojcik,70000001365,700001365,karolina.wojcik.1365@mail.com,ABA001365,PL0001365,D,2033-09-27,2024-09-27
1366,Mateusz,Lewandowski,70000001366,700001366,mateusz.lewandowski.1366@mail.com,ABA001366,PL0001366,B,2033-09-28,2024-09-28
1367,Marta,Wozniak,70000001367,700001367,marta.wozniak.1367@mail.com,ABA001367,PL0001367,B+E,2033-09-29,2024-09-29
1368,Dawid,Nowak,70000001368,700001368,dawid.nowak.1368@mail.com,ABA001368,PL0001368,C,2033-09-30,2024-09-30
1369,Anna,Wojcik,70000001369,700001369,anna.wojcik.1369@mail.com,ABA001369,PL0001369,A,2033-10-01,2024-10-01
1370,Piotr,Lewandowski,70000001370,700001370,piotr.lewandowski.1370@mail.com,ABA001370,PL0001370,D,2033-10-02,2024-10-02
1371,Magdalena,Wozniak,70000001371,700001371,magdalena.wozniak.1371@mail.com,ABA001371,PL0001371,B,2033-10-03,2024-10-03
1372,Marek,Nowak,70000001372,700001372,marek.nowak.1372@mail.com,ABA001372,PL0001372,B+E,2033-10-04,2024-10-04
1373,Joanna,Wojcik,70000001373,700001373,joanna.wojcik.1373@mail.com,ABA001373,PL0001373,C,2033-10-05,2024-10-05
1374,Michal,Lewandowski,70000001374,700001374,michal.lewandowski.1374@mail.com,ABA001374,PL0001374,A,2033-10-06,2024-10-06
1375,Monika,Wozniak,70000001375,700001375,monika.wozniak.1375@mail.com,ABA001375,PL0001375,D,2033-10-07,2024-10-07
1376,Andrzej,Nowak,70000001376,700001376,andrzej.nowak.1376@mail.com,ABA001376,PL0001376,B,2033-10-08,2024-10-08
1377,Karolina,Wojcik,70000001377,700001377,karolina.wojcik.1377@mail.com,ABA001377,PL0001377,B+E,2033-10-09,2024-10-09
1378,Mateusz,Lewandowski,70000001378,700001378,mateusz.lewandowski.1378@mail.com,ABA001378,PL0001378,C,2033-10-10,2024-10-10
1379,Marta,Wozniak,70000001379,700001379,marta.wozniak.1379@mail.com,ABA001379,PL0001379,A,2033-10-11,2024-10-11
1380,Dawid,Nowak,70000001380,700001380,dawid.nowak.1380@mail.com,ABA001380,PL0001380,D,2033-10-12,2024-10-12
1381,Anna,Wojcik,70000001381,700001381,anna.wojcik.1381@mail.com,ABA001381,PL0001381,B,2033-10-13,2024-10-13
1382,Piotr,Lewandowski,70000001382,700001382,piotr.lewandowski.1382@mail.com,ABA001382,PL0001382,B+E,2033-10-14,2024-10-14
1383,Magdalena,Wozniak,70000001383,700001383,magdalena.wozniak.1383@mail.com,ABA001383,PL0001383,C,2033-10-15,2024-10-15
1384,Marek,Nowak,70000001384,700001384,marek.nowak.1384@mail.com,ABA001384,PL0001384,A,2033-10-16,2024-10-16
1385,Joanna,Wojcik,70000001385,700001385,joanna.wojcik.1385@mail.com,ABA001385,PL0001385,D,2033-10-17,2024-10-17
1386,Michal,Lewandowski,70000001386,700001386,michal.lewandowski.1386@mail.com,ABA001386,PL0001386,B,2033-10-18,2024-10-18
1387,Monika,Wozniak,70000001387,700001387,monika.wozniak.1387@mail.com,ABA001387,PL0001387,B+E,2033-10-19,2024-10-19
1388,Andrzej,Nowak,70000001388,700001388,andrzej.nowak.1388@mail.com,ABA001388,PL0001388,C,2033-10-20,2024-10-20
1389,Karolina,Wojcik,70000001389,700001389,karolina.wojcik.1389@mail.com,ABA001389,PL0001389,A,2033-10-21,2024-10-21
1390,Mateusz,Lewandowski,70000001390,700001390,mateusz.lewandowski.1390@mail.com,ABA001390,PL0001390,D,2033-10-22,2024-10-22
1391,Marta,Wozniak,70000001391,700001391,marta.wozniak.1391@mail.com,ABA001391,PL0001391,B,2033-10-23,2024-10-23
1392,Dawid,Nowak,70000001392,700001392,dawid.nowak.1392@mail.com,ABA001392,PL0001392,B+E,2033-10-24,2024-10-24
1393,Anna,Wojcik,70000001393,700001393,anna.wojcik.1393@mail.com,ABA001393,PL0001393,C,2033-10-25,2024-10-25
1394,Piotr,Lewandowski,70000001394,700001394,piotr.lewandowski.1394@mail.com,ABA001394,PL0001394,A,2033-10-26,2024-10-26
1395,Magdalena,Wozniak,70000001395,700001395,magdalena.wozniak.1395@mail.com,ABA001395,PL0001395,D,2033-10-27,2024-10-27
1396,Marek,Nowak,70000001396,700001396,marek.nowak.1396@mail.com,ABA001396,PL0001396,B,2033-10-28,2024-10-28
1397,Joanna,Wojcik,70000001397,700001397,joanna.wojcik.1397@mail.com,ABA001397,PL0001397,B+E,2033-10-29,2024-10-29
1398,Michal,Lewandowski,70000001398,700001398,michal.lewandowski.1398@mail.com,ABA001398,PL0001398,C,2033-10-30,2024-10-30
1399,Monika,Wozniak,70000001399,700001399,monika.wozniak.1399@mail.com,ABA001399,PL0001399,A,2033-10-31,2024-10-31
1400,Andrzej,Nowak,70000001400,700001400,andrzej.nowak.1400@mail.com,ABA001400,PL0001400,D,2033-11-01,2024-11-01
1401,Karolina,Wojcik,70000001401,700001401,karolina.wojcik.1401@mail.com,ABA001401,PL0001401,B,2033-11-02,2024-11-02
1402,Mateusz,Lewandowski,70000001402,700001402,mateusz.lewandowski.1402@mail.com,ABA001402,PL0001402,B+E,2033-11-03,2024-11-03
1403,Marta,Wozniak,70000001403,700001403,marta.wozniak.1403@mail.com,ABA001403,PL0001403,C,2033-11-04,2024-11-04
1404,Dawid,Nowak,70000001404,700001404,dawid.nowak.1404@mail.com,ABA001404,PL0001404,A,2033-11-05,2024-11-05
1405,Anna,Wojcik,70000001405,700001405,anna.wojcik.1405@mail.com,ABA001405,PL0001405,D,2033-11-06,2024-11-06
1406,Piotr,Lewandowski,70000001406,700001406,piotr.lewandowski.1406@mail.com,ABA001406,PL0001406,B,2033-11-07,2024-11-07
1407,Magdalena,Wozniak,70000001407,700001407,magdalena.wozniak.1407@mail.com,ABA001407,PL0001407,B+E,2033-11-08,2024-11-08
1408,Marek,Nowak,70000001408,700001408,marek.nowak.1408@mail.com,ABA001408,PL0001408,C,2033-11-09,2024-11-09
1409,Joanna,Wojcik,70000001409,700001409,joanna.wojcik.1409@mail.com,ABA001409,PL0001409,A,2033-11-10,2024-11-10
1410,Michal,Lewandowski,70000001410,700001410,michal.lewandowski.1410@mail.com,ABA001410,PL0001410,D,2033-11-11,2024-11-11
1411,Monika,Wozniak,70000001411,700001411,monika.wozniak.1411@mail.com,ABA001411,PL0001411,B,2033-11-12,2024-11-12
1412,Andrzej,Nowak,70000001412,700001412,andrzej.nowak.1412@mail.com,ABA001412,PL0001412,B+E,2033-11-13,2024-11-13
1413,Karolina,Wojcik,70000001413,700001413,karolina.wojcik.1413@mail.com,ABA001413,PL0001413,C,2033-11-14,2024-11-14
1414,Mateusz,Lewandowski,70000001414,700001414,mateusz.lewandowski.1414@mail.com,ABA001414,PL0001414,A,2033-11-15,2024-11-15
1415,Marta,Wozniak,70000001415,700001415,marta.wozniak.1415@mail.com,ABA001415,PL0001415,D,2033-11-16,2024-11-16
1416,Dawid,Nowak,70000001416,700001416,dawid.nowak.1416@mail.com,ABA001416,PL0001416,B,2033-11-17,2024-11-17
1417,Anna,Wojcik,70000001417,700001417,anna.wojcik.1417@mail.com,ABA001417,PL0001417,B+E,2033-11-18,2024-11-18
1418,Piotr,Lewandowski,70000001418,700001418,piotr.lewandowski.1418@mail.com,ABA001418,PL0001418,C,2033-11-19,2024-11-19
1419,Magdalena,Wozniak,70000001419,700001419,magdalena.wozniak.1419@mail.com,ABA001419,PL0001419,A,2033-11-20,2024-11-20
1420,Marek,Nowak,70000001420,700001420,marek.nowak.1420@mail.com,ABA001420,PL0001420,D,2033-11-21,2024-11-21
1421,Joanna,Wojcik,70000001421,700001421,joanna.wojcik.1421@mail.com,ABA001421,PL0001421,B,2033-11-22,2024-11-22
1422,Michal,Lewandowski,70000001422,700001422,michal.lewandowski.1422@mail.com,ABA001422,PL0001422,B+E,2033-11-23,2024-11-23
1423,Monika,Wozniak,70000001423,700001423,monika.wozniak.1423@mail.com,ABA001423,PL0001423,C,2033-11-24,2024-11-24
1424,Andrzej,Nowak,70000001424,700001424,andrzej.nowak.1424@mail.com,ABA001424,PL0001424,A,2033-11-25,2024-11-25
1425,Karolina,Wojcik,70000001425,700001425,karolina.wojcik.1425@mail.com,ABA001425,PL0001425,D,2033-11-26,2024-11-26
1426,Mateusz,Lewandowski,70000001426,700001426,mateusz.lewandowski.1426@mail.com,ABA001426,PL0001426,B,2033-11-27,2024-11-27
1427,Marta,Wozniak,70000001427,700001427,marta.wozniak.1427@mail.com,ABA001427,PL0001427,B+E,2033-11-28,2024-11-28
1428,Dawid,Nowak,70000001428,700001428,dawid.nowak.1428@mail.com,ABA001428,PL0001428,C,2033-11-29,2024-11-29
1429,Anna,Wojcik,70000001429,700001429,anna.wojcik.1429@mail.com,ABA001429,PL0001429,A,2033-11-30,2024-11-30
1430,Piotr,Lewandowski,70000001430,700001430,piotr.lewandowski.1430@mail.com,ABA001430,PL0001430,D,2033-12-01,2024-12-01
1431,Magdalena,Wozniak,70000001431,700001431,magdalena.wozniak.1431@mail.com,ABA001431,PL0001431,B,2033-12-02,2024-12-02
1432,Marek,Nowak,70000001432,700001432,marek.nowak.1432@mail.com,ABA001432,PL0001432,B+E,2033-12-03,2024-12-03
1433,Joanna,Wojcik,70000001433,700001433,joanna.wojcik.1433@mail.com,ABA001433,PL0001433,C,2033-12-04,2024-12-04
1434,Michal,Lewandowski,70000001434,700001434,michal.lewandowski.1434@mail.com,ABA001434,PL0001434,A,2033-12-05,2024-12-05
1435,Monika,Wozniak,70000001435,700001435,monika.wozniak.1435@mail.com,ABA001435,PL0001435,D,2033-12-06,2024-12-06
1436,Andrzej,Nowak,70000001436,700001436,andrzej.nowak.1436@mail.com,ABA001436,PL0001436,B,2033-12-07,2024-12-07
1437,Karolina,Wojcik,70000001437,700001437,karolina.wojcik.1437@mail.com,ABA001437,PL0001437,B+E,2033-12-08,2024-12-08
1438,Mateusz,Lewandowski,70000001438,700001438,mateusz.lewandowski.1438@mail.com,ABA001438,PL0001438,C,2033-12-09,2024-12-09
1439,Marta,Wozniak,70000001439,700001439,marta.wozniak.1439@mail.com,ABA001439,PL0001439,A,2033-12-10,2024-12-10
1440,Dawid,Nowak,70000001440,700001440,dawid.nowak.1440@mail.com,ABA001440,PL0001440,D,2033-12-11,2024-12-11
1441,Anna,Wojcik,70000001441,700001441,anna.wojcik.1441@mail.com,ABA001441,PL0001441,B,2033-12-12,2024-12-12
1442,Piotr,Lewandowski,70000001442,700001442,piotr.lewandowski.1442@mail.com,ABA001442,PL0001442,B+E,2033-12-13,2024-12-13
1443,Magdalena,Wozniak,70000001443,700001443,magdalena.wozniak.1443@mail.com,ABA001443,PL0001443,C,2033-12-14,2024-12-14
1444,Marek,Nowak,70000001444,700001444,marek.nowak.1444@mail.com,ABA001444,PL0001444,A,2033-12-15,2024-12-15
1445,Joanna,Wojcik,70000001445,700001445,joanna.wojcik.1445@mail.com,ABA001445,PL0001445,D,2033-12-16,2024-12-16
1446,Michal,Lewandowski,70000001446,700001446,michal.lewandowski.1446@mail.com,ABA001446,PL0001446,B,2033-12-17,2024-12-17
1447,Monika,Wozniak,70000001447,700001447,monika.wozniak.1447@mail.com,ABA001447,PL0001447,B+E,2033-12-18,2024-12-18
1448,Andrzej,Nowak,70000001448,700001448,andrzej.nowak.1448@mail.com,ABA001448,PL0001448,C,2033-12-19,2024-12-19
1449,Karolina,Wojcik,70000001449,700001449,karolina.wojcik.1449@mail.com,ABA001449,PL0001449,A,2033-12-20,2024-12-20
1450,Mateusz,Lewandowski,70000001450,700001450,mateusz.lewandowski.1450@mail.com,ABA001450,PL0001450,D,2033-12-21,2024-12-21
1451,Marta,Wozniak,70000001451,700001451,marta.wozniak.1451@mail.com,ABA001451,PL0001451,B,2033-12-22,2024-12-22
1452,Dawid,Nowak,70000001452,700001452,dawid.nowak.1452@mail.com,ABA001452,PL0001452,B+E,2033-12-23,2024-12-23
1453,Anna,Wojcik,70000001453,700001453,anna.wojcik.1453@mail.com,ABA001453,PL0001453,C,2033-12-24,2024-12-24
1454,Piotr,Lewandowski,70000001454,700001454,piotr.lewandowski.1454@mail.com,ABA001454,PL0001454,A,2033-12-25,2024-12-25
1455,Magdalena,Wozniak,70000001455,700001455,magdalena.wozniak.1455@mail.com,ABA001455,PL0001455,D,2033-12-26,2024-12-26
1456,Marek,Nowak,70000001456,700001456,marek.nowak.1456@mail.com,ABA001456,PL0001456,B,2033-12-27,2024-12-27
1457,Joanna,Wojcik,70000001457,700001457,joanna.wojcik.1457@mail.com,ABA001457,PL0001457,B+E,2033-12-28,2024-12-28
1458,Michal,Lewandowski,70000001458,700001458,michal.lewandowski.1458@mail.com,ABA001458,PL0001458,C,2033-12-29,2024-12-29
1459,Monika,Wozniak,70000001459,700001459,monika.wozniak.1459@mail.com,ABA001459,PL0001459,A,2033-12-30,2024-12-30
1460,Andrzej,Nowak,70000001460,700001460,andrzej.nowak.1460@mail.com,ABA001460,PL0001460,D,2033-12-31,2024-12-31
1461,Karolina,Wojcik,70000001461,700001461,karolina.wojcik.1461@mail.com,ABA001461,PL0001461,B,2034-01-01,2025-01-01
1462,Mateusz,Lewandowski,70000001462,700001462,mateusz.lewandowski.1462@mail.com,ABA001462,PL0001462,B+E,2034-01-02,2025-01-02
1463,Marta,Wozniak,70000001463,700001463,marta.wozniak.1463@mail.com,ABA001463,PL0001463,C,2034-01-03,2025-01-03
1464,Dawid,Nowak,70000001464,700001464,dawid.nowak.1464@mail.com,ABA001464,PL0001464,A,2034-01-04,2025-01-04
1465,Anna,Wojcik,70000001465,700001465,anna.wojcik.1465@mail.com,ABA001465,PL0001465,D,2034-01-05,2025-01-05
1466,Piotr,Lewandowski,70000001466,700001466,piotr.lewandowski.1466@mail.com,ABA001466,PL0001466,B,2034-01-06,2025-01-06
1467,Magdalena,Wozniak,70000001467,700001467,magdalena.wozniak.1467@mail.com,ABA001467,PL0001467,B+E,2034-01-07,2025-01-07
1468,Marek,Nowak,70000001468,700001468,marek.nowak.1468@mail.com,ABA001468,PL0001468,C,2034-01-08,2025-01-08
1469,Joanna,Wojcik,70000001469,700001469,joanna.wojcik.1469@mail.com,ABA001469,PL0001469,A,2034-01-09,2025-01-09
1470,Michal,Lewandowski,70000001470,700001470,michal.lewandowski.1470@mail.com,ABA001470,PL0001470,D,2034-01-10,2025-01-10
1471,Monika,Wozniak,70000001471,700001471,monika.wozniak.1471@mail.com,ABA001471,PL0001471,B,2034-01-11,2025-01-11
1472,Andrzej,Nowak,70000001472,700001472,andrzej.nowak.1472@mail.com,ABA001472,PL0001472,B+E,2034-01-12,2025-01-12
1473,Karolina,Wojcik,70000001473,700001473,karolina.wojcik.1473@mail.com,ABA001473,PL0001473,C,2034-01-13,2025-01-13
1474,Mateusz,Lewandowski,70000001474,700001474,mateusz.lewandowski.1474@mail.com,ABA001474,PL0001474,A,2034-01-14,2025-01-14
1475,Marta,Wozniak,70000001475,700001475,marta.wozniak.1475@mail.com,ABA001475,PL0001475,D,2034-01-15,2025-01-15
1476,Dawid,Nowak,70000001476,700001476,dawid.nowak.1476@mail.com,ABA001476,PL0001476,B,2034-01-16,2025-01-16
1477,Anna,Wojcik,70000001477,700001477,anna.wojcik.1477@mail.com,ABA001477,PL0001477,B+E,2034-01-17,2025-01-17
1478,Piotr,Lewandowski,70000001478,700001478,piotr.lewandowski.1478@mail.com,ABA001478,PL0001478,C,2034-01-18,2025-01-18
1479,Magdalena,Wozniak,70000001479,700001479,magdalena.wozniak.1479@mail.com,ABA001479,PL0001479,A,2034-01-19,2025-01-19
1480,Marek,Nowak,70000001480,700001480,marek.nowak.1480@mail.com,ABA001480,PL0001480,D,2034-01-20,2025-01-20
1481,Joanna,Wojcik,70000001481,700001481,joanna.wojcik.1481@mail.com,ABA001481,PL0001481,B,2034-01-21,2025-01-21
1482,Michal,Lewandowski,70000001482,700001482,michal.lewandowski.1482@mail.com,ABA001482,PL0001482,B+E,2034-01-22,2025-01-22
1483,Monika,Wozniak,70000001483,700001483,monika.wozniak.1483@mail.com,ABA001483,PL0001483,C,2034-01-23,2025-01-23
1484,Andrzej,Nowak,70000001484,700001484,andrzej.nowak.1484@mail.com,ABA001484,PL0001484,A,2034-01-24,2025-01-24
1485,Karolina,Wojcik,70000001485,700001485,karolina.wojcik.1485@mail.com,ABA001485,PL0001485,D,2034-01-25,2025-01-25
1486,Mateusz,Lewandowski,70000001486,700001486,mateusz.lewandowski.1486@mail.com,ABA001486,PL0001486,B,2034-01-26,2025-01-26
1487,Marta,Wozniak,70000001487,700001487,marta.wozniak.1487@mail.com,ABA001487,PL0001487,B+E,2034-01-27,2025-01-27
1488,Dawid,Nowak,70000001488,700001488,dawid.nowak.1488@mail.com,ABA001488,PL0001488,C,2034-01-28,2025-01-28
1489,Anna,Wojcik,70000001489,700001489,anna.wojcik.1489@mail.com,ABA001489,PL0001489,A,2034-01-29,2025-01-29
1490,Piotr,Lewandowski,70000001490,700001490,piotr.lewandowski.1490@mail.com,ABA001490,PL0001490,D,2034-01-30,2025-01-30
1491,Magdalena,Wozniak,70000001491,700001491,magdalena.wozniak.1491@mail.com,ABA001491,PL0001491,B,2034-01-31,2025-01-31
1492,Marek,Nowak,70000001492,700001492,marek.nowak.1492@mail.com,ABA001492,PL0001492,B+E,2034-02-01,2025-02-01
1493,Joanna,Wojcik,70000001493,700001493,joanna.wojcik.1493@mail.com,ABA001493,PL0001493,C,2034-02-02,2025-02-02
1494,Michal,Lewandowski,70000001494,700001494,michal.lewandowski.1494@mail.com,ABA001494,PL0001494,A,2034-02-03,2025-02-03
1495,Monika,Wozniak,70000001495,700001495,monika.wozniak.1495@mail.com,ABA001495,PL0001495,D,2034-02-04,2025-02-04
1496,Andrzej,Nowak,70000001496,700001496,andrzej.nowak.1496@mail.com,ABA001496,PL0001496,B,2034-02-05,2025-02-05
1497,Karolina,Wojcik,70000001497,700001497,karolina.wojcik.1497@mail.com,ABA001497,PL0001497,B+E,2034-02-06,2025-02-06
1498,Mateusz,Lewandowski,70000001498,700001498,mateusz.lewandowski.1498@mail.com,ABA001498,PL0001498,C,2034-02-07,2025-02-07
1499,Marta,Wozniak,70000001499,700001499,marta.wozniak.1499@mail.com,ABA001499,PL0001499,A,2034-02-08,2025-02-08
1500,Dawid,Nowak,70000001500,700001500,dawid.nowak.1500@mail.com,ABA001500,PL0001500,D,2030-01-01,2025-02-09
1501,Anna,Wojcik,70000001501,700001501,anna.wojcik.1501@mail.com,ABA001501,PL0001501,B,2030-01-02,2025-02-10
1502,Piotr,Lewandowski,70000001502,700001502,piotr.lewandowski.1502@mail.com,ABA001502,PL0001502,B+E,2030-01-03,2025-02-11
1503,Magdalena,Wozniak,70000001503,700001503,magdalena.wozniak.1503@mail.com,ABA001503,PL0001503,C,2030-01-04,2025-02-12
1504,Marek,Nowak,70000001504,700001504,marek.nowak.1504@mail.com,ABA001504,PL0001504,A,2030-01-05,2025-02-13
1505,Joanna,Wojcik,70000001505,700001505,joanna.wojcik.1505@mail.com,ABA001505,PL0001505,D,2030-01-06,2025-02-14
1506,Michal,Lewandowski,70000001506,700001506,michal.lewandowski.1506@mail.com,ABA001506,PL0001506,B,2030-01-07,2025-02-15
1507,Monika,Wozniak,70000001507,700001507,monika.wozniak.1507@mail.com,ABA001507,PL0001507,B+E,2030-01-08,2025-02-16
1508,Andrzej,Nowak,70000001508,700001508,andrzej.nowak.1508@mail.com,ABA001508,PL0001508,C,2030-01-09,2025-02-17
1509,Karolina,Wojcik,70000001509,700001509,karolina.wojcik.1509@mail.com,ABA001509,PL0001509,A,2030-01-10,2025-02-18
1510,Mateusz,Lewandowski,70000001510,700001510,mateusz.lewandowski.1510@mail.com,ABA001510,PL0001510,D,2030-01-11,2025-02-19
1511,Marta,Wozniak,70000001511,700001511,marta.wozniak.1511@mail.com,ABA001511,PL0001511,B,2030-01-12,2025-02-20
1512,Dawid,Nowak,70000001512,700001512,dawid.nowak.1512@mail.com,ABA001512,PL0001512,B+E,2030-01-13,2025-02-21
1513,Anna,Wojcik,70000001513,700001513,anna.wojcik.1513@mail.com,ABA001513,PL0001513,C,2030-01-14,2025-02-22
1514,Piotr,Lewandowski,70000001514,700001514,piotr.lewandowski.1514@mail.com,ABA001514,PL0001514,A,2030-01-15,2025-02-23
1515,Magdalena,Wozniak,70000001515,700001515,magdalena.wozniak.1515@mail.com,ABA001515,PL0001515,D,2030-01-16,2025-02-24
1516,Marek,Nowak,70000001516,700001516,marek.nowak.1516@mail.com,ABA001516,PL0001516,B,2030-01-17,2025-02-25
1517,Joanna,Wojcik,70000001517,700001517,joanna.wojcik.1517@mail.com,ABA001517,PL0001517,B+E,2030-01-18,2025-02-26
1518,Michal,Lewandowski,70000001518,700001518,michal.lewandowski.1518@mail.com,ABA001518,PL0001518,C,2030-01-19,2025-02-27
1519,Monika,Wozniak,70000001519,700001519,monika.wozniak.1519@mail.com,ABA001519,PL0001519,A,2030-01-20,2025-02-28
1520,Andrzej,Nowak,70000001520,700001520,andrzej.nowak.1520@mail.com,ABA001520,PL0001520,D,2030-01-21,2025-03-01
1521,Karolina,Wojcik,70000001521,700001521,karolina.wojcik.1521@mail.com,ABA001521,PL0001521,B,2030-01-22,2025-03-02
1522,Mateusz,Lewandowski,70000001522,700001522,mateusz.lewandowski.1522@mail.com,ABA001522,PL0001522,B+E,2030-01-23,2025-03-03
1523,Marta,Wozniak,70000001523,700001523,marta.wozniak.1523@mail.com,ABA001523,PL0001523,C,2030-01-24,2025-03-04
1524,Dawid,Nowak,70000001524,700001524,dawid.nowak.1524@mail.com,ABA001524,PL0001524,A,2030-01-25,2025-03-05
1525,Anna,Wojcik,70000001525,700001525,anna.wojcik.1525@mail.com,ABA001525,PL0001525,D,2030-01-26,2025-03-06
1526,Piotr,Lewandowski,70000001526,700001526,piotr.lewandowski.1526@mail.com,ABA001526,PL0001526,B,2030-01-27,2025-03-07
1527,Magdalena,Wozniak,70000001527,700001527,magdalena.wozniak.1527@mail.com,ABA001527,PL0001527,B+E,2030-01-28,2025-03-08
1528,Marek,Nowak,70000001528,700001528,marek.nowak.1528@mail.com,ABA001528,PL0001528,C,2030-01-29,2025-03-09
1529,Joanna,Wojcik,70000001529,700001529,joanna.wojcik.1529@mail.com,ABA001529,PL0001529,A,2030-01-30,2025-03-10
1530,Michal,Lewandowski,70000001530,700001530,michal.lewandowski.1530@mail.com,ABA001530,PL0001530,D,2030-01-31,2025-03-11
1531,Monika,Wozniak,70000001531,700001531,monika.wozniak.1531@mail.com,ABA001531,PL0001531,B,2030-02-01,2025-03-12
1532,Andrzej,Nowak,70000001532,700001532,andrzej.nowak.1532@mail.com,ABA001532,PL0001532,B+E,2030-02-02,2025-03-13
1533,Karolina,Wojcik,70000001533,700001533,karolina.wojcik.1533@mail.com,ABA001533,PL0001533,C,2030-02-03,2025-03-14
1534,Mateusz,Lewandowski,70000001534,700001534,mateusz.lewandowski.1534@mail.com,ABA001534,PL0001534,A,2030-02-04,2025-03-15
1535,Marta,Wozniak,70000001535,700001535,marta.wozniak.1535@mail.com,ABA001535,PL0001535,D,2030-02-05,2025-03-16
1536,Dawid,Nowak,70000001536,700001536,dawid.nowak.1536@mail.com,ABA001536,PL0001536,B,2030-02-06,2025-03-17
1537,Anna,Wojcik,70000001537,700001537,anna.wojcik.1537@mail.com,ABA001537,PL0001537,B+E,2030-02-07,2025-03-18
1538,Piotr,Lewandowski,70000001538,700001538,piotr.lewandowski.1538@mail.com,ABA001538,PL0001538,C,2030-02-08,2025-03-19
1539,Magdalena,Wozniak,70000001539,700001539,magdalena.wozniak.1539@mail.com,ABA001539,PL0001539,A,2030-02-09,2025-03-20
1540,Marek,Nowak,70000001540,700001540,marek.nowak.1540@mail.com,ABA001540,PL0001540,D,2030-02-10,2025-03-21
1541,Joanna,Wojcik,70000001541,700001541,joanna.wojcik.1541@mail.com,ABA001541,PL0001541,B,2030-02-11,2025-03-22
1542,Michal,Lewandowski,70000001542,700001542,michal.lewandowski.1542@mail.com,ABA001542,PL0001542,B+E,2030-02-12,2025-03-23
1543,Monika,Wozniak,70000001543,700001543,monika.wozniak.1543@mail.com,ABA001543,PL0001543,C,2030-02-13,2025-03-24
1544,Andrzej,Nowak,70000001544,700001544,andrzej.nowak.1544@mail.com,ABA001544,PL0001544,A,2030-02-14,2025-03-25
1545,Karolina,Wojcik,70000001545,700001545,karolina.wojcik.1545@mail.com,ABA001545,PL0001545,D,2030-02-15,2025-03-26
1546,Mateusz,Lewandowski,70000001546,700001546,mateusz.lewandowski.1546@mail.com,ABA001546,PL0001546,B,2030-02-16,2025-03-27
1547,Marta,Wozniak,70000001547,700001547,marta.wozniak.1547@mail.com,ABA001547,PL0001547,B+E,2030-02-17,2025-03-28
1548,Dawid,Nowak,70000001548,700001548,dawid.nowak.1548@mail.com,ABA001548,PL0001548,C,2030-02-18,2025-03-29
1549,Anna,Wojcik,70000001549,700001549,anna.wojcik.1549@mail.com,ABA001549,PL0001549,A,2030-02-19,2025-03-30
1550,Piotr,Lewandowski,70000001550,700001550,piotr.lewandowski.1550@mail.com,ABA001550,PL0001550,D,2030-02-20,2025-03-31
1551,Magdalena,Wozniak,70000001551,700001551,magdalena.wozniak.1551@mail.com,ABA001551,PL0001551,B,2030-02-21,2025-04-01
1552,Marek,Nowak,70000001552,700001552,marek.nowak.1552@mail.com,ABA001552,PL0001552,B+E,2030-02-22,2025-04-02
1553,Joanna,Wojcik,70000001553,700001553,joanna.wojcik.1553@mail.com,ABA001553,PL0001553,C,2030-02-23,2025-04-03
1554,Michal,Lewandowski,70000001554,700001554,michal.lewandowski.1554@mail.com,ABA001554,PL0001554,A,2030-02-24,2025-04-04
1555,Monika,Wozniak,70000001555,700001555,monika.wozniak.1555@mail.com,ABA001555,PL0001555,D,2030-02-25,2025-04-05
1556,Andrzej,Nowak,70000001556,700001556,andrzej.nowak.1556@mail.com,ABA001556,PL0001556,B,2030-02-26,2025-04-06
1557,Karolina,Wojcik,70000001557,700001557,karolina.wojcik.1557@mail.com,ABA001557,PL0001557,B+E,2030-02-27,2025-04-07
1558,Mateusz,Lewandowski,70000001558,700001558,mateusz.lewandowski.1558@mail.com,ABA001558,PL0001558,C,2030-02-28,2025-04-08
1559,Marta,Wozniak,70000001559,700001559,marta.wozniak.1559@mail.com,ABA001559,PL0001559,A,2030-03-01,2025-04-09
1560,Dawid,Nowak,70000001560,700001560,dawid.nowak.1560@mail.com,ABA001560,PL0001560,D,2030-03-02,2025-04-10
1561,Anna,Wojcik,70000001561,700001561,anna.wojcik.1561@mail.com,ABA001561,PL0001561,B,2030-03-03,2025-04-11
1562,Piotr,Lewandowski,70000001562,700001562,piotr.lewandowski.1562@mail.com,ABA001562,PL0001562,B+E,2030-03-04,2025-04-12
1563,Magdalena,Wozniak,70000001563,700001563,magdalena.wozniak.1563@mail.com,ABA001563,PL0001563,C,2030-03-05,2025-04-13
1564,Marek,Nowak,70000001564,700001564,marek.nowak.1564@mail.com,ABA001564,PL0001564,A,2030-03-06,2025-04-14
1565,Joanna,Wojcik,70000001565,700001565,joanna.wojcik.1565@mail.com,ABA001565,PL0001565,D,2030-03-07,2025-04-15
1566,Michal,Lewandowski,70000001566,700001566,michal.lewandowski.1566@mail.com,ABA001566,PL0001566,B,2030-03-08,2025-04-16
1567,Monika,Wozniak,70000001567,700001567,monika.wozniak.1567@mail.com,ABA001567,PL0001567,B+E,2030-03-09,2025-04-17
1568,Andrzej,Nowak,70000001568,700001568,andrzej.nowak.1568@mail.com,ABA001568,PL0001568,C,2030-03-10,2025-04-18
1569,Karolina,Wojcik,70000001569,700001569,karolina.wojcik.1569@mail.com,ABA001569,PL0001569,A,2030-03-11,2025-04-19
1570,Mateusz,Lewandowski,70000001570,700001570,mateusz.lewandowski.1570@mail.com,ABA001570,PL0001570,D,2030-03-12,2025-04-20
1571,Marta,Wozniak,70000001571,700001571,marta.wozniak.1571@mail.com,ABA001571,PL0001571,B,2030-03-13,2025-04-21
1572,Dawid,Nowak,70000001572,700001572,dawid.nowak.1572@mail.com,ABA001572,PL0001572,B+E,2030-03-14,2025-04-22
1573,Anna,Wojcik,70000001573,700001573,anna.wojcik.1573@mail.com,ABA001573,PL0001573,C,2030-03-15,2025-04-23
1574,Piotr,Lewandowski,70000001574,700001574,piotr.lewandowski.1574@mail.com,ABA001574,PL0001574,A,2030-03-16,2025-04-24
1575,Magdalena,Wozniak,70000001575,700001575,magdalena.wozniak.1575@mail.com,ABA001575,PL0001575,D,2030-03-17,2025-04-25
1576,Marek,Nowak,70000001576,700001576,marek.nowak.1576@mail.com,ABA001576,PL0001576,B,2030-03-18,2025-04-26
1577,Joanna,Wojcik,70000001577,700001577,joanna.wojcik.1577@mail.com,ABA001577,PL0001577,B+E,2030-03-19,2025-04-27
1578,Michal,Lewandowski,70000001578,700001578,michal.lewandowski.1578@mail.com,ABA001578,PL0001578,C,2030-03-20,2025-04-28
1579,Monika,Wozniak,70000001579,700001579,monika.wozniak.1579@mail.com,ABA001579,PL0001579,A,2030-03-21,2025-04-29
1580,Andrzej,Nowak,70000001580,700001580,andrzej.nowak.1580@mail.com,ABA001580,PL0001580,D,2030-03-22,2025-04-30
1581,Karolina,Wojcik,70000001581,700001581,karolina.wojcik.1581@mail.com,ABA001581,PL0001581,B,2030-03-23,2025-05-01
1582,Mateusz,Lewandowski,70000001582,700001582,mateusz.lewandowski.1582@mail.com,ABA001582,PL0001582,B+E,2030-03-24,2025-05-02
1583,Marta,Wozniak,70000001583,700001583,marta.wozniak.1583@mail.com,ABA001583,PL0001583,C,2030-03-25,2025-05-03
1584,Dawid,Nowak,70000001584,700001584,dawid.nowak.1584@mail.com,ABA001584,PL0001584,A,2030-03-26,2025-05-04
1585,Anna,Wojcik,70000001585,700001585,anna.wojcik.1585@mail.com,ABA001585,PL0001585,D,2030-03-27,2025-05-05
1586,Piotr,Lewandowski,70000001586,700001586,piotr.lewandowski.1586@mail.com,ABA001586,PL0001586,B,2030-03-28,2025-05-06
1587,Magdalena,Wozniak,70000001587,700001587,magdalena.wozniak.1587@mail.com,ABA001587,PL0001587,B+E,2030-03-29,2025-05-07
1588,Marek,Nowak,70000001588,700001588,marek.nowak.1588@mail.com,ABA001588,PL0001588,C,2030-03-30,2025-05-08
1589,Joanna,Wojcik,70000001589,700001589,joanna.wojcik.1589@mail.com,ABA001589,PL0001589,A,2030-03-31,2025-05-09
1590,Michal,Lewandowski,70000001590,700001590,michal.lewandowski.1590@mail.com,ABA001590,PL0001590,D,2030-04-01,2025-05-10
1591,Monika,Wozniak,70000001591,700001591,monika.wozniak.1591@mail.com,ABA001591,PL0001591,B,2030-04-02,2025-05-11
1592,Andrzej,Nowak,70000001592,700001592,andrzej.nowak.1592@mail.com,ABA001592,PL0001592,B+E,2030-04-03,2025-05-12
1593,Karolina,Wojcik,70000001593,700001593,karolina.wojcik.1593@mail.com,ABA001593,PL0001593,C,2030-04-04,2025-05-13
1594,Mateusz,Lewandowski,70000001594,700001594,mateusz.lewandowski.1594@mail.com,ABA001594,PL0001594,A,2030-04-05,2025-05-14
1595,Marta,Wozniak,70000001595,700001595,marta.wozniak.1595@mail.com,ABA001595,PL0001595,D,2030-04-06,2025-05-15
1596,Dawid,Nowak,70000001596,700001596,dawid.nowak.1596@mail.com,ABA001596,PL0001596,B,2030-04-07,2025-05-16
1597,Anna,Wojcik,70000001597,700001597,anna.wojcik.1597@mail.com,ABA001597,PL0001597,B+E,2030-04-08,2025-05-17
1598,Piotr,Lewandowski,70000001598,700001598,piotr.lewandowski.1598@mail.com,ABA001598,PL0001598,C,2030-04-09,2025-05-18
1599,Magdalena,Wozniak,70000001599,700001599,magdalena.wozniak.1599@mail.com,ABA001599,PL0001599,A,2030-04-10,2025-05-19
1600,Marek,Nowak,70000001600,700001600,marek.nowak.1600@mail.com,ABA001600,PL0001600,D,2030-04-11,2025-05-20
1601,Joanna,Wojcik,70000001601,700001601,joanna.wojcik.1601@mail.com,ABA001601,PL0001601,B,2030-04-12,2025-05-21
1602,Michal,Lewandowski,70000001602,700001602,michal.lewandowski.1602@mail.com,ABA001602,PL0001602,B+E,2030-04-13,2025-05-22
1603,Monika,Wozniak,70000001603,700001603,monika.wozniak.1603@mail.com,ABA001603,PL0001603,C,2030-04-14,2025-05-23
1604,Andrzej,Nowak,70000001604,700001604,andrzej.nowak.1604@mail.com,ABA001604,PL0001604,A,2030-04-15,2025-05-24
1605,Karolina,Wojcik,70000001605,700001605,karolina.wojcik.1605@mail.com,ABA001605,PL0001605,D,2030-04-16,2025-05-25
1606,Mateusz,Lewandowski,70000001606,700001606,mateusz.lewandowski.1606@mail.com,ABA001606,PL0001606,B,2030-04-17,2025-05-26
1607,Marta,Wozniak,70000001607,700001607,marta.wozniak.1607@mail.com,ABA001607,PL0001607,B+E,2030-04-18,2025-05-27
1608,Dawid,Nowak,70000001608,700001608,dawid.nowak.1608@mail.com,ABA001608,PL0001608,C,2030-04-19,2025-05-28
1609,Anna,Wojcik,70000001609,700001609,anna.wojcik.1609@mail.com,ABA001609,PL0001609,A,2030-04-20,2025-05-29
1610,Piotr,Lewandowski,70000001610,700001610,piotr.lewandowski.1610@mail.com,ABA001610,PL0001610,D,2030-04-21,2025-05-30
1611,Magdalena,Wozniak,70000001611,700001611,magdalena.wozniak.1611@mail.com,ABA001611,PL0001611,B,2030-04-22,2025-05-31
1612,Marek,Nowak,70000001612,700001612,marek.nowak.1612@mail.com,ABA001612,PL0001612,B+E,2030-04-23,2025-06-01
1613,Joanna,Wojcik,70000001613,700001613,joanna.wojcik.1613@mail.com,ABA001613,PL0001613,C,2030-04-24,2025-06-02
1614,Michal,Lewandowski,70000001614,700001614,michal.lewandowski.1614@mail.com,ABA001614,PL0001614,A,2030-04-25,2025-06-03
1615,Monika,Wozniak,70000001615,700001615,monika.wozniak.1615@mail.com,ABA001615,PL0001615,D,2030-04-26,2025-06-04
1616,Andrzej,Nowak,70000001616,700001616,andrzej.nowak.1616@mail.com,ABA001616,PL0001616,B,2030-04-27,2025-06-05
1617,Karolina,Wojcik,70000001617,700001617,karolina.wojcik.1617@mail.com,ABA001617,PL0001617,B+E,2030-04-28,2025-06-06
1618,Mateusz,Lewandowski,70000001618,700001618,mateusz.lewandowski.1618@mail.com,ABA001618,PL0001618,C,2030-04-29,2025-06-07
1619,Marta,Wozniak,70000001619,700001619,marta.wozniak.1619@mail.com,ABA001619,PL0001619,A,2030-04-30,2025-06-08
1620,Dawid,Nowak,70000001620,700001620,dawid.nowak.1620@mail.com,ABA001620,PL0001620,D,2030-05-01,2025-06-09
1621,Anna,Wojcik,70000001621,700001621,anna.wojcik.1621@mail.com,ABA001621,PL0001621,B,2030-05-02,2025-06-10
1622,Piotr,Lewandowski,70000001622,700001622,piotr.lewandowski.1622@mail.com,ABA001622,PL0001622,B+E,2030-05-03,2025-06-11
1623,Magdalena,Wozniak,70000001623,700001623,magdalena.wozniak.1623@mail.com,ABA001623,PL0001623,C,2030-05-04,2025-06-12
1624,Marek,Nowak,70000001624,700001624,marek.nowak.1624@mail.com,ABA001624,PL0001624,A,2030-05-05,2025-06-13
1625,Joanna,Wojcik,70000001625,700001625,joanna.wojcik.1625@mail.com,ABA001625,PL0001625,D,2030-05-06,2025-06-14
1626,Michal,Lewandowski,70000001626,700001626,michal.lewandowski.1626@mail.com,ABA001626,PL0001626,B,2030-05-07,2025-06-15
1627,Monika,Wozniak,70000001627,700001627,monika.wozniak.1627@mail.com,ABA001627,PL0001627,B+E,2030-05-08,2025-06-16
1628,Andrzej,Nowak,70000001628,700001628,andrzej.nowak.1628@mail.com,ABA001628,PL0001628,C,2030-05-09,2025-06-17
1629,Karolina,Wojcik,70000001629,700001629,karolina.wojcik.1629@mail.com,ABA001629,PL0001629,A,2030-05-10,2025-06-18
1630,Mateusz,Lewandowski,70000001630,700001630,mateusz.lewandowski.1630@mail.com,ABA001630,PL0001630,D,2030-05-11,2025-06-19
1631,Marta,Wozniak,70000001631,700001631,marta.wozniak.1631@mail.com,ABA001631,PL0001631,B,2030-05-12,2025-06-20
1632,Dawid,Nowak,70000001632,700001632,dawid.nowak.1632@mail.com,ABA001632,PL0001632,B+E,2030-05-13,2025-06-21
1633,Anna,Wojcik,70000001633,700001633,anna.wojcik.1633@mail.com,ABA001633,PL0001633,C,2030-05-14,2025-06-22
1634,Piotr,Lewandowski,70000001634,700001634,piotr.lewandowski.1634@mail.com,ABA001634,PL0001634,A,2030-05-15,2025-06-23
1635,Magdalena,Wozniak,70000001635,700001635,magdalena.wozniak.1635@mail.com,ABA001635,PL0001635,D,2030-05-16,2025-06-24
1636,Marek,Nowak,70000001636,700001636,marek.nowak.1636@mail.com,ABA001636,PL0001636,B,2030-05-17,2025-06-25
1637,Joanna,Wojcik,70000001637,700001637,joanna.wojcik.1637@mail.com,ABA001637,PL0001637,B+E,2030-05-18,2025-06-26
1638,Michal,Lewandowski,70000001638,700001638,michal.lewandowski.1638@mail.com,ABA001638,PL0001638,C,2030-05-19,2025-06-27
1639,Monika,Wozniak,70000001639,700001639,monika.wozniak.1639@mail.com,ABA001639,PL0001639,A,2030-05-20,2025-06-28
1640,Andrzej,Nowak,70000001640,700001640,andrzej.nowak.1640@mail.com,ABA001640,PL0001640,D,2030-05-21,2025-06-29
1641,Karolina,Wojcik,70000001641,700001641,karolina.wojcik.1641@mail.com,ABA001641,PL0001641,B,2030-05-22,2025-06-30
1642,Mateusz,Lewandowski,70000001642,700001642,mateusz.lewandowski.1642@mail.com,ABA001642,PL0001642,B+E,2030-05-23,2025-07-01
1643,Marta,Wozniak,70000001643,700001643,marta.wozniak.1643@mail.com,ABA001643,PL0001643,C,2030-05-24,2025-07-02
1644,Dawid,Nowak,70000001644,700001644,dawid.nowak.1644@mail.com,ABA001644,PL0001644,A,2030-05-25,2025-07-03
1645,Anna,Wojcik,70000001645,700001645,anna.wojcik.1645@mail.com,ABA001645,PL0001645,D,2030-05-26,2025-07-04
1646,Piotr,Lewandowski,70000001646,700001646,piotr.lewandowski.1646@mail.com,ABA001646,PL0001646,B,2030-05-27,2025-07-05
1647,Magdalena,Wozniak,70000001647,700001647,magdalena.wozniak.1647@mail.com,ABA001647,PL0001647,B+E,2030-05-28,2025-07-06
1648,Marek,Nowak,70000001648,700001648,marek.nowak.1648@mail.com,ABA001648,PL0001648,C,2030-05-29,2025-07-07
1649,Joanna,Wojcik,70000001649,700001649,joanna.wojcik.1649@mail.com,ABA001649,PL0001649,A,2030-05-30,2025-07-08
1650,Michal,Lewandowski,70000001650,700001650,michal.lewandowski.1650@mail.com,ABA001650,PL0001650,D,2030-05-31,2025-07-09
1651,Monika,Wozniak,70000001651,700001651,monika.wozniak.1651@mail.com,ABA001651,PL0001651,B,2030-06-01,2025-07-10
1652,Andrzej,Nowak,70000001652,700001652,andrzej.nowak.1652@mail.com,ABA001652,PL0001652,B+E,2030-06-02,2025-07-11
1653,Karolina,Wojcik,70000001653,700001653,karolina.wojcik.1653@mail.com,ABA001653,PL0001653,C,2030-06-03,2025-07-12
1654,Mateusz,Lewandowski,70000001654,700001654,mateusz.lewandowski.1654@mail.com,ABA001654,PL0001654,A,2030-06-04,2025-07-13
1655,Marta,Wozniak,70000001655,700001655,marta.wozniak.1655@mail.com,ABA001655,PL0001655,D,2030-06-05,2025-07-14
1656,Dawid,Nowak,70000001656,700001656,dawid.nowak.1656@mail.com,ABA001656,PL0001656,B,2030-06-06,2025-07-15
1657,Anna,Wojcik,70000001657,700001657,anna.wojcik.1657@mail.com,ABA001657,PL0001657,B+E,2030-06-07,2025-07-16
1658,Piotr,Lewandowski,70000001658,700001658,piotr.lewandowski.1658@mail.com,ABA001658,PL0001658,C,2030-06-08,2025-07-17
1659,Magdalena,Wozniak,70000001659,700001659,magdalena.wozniak.1659@mail.com,ABA001659,PL0001659,A,2030-06-09,2025-07-18
1660,Marek,Nowak,70000001660,700001660,marek.nowak.1660@mail.com,ABA001660,PL0001660,D,2030-06-10,2025-07-19
1661,Joanna,Wojcik,70000001661,700001661,joanna.wojcik.1661@mail.com,ABA001661,PL0001661,B,2030-06-11,2025-07-20
1662,Michal,Lewandowski,70000001662,700001662,michal.lewandowski.1662@mail.com,ABA001662,PL0001662,B+E,2030-06-12,2025-07-21
1663,Monika,Wozniak,70000001663,700001663,monika.wozniak.1663@mail.com,ABA001663,PL0001663,C,2030-06-13,2025-07-22
1664,Andrzej,Nowak,70000001664,700001664,andrzej.nowak.1664@mail.com,ABA001664,PL0001664,A,2030-06-14,2025-07-23
1665,Karolina,Wojcik,70000001665,700001665,karolina.wojcik.1665@mail.com,ABA001665,PL0001665,D,2030-06-15,2025-07-24
1666,Mateusz,Lewandowski,70000001666,700001666,mateusz.lewandowski.1666@mail.com,ABA001666,PL0001666,B,2030-06-16,2025-07-25
1667,Marta,Wozniak,70000001667,700001667,marta.wozniak.1667@mail.com,ABA001667,PL0001667,B+E,2030-06-17,2025-07-26
1668,Dawid,Nowak,70000001668,700001668,dawid.nowak.1668@mail.com,ABA001668,PL0001668,C,2030-06-18,2025-07-27
1669,Anna,Wojcik,70000001669,700001669,anna.wojcik.1669@mail.com,ABA001669,PL0001669,A,2030-06-19,2025-07-28
1670,Piotr,Lewandowski,70000001670,700001670,piotr.lewandowski.1670@mail.com,ABA001670,PL0001670,D,2030-06-20,2025-07-29
1671,Magdalena,Wozniak,70000001671,700001671,magdalena.wozniak.1671@mail.com,ABA001671,PL0001671,B,2030-06-21,2025-07-30
1672,Marek,Nowak,70000001672,700001672,marek.nowak.1672@mail.com,ABA001672,PL0001672,B+E,2030-06-22,2025-07-31
1673,Joanna,Wojcik,70000001673,700001673,joanna.wojcik.1673@mail.com,ABA001673,PL0001673,C,2030-06-23,2025-08-01
1674,Michal,Lewandowski,70000001674,700001674,michal.lewandowski.1674@mail.com,ABA001674,PL0001674,A,2030-06-24,2025-08-02
1675,Monika,Wozniak,70000001675,700001675,monika.wozniak.1675@mail.com,ABA001675,PL0001675,D,2030-06-25,2025-08-03
1676,Andrzej,Nowak,70000001676,700001676,andrzej.nowak.1676@mail.com,ABA001676,PL0001676,B,2030-06-26,2025-08-04
1677,Karolina,Wojcik,70000001677,700001677,karolina.wojcik.1677@mail.com,ABA001677,PL0001677,B+E,2030-06-27,2025-08-05
1678,Mateusz,Lewandowski,70000001678,700001678,mateusz.lewandowski.1678@mail.com,ABA001678,PL0001678,C,2030-06-28,2025-08-06
1679,Marta,Wozniak,70000001679,700001679,marta.wozniak.1679@mail.com,ABA001679,PL0001679,A,2030-06-29,2025-08-07
1680,Dawid,Nowak,70000001680,700001680,dawid.nowak.1680@mail.com,ABA001680,PL0001680,D,2030-06-30,2025-08-08
1681,Anna,Wojcik,70000001681,700001681,anna.wojcik.1681@mail.com,ABA001681,PL0001681,B,2030-07-01,2025-08-09
1682,Piotr,Lewandowski,70000001682,700001682,piotr.lewandowski.1682@mail.com,ABA001682,PL0001682,B+E,2030-07-02,2025-08-10
1683,Magdalena,Wozniak,70000001683,700001683,magdalena.wozniak.1683@mail.com,ABA001683,PL0001683,C,2030-07-03,2025-08-11
1684,Marek,Nowak,70000001684,700001684,marek.nowak.1684@mail.com,ABA001684,PL0001684,A,2030-07-04,2025-08-12
1685,Joanna,Wojcik,70000001685,700001685,joanna.wojcik.1685@mail.com,ABA001685,PL0001685,D,2030-07-05,2025-08-13
1686,Michal,Lewandowski,70000001686,700001686,michal.lewandowski.1686@mail.com,ABA001686,PL0001686,B,2030-07-06,2025-08-14
1687,Monika,Wozniak,70000001687,700001687,monika.wozniak.1687@mail.com,ABA001687,PL0001687,B+E,2030-07-07,2025-08-15
1688,Andrzej,Nowak,70000001688,700001688,andrzej.nowak.1688@mail.com,ABA001688,PL0001688,C,2030-07-08,2025-08-16
1689,Karolina,Wojcik,70000001689,700001689,karolina.wojcik.1689@mail.com,ABA001689,PL0001689,A,2030-07-09,2025-08-17
1690,Mateusz,Lewandowski,70000001690,700001690,mateusz.lewandowski.1690@mail.com,ABA001690,PL0001690,D,2030-07-10,2025-08-18
1691,Marta,Wozniak,70000001691,700001691,marta.wozniak.1691@mail.com,ABA001691,PL0001691,B,2030-07-11,2025-08-19
1692,Dawid,Nowak,70000001692,700001692,dawid.nowak.1692@mail.com,ABA001692,PL0001692,B+E,2030-07-12,2025-08-20
1693,Anna,Wojcik,70000001693,700001693,anna.wojcik.1693@mail.com,ABA001693,PL0001693,C,2030-07-13,2025-08-21
1694,Piotr,Lewandowski,70000001694,700001694,piotr.lewandowski.1694@mail.com,ABA001694,PL0001694,A,2030-07-14,2025-08-22
1695,Magdalena,Wozniak,70000001695,700001695,magdalena.wozniak.1695@mail.com,ABA001695,PL0001695,D,2030-07-15,2025-08-23
1696,Marek,Nowak,70000001696,700001696,marek.nowak.1696@mail.com,ABA001696,PL0001696,B,2030-07-16,2025-08-24
1697,Joanna,Wojcik,70000001697,700001697,joanna.wojcik.1697@mail.com,ABA001697,PL0001697,B+E,2030-07-17,2025-08-25
1698,Michal,Lewandowski,70000001698,700001698,michal.lewandowski.1698@mail.com,ABA001698,PL0001698,C,2030-07-18,2025-08-26
1699,Monika,Wozniak,70000001699,700001699,monika.wozniak.1699@mail.com,ABA001699,PL0001699,A,2030-07-19,2025-08-27
1700,Andrzej,Nowak,70000001700,700001700,andrzej.nowak.1700@mail.com,ABA001700,PL0001700,D,2030-07-20,2025-08-28
1701,Karolina,Wojcik,70000001701,700001701,karolina.wojcik.1701@mail.com,ABA001701,PL0001701,B,2030-07-21,2025-08-29
1702,Mateusz,Lewandowski,70000001702,700001702,mateusz.lewandowski.1702@mail.com,ABA001702,PL0001702,B+E,2030-07-22,2025-08-30
1703,Marta,Wozniak,70000001703,700001703,marta.wozniak.1703@mail.com,ABA001703,PL0001703,C,2030-07-23,2025-08-31
1704,Dawid,Nowak,70000001704,700001704,dawid.nowak.1704@mail.com,ABA001704,PL0001704,A,2030-07-24,2025-09-01
1705,Anna,Wojcik,70000001705,700001705,anna.wojcik.1705@mail.com,ABA001705,PL0001705,D,2030-07-25,2025-09-02
1706,Piotr,Lewandowski,70000001706,700001706,piotr.lewandowski.1706@mail.com,ABA001706,PL0001706,B,2030-07-26,2025-09-03
1707,Magdalena,Wozniak,70000001707,700001707,magdalena.wozniak.1707@mail.com,ABA001707,PL0001707,B+E,2030-07-27,2025-09-04
1708,Marek,Nowak,70000001708,700001708,marek.nowak.1708@mail.com,ABA001708,PL0001708,C,2030-07-28,2025-09-05
1709,Joanna,Wojcik,70000001709,700001709,joanna.wojcik.1709@mail.com,ABA001709,PL0001709,A,2030-07-29,2025-09-06
1710,Michal,Lewandowski,70000001710,700001710,michal.lewandowski.1710@mail.com,ABA001710,PL0001710,D,2030-07-30,2025-09-07
1711,Monika,Wozniak,70000001711,700001711,monika.wozniak.1711@mail.com,ABA001711,PL0001711,B,2030-07-31,2025-09-08
1712,Andrzej,Nowak,70000001712,700001712,andrzej.nowak.1712@mail.com,ABA001712,PL0001712,B+E,2030-08-01,2025-09-09
1713,Karolina,Wojcik,70000001713,700001713,karolina.wojcik.1713@mail.com,ABA001713,PL0001713,C,2030-08-02,2025-09-10
1714,Mateusz,Lewandowski,70000001714,700001714,mateusz.lewandowski.1714@mail.com,ABA001714,PL0001714,A,2030-08-03,2025-09-11
1715,Marta,Wozniak,70000001715,700001715,marta.wozniak.1715@mail.com,ABA001715,PL0001715,D,2030-08-04,2025-09-12
1716,Dawid,Nowak,70000001716,700001716,dawid.nowak.1716@mail.com,ABA001716,PL0001716,B,2030-08-05,2025-09-13
1717,Anna,Wojcik,70000001717,700001717,anna.wojcik.1717@mail.com,ABA001717,PL0001717,B+E,2030-08-06,2025-09-14
1718,Piotr,Lewandowski,70000001718,700001718,piotr.lewandowski.1718@mail.com,ABA001718,PL0001718,C,2030-08-07,2025-09-15
1719,Magdalena,Wozniak,70000001719,700001719,magdalena.wozniak.1719@mail.com,ABA001719,PL0001719,A,2030-08-08,2025-09-16
1720,Marek,Nowak,70000001720,700001720,marek.nowak.1720@mail.com,ABA001720,PL0001720,D,2030-08-09,2025-09-17
1721,Joanna,Wojcik,70000001721,700001721,joanna.wojcik.1721@mail.com,ABA001721,PL0001721,B,2030-08-10,2025-09-18
1722,Michal,Lewandowski,70000001722,700001722,michal.lewandowski.1722@mail.com,ABA001722,PL0001722,B+E,2030-08-11,2025-09-19
1723,Monika,Wozniak,70000001723,700001723,monika.wozniak.1723@mail.com,ABA001723,PL0001723,C,2030-08-12,2025-09-20
1724,Andrzej,Nowak,70000001724,700001724,andrzej.nowak.1724@mail.com,ABA001724,PL0001724,A,2030-08-13,2025-09-21
1725,Karolina,Wojcik,70000001725,700001725,karolina.wojcik.1725@mail.com,ABA001725,PL0001725,D,2030-08-14,2025-09-22
1726,Mateusz,Lewandowski,70000001726,700001726,mateusz.lewandowski.1726@mail.com,ABA001726,PL0001726,B,2030-08-15,2025-09-23
1727,Marta,Wozniak,70000001727,700001727,marta.wozniak.1727@mail.com,ABA001727,PL0001727,B+E,2030-08-16,2025-09-24
1728,Dawid,Nowak,70000001728,700001728,dawid.nowak.1728@mail.com,ABA001728,PL0001728,C,2030-08-17,2025-09-25
1729,Anna,Wojcik,70000001729,700001729,anna.wojcik.1729@mail.com,ABA001729,PL0001729,A,2030-08-18,2025-09-26
1730,Piotr,Lewandowski,70000001730,700001730,piotr.lewandowski.1730@mail.com,ABA001730,PL0001730,D,2030-08-19,2025-09-27
1731,Magdalena,Wozniak,70000001731,700001731,magdalena.wozniak.1731@mail.com,ABA001731,PL0001731,B,2030-08-20,2025-09-28
1732,Marek,Nowak,70000001732,700001732,marek.nowak.1732@mail.com,ABA001732,PL0001732,B+E,2030-08-21,2025-09-29
1733,Joanna,Wojcik,70000001733,700001733,joanna.wojcik.1733@mail.com,ABA001733,PL0001733,C,2030-08-22,2025-09-30
1734,Michal,Lewandowski,70000001734,700001734,michal.lewandowski.1734@mail.com,ABA001734,PL0001734,A,2030-08-23,2025-10-01
1735,Monika,Wozniak,70000001735,700001735,monika.wozniak.1735@mail.com,ABA001735,PL0001735,D,2030-08-24,2025-10-02
1736,Andrzej,Nowak,70000001736,700001736,andrzej.nowak.1736@mail.com,ABA001736,PL0001736,B,2030-08-25,2025-10-03
1737,Karolina,Wojcik,70000001737,700001737,karolina.wojcik.1737@mail.com,ABA001737,PL0001737,B+E,2030-08-26,2025-10-04
1738,Mateusz,Lewandowski,70000001738,700001738,mateusz.lewandowski.1738@mail.com,ABA001738,PL0001738,C,2030-08-27,2025-10-05
1739,Marta,Wozniak,70000001739,700001739,marta.wozniak.1739@mail.com,ABA001739,PL0001739,A,2030-08-28,2025-10-06
1740,Dawid,Nowak,70000001740,700001740,dawid.nowak.1740@mail.com,ABA001740,PL0001740,D,2030-08-29,2025-10-07
1741,Anna,Wojcik,70000001741,700001741,anna.wojcik.1741@mail.com,ABA001741,PL0001741,B,2030-08-30,2025-10-08
1742,Piotr,Lewandowski,70000001742,700001742,piotr.lewandowski.1742@mail.com,ABA001742,PL0001742,B+E,2030-08-31,2025-10-09
1743,Magdalena,Wozniak,70000001743,700001743,magdalena.wozniak.1743@mail.com,ABA001743,PL0001743,C,2030-09-01,2025-10-10
1744,Marek,Nowak,70000001744,700001744,marek.nowak.1744@mail.com,ABA001744,PL0001744,A,2030-09-02,2025-10-11
1745,Joanna,Wojcik,70000001745,700001745,joanna.wojcik.1745@mail.com,ABA001745,PL0001745,D,2030-09-03,2025-10-12
1746,Michal,Lewandowski,70000001746,700001746,michal.lewandowski.1746@mail.com,ABA001746,PL0001746,B,2030-09-04,2025-10-13
1747,Monika,Wozniak,70000001747,700001747,monika.wozniak.1747@mail.com,ABA001747,PL0001747,B+E,2030-09-05,2025-10-14
1748,Andrzej,Nowak,70000001748,700001748,andrzej.nowak.1748@mail.com,ABA001748,PL0001748,C,2030-09-06,2025-10-15
1749,Karolina,Wojcik,70000001749,700001749,karolina.wojcik.1749@mail.com,ABA001749,PL0001749,A,2030-09-07,2025-10-16
1750,Mateusz,Lewandowski,70000001750,700001750,mateusz.lewandowski.1750@mail.com,ABA001750,PL0001750,D,2030-09-08,2025-10-17
1751,Marta,Wozniak,70000001751,700001751,marta.wozniak.1751@mail.com,ABA001751,PL0001751,B,2030-09-09,2025-10-18
1752,Dawid,Nowak,70000001752,700001752,dawid.nowak.1752@mail.com,ABA001752,PL0001752,B+E,2030-09-10,2025-10-19
1753,Anna,Wojcik,70000001753,700001753,anna.wojcik.1753@mail.com,ABA001753,PL0001753,C,2030-09-11,2025-10-20
1754,Piotr,Lewandowski,70000001754,700001754,piotr.lewandowski.1754@mail.com,ABA001754,PL0001754,A,2030-09-12,2025-10-21
1755,Magdalena,Wozniak,70000001755,700001755,magdalena.wozniak.1755@mail.com,ABA001755,PL0001755,D,2030-09-13,2025-10-22
1756,Marek,Nowak,70000001756,700001756,marek.nowak.1756@mail.com,ABA001756,PL0001756,B,2030-09-14,2025-10-23
1757,Joanna,Wojcik,70000001757,700001757,joanna.wojcik.1757@mail.com,ABA001757,PL0001757,B+E,2030-09-15,2025-10-24
1758,Michal,Lewandowski,70000001758,700001758,michal.lewandowski.1758@mail.com,ABA001758,PL0001758,C,2030-09-16,2025-10-25
1759,Monika,Wozniak,70000001759,700001759,monika.wozniak.1759@mail.com,ABA001759,PL0001759,A,2030-09-17,2025-10-26
1760,Andrzej,Nowak,70000001760,700001760,andrzej.nowak.1760@mail.com,ABA001760,PL0001760,D,2030-09-18,2025-10-27
1761,Karolina,Wojcik,70000001761,700001761,karolina.wojcik.1761@mail.com,ABA001761,PL0001761,B,2030-09-19,2025-10-28
1762,Mateusz,Lewandowski,70000001762,700001762,mateusz.lewandowski.1762@mail.com,ABA001762,PL0001762,B+E,2030-09-20,2025-10-29
1763,Marta,Wozniak,70000001763,700001763,marta.wozniak.1763@mail.com,ABA001763,PL0001763,C,2030-09-21,2025-10-30
1764,Dawid,Nowak,70000001764,700001764,dawid.nowak.1764@mail.com,ABA001764,PL0001764,A,2030-09-22,2025-10-31
1765,Anna,Wojcik,70000001765,700001765,anna.wojcik.1765@mail.com,ABA001765,PL0001765,D,2030-09-23,2025-11-01
1766,Piotr,Lewandowski,70000001766,700001766,piotr.lewandowski.1766@mail.com,ABA001766,PL0001766,B,2030-09-24,2025-11-02
1767,Magdalena,Wozniak,70000001767,700001767,magdalena.wozniak.1767@mail.com,ABA001767,PL0001767,B+E,2030-09-25,2025-11-03
1768,Marek,Nowak,70000001768,700001768,marek.nowak.1768@mail.com,ABA001768,PL0001768,C,2030-09-26,2025-11-04
1769,Joanna,Wojcik,70000001769,700001769,joanna.wojcik.1769@mail.com,ABA001769,PL0001769,A,2030-09-27,2025-11-05
1770,Michal,Lewandowski,70000001770,700001770,michal.lewandowski.1770@mail.com,ABA001770,PL0001770,D,2030-09-28,2025-11-06
1771,Monika,Wozniak,70000001771,700001771,monika.wozniak.1771@mail.com,ABA001771,PL0001771,B,2030-09-29,2025-11-07
1772,Andrzej,Nowak,70000001772,700001772,andrzej.nowak.1772@mail.com,ABA001772,PL0001772,B+E,2030-09-30,2025-11-08
1773,Karolina,Wojcik,70000001773,700001773,karolina.wojcik.1773@mail.com,ABA001773,PL0001773,C,2030-10-01,2025-11-09
1774,Mateusz,Lewandowski,70000001774,700001774,mateusz.lewandowski.1774@mail.com,ABA001774,PL0001774,A,2030-10-02,2025-11-10
1775,Marta,Wozniak,70000001775,700001775,marta.wozniak.1775@mail.com,ABA001775,PL0001775,D,2030-10-03,2025-11-11
1776,Dawid,Nowak,70000001776,700001776,dawid.nowak.1776@mail.com,ABA001776,PL0001776,B,2030-10-04,2025-11-12
1777,Anna,Wojcik,70000001777,700001777,anna.wojcik.1777@mail.com,ABA001777,PL0001777,B+E,2030-10-05,2025-11-13
1778,Piotr,Lewandowski,70000001778,700001778,piotr.lewandowski.1778@mail.com,ABA001778,PL0001778,C,2030-10-06,2025-11-14
1779,Magdalena,Wozniak,70000001779,700001779,magdalena.wozniak.1779@mail.com,ABA001779,PL0001779,A,2030-10-07,2025-11-15
1780,Marek,Nowak,70000001780,700001780,marek.nowak.1780@mail.com,ABA001780,PL0001780,D,2030-10-08,2025-11-16
1781,Joanna,Wojcik,70000001781,700001781,joanna.wojcik.1781@mail.com,ABA001781,PL0001781,B,2030-10-09,2025-11-17
1782,Michal,Lewandowski,70000001782,700001782,michal.lewandowski.1782@mail.com,ABA001782,PL0001782,B+E,2030-10-10,2025-11-18
1783,Monika,Wozniak,70000001783,700001783,monika.wozniak.1783@mail.com,ABA001783,PL0001783,C,2030-10-11,2025-11-19
1784,Andrzej,Nowak,70000001784,700001784,andrzej.nowak.1784@mail.com,ABA001784,PL0001784,A,2030-10-12,2025-11-20
1785,Karolina,Wojcik,70000001785,700001785,karolina.wojcik.1785@mail.com,ABA001785,PL0001785,D,2030-10-13,2025-11-21
1786,Mateusz,Lewandowski,70000001786,700001786,mateusz.lewandowski.1786@mail.com,ABA001786,PL0001786,B,2030-10-14,2025-11-22
1787,Marta,Wozniak,70000001787,700001787,marta.wozniak.1787@mail.com,ABA001787,PL0001787,B+E,2030-10-15,2025-11-23
1788,Dawid,Nowak,70000001788,700001788,dawid.nowak.1788@mail.com,ABA001788,PL0001788,C,2030-10-16,2025-11-24
1789,Anna,Wojcik,70000001789,700001789,anna.wojcik.1789@mail.com,ABA001789,PL0001789,A,2030-10-17,2025-11-25
1790,Piotr,Lewandowski,70000001790,700001790,piotr.lewandowski.1790@mail.com,ABA001790,PL0001790,D,2030-10-18,2025-11-26
1791,Magdalena,Wozniak,70000001791,700001791,magdalena.wozniak.1791@mail.com,ABA001791,PL0001791,B,2030-10-19,2025-11-27
1792,Marek,Nowak,70000001792,700001792,marek.nowak.1792@mail.com,ABA001792,PL0001792,B+E,2030-10-20,2025-11-28
1793,Joanna,Wojcik,70000001793,700001793,joanna.wojcik.1793@mail.com,ABA001793,PL0001793,C,2030-10-21,2025-11-29
1794,Michal,Lewandowski,70000001794,700001794,michal.lewandowski.1794@mail.com,ABA001794,PL0001794,A,2030-10-22,2025-11-30
1795,Monika,Wozniak,70000001795,700001795,monika.wozniak.1795@mail.com,ABA001795,PL0001795,D,2030-10-23,2025-12-01
1796,Andrzej,Nowak,70000001796,700001796,andrzej.nowak.1796@mail.com,ABA001796,PL0001796,B,2030-10-24,2025-12-02
1797,Karolina,Wojcik,70000001797,700001797,karolina.wojcik.1797@mail.com,ABA001797,PL0001797,B+E,2030-10-25,2025-12-03
1798,Mateusz,Lewandowski,70000001798,700001798,mateusz.lewandowski.1798@mail.com,ABA001798,PL0001798,C,2030-10-26,2025-12-04
1799,Marta,Wozniak,70000001799,700001799,marta.wozniak.1799@mail.com,ABA001799,PL0001799,A,2030-10-27,2025-12-05
1800,Dawid,Nowak,70000001800,700001800,dawid.nowak.1800@mail.com,ABA001800,PL0001800,D,2030-10-28,2021-01-01
1801,Anna,Wojcik,70000001801,700001801,anna.wojcik.1801@mail.com,ABA001801,PL0001801,B,2030-10-29,2021-01-02
1802,Piotr,Lewandowski,70000001802,700001802,piotr.lewandowski.1802@mail.com,ABA001802,PL0001802,B+E,2030-10-30,2021-01-03
1803,Magdalena,Wozniak,70000001803,700001803,magdalena.wozniak.1803@mail.com,ABA001803,PL0001803,C,2030-10-31,2021-01-04
1804,Marek,Nowak,70000001804,700001804,marek.nowak.1804@mail.com,ABA001804,PL0001804,A,2030-11-01,2021-01-05
1805,Joanna,Wojcik,70000001805,700001805,joanna.wojcik.1805@mail.com,ABA001805,PL0001805,D,2030-11-02,2021-01-06
1806,Michal,Lewandowski,70000001806,700001806,michal.lewandowski.1806@mail.com,ABA001806,PL0001806,B,2030-11-03,2021-01-07
1807,Monika,Wozniak,70000001807,700001807,monika.wozniak.1807@mail.com,ABA001807,PL0001807,B+E,2030-11-04,2021-01-08
1808,Andrzej,Nowak,70000001808,700001808,andrzej.nowak.1808@mail.com,ABA001808,PL0001808,C,2030-11-05,2021-01-09
1809,Karolina,Wojcik,70000001809,700001809,karolina.wojcik.1809@mail.com,ABA001809,PL0001809,A,2030-11-06,2021-01-10
1810,Mateusz,Lewandowski,70000001810,700001810,mateusz.lewandowski.1810@mail.com,ABA001810,PL0001810,D,2030-11-07,2021-01-11
1811,Marta,Wozniak,70000001811,700001811,marta.wozniak.1811@mail.com,ABA001811,PL0001811,B,2030-11-08,2021-01-12
1812,Dawid,Nowak,70000001812,700001812,dawid.nowak.1812@mail.com,ABA001812,PL0001812,B+E,2030-11-09,2021-01-13
1813,Anna,Wojcik,70000001813,700001813,anna.wojcik.1813@mail.com,ABA001813,PL0001813,C,2030-11-10,2021-01-14
1814,Piotr,Lewandowski,70000001814,700001814,piotr.lewandowski.1814@mail.com,ABA001814,PL0001814,A,2030-11-11,2021-01-15
1815,Magdalena,Wozniak,70000001815,700001815,magdalena.wozniak.1815@mail.com,ABA001815,PL0001815,D,2030-11-12,2021-01-16
1816,Marek,Nowak,70000001816,700001816,marek.nowak.1816@mail.com,ABA001816,PL0001816,B,2030-11-13,2021-01-17
1817,Joanna,Wojcik,70000001817,700001817,joanna.wojcik.1817@mail.com,ABA001817,PL0001817,B+E,2030-11-14,2021-01-18
1818,Michal,Lewandowski,70000001818,700001818,michal.lewandowski.1818@mail.com,ABA001818,PL0001818,C,2030-11-15,2021-01-19
1819,Monika,Wozniak,70000001819,700001819,monika.wozniak.1819@mail.com,ABA001819,PL0001819,A,2030-11-16,2021-01-20
1820,Andrzej,Nowak,70000001820,700001820,andrzej.nowak.1820@mail.com,ABA001820,PL0001820,D,2030-11-17,2021-01-21
1821,Karolina,Wojcik,70000001821,700001821,karolina.wojcik.1821@mail.com,ABA001821,PL0001821,B,2030-11-18,2021-01-22
1822,Mateusz,Lewandowski,70000001822,700001822,mateusz.lewandowski.1822@mail.com,ABA001822,PL0001822,B+E,2030-11-19,2021-01-23
1823,Marta,Wozniak,70000001823,700001823,marta.wozniak.1823@mail.com,ABA001823,PL0001823,C,2030-11-20,2021-01-24
1824,Dawid,Nowak,70000001824,700001824,dawid.nowak.1824@mail.com,ABA001824,PL0001824,A,2030-11-21,2021-01-25
1825,Anna,Wojcik,70000001825,700001825,anna.wojcik.1825@mail.com,ABA001825,PL0001825,D,2030-11-22,2021-01-26
1826,Piotr,Lewandowski,70000001826,700001826,piotr.lewandowski.1826@mail.com,ABA001826,PL0001826,B,2030-11-23,2021-01-27
1827,Magdalena,Wozniak,70000001827,700001827,magdalena.wozniak.1827@mail.com,ABA001827,PL0001827,B+E,2030-11-24,2021-01-28
1828,Marek,Nowak,70000001828,700001828,marek.nowak.1828@mail.com,ABA001828,PL0001828,C,2030-11-25,2021-01-29
1829,Joanna,Wojcik,70000001829,700001829,joanna.wojcik.1829@mail.com,ABA001829,PL0001829,A,2030-11-26,2021-01-30
1830,Michal,Lewandowski,70000001830,700001830,michal.lewandowski.1830@mail.com,ABA001830,PL0001830,D,2030-11-27,2021-01-31
1831,Monika,Wozniak,70000001831,700001831,monika.wozniak.1831@mail.com,ABA001831,PL0001831,B,2030-11-28,2021-02-01
1832,Andrzej,Nowak,70000001832,700001832,andrzej.nowak.1832@mail.com,ABA001832,PL0001832,B+E,2030-11-29,2021-02-02
1833,Karolina,Wojcik,70000001833,700001833,karolina.wojcik.1833@mail.com,ABA001833,PL0001833,C,2030-11-30,2021-02-03
1834,Mateusz,Lewandowski,70000001834,700001834,mateusz.lewandowski.1834@mail.com,ABA001834,PL0001834,A,2030-12-01,2021-02-04
1835,Marta,Wozniak,70000001835,700001835,marta.wozniak.1835@mail.com,ABA001835,PL0001835,D,2030-12-02,2021-02-05
1836,Dawid,Nowak,70000001836,700001836,dawid.nowak.1836@mail.com,ABA001836,PL0001836,B,2030-12-03,2021-02-06
1837,Anna,Wojcik,70000001837,700001837,anna.wojcik.1837@mail.com,ABA001837,PL0001837,B+E,2030-12-04,2021-02-07
1838,Piotr,Lewandowski,70000001838,700001838,piotr.lewandowski.1838@mail.com,ABA001838,PL0001838,C,2030-12-05,2021-02-08
1839,Magdalena,Wozniak,70000001839,700001839,magdalena.wozniak.1839@mail.com,ABA001839,PL0001839,A,2030-12-06,2021-02-09
1840,Marek,Nowak,70000001840,700001840,marek.nowak.1840@mail.com,ABA001840,PL0001840,D,2030-12-07,2021-02-10
1841,Joanna,Wojcik,70000001841,700001841,joanna.wojcik.1841@mail.com,ABA001841,PL0001841,B,2030-12-08,2021-02-11
1842,Michal,Lewandowski,70000001842,700001842,michal.lewandowski.1842@mail.com,ABA001842,PL0001842,B+E,2030-12-09,2021-02-12
1843,Monika,Wozniak,70000001843,700001843,monika.wozniak.1843@mail.com,ABA001843,PL0001843,C,2030-12-10,2021-02-13
1844,Andrzej,Nowak,70000001844,700001844,andrzej.nowak.1844@mail.com,ABA001844,PL0001844,A,2030-12-11,2021-02-14
1845,Karolina,Wojcik,70000001845,700001845,karolina.wojcik.1845@mail.com,ABA001845,PL0001845,D,2030-12-12,2021-02-15
1846,Mateusz,Lewandowski,70000001846,700001846,mateusz.lewandowski.1846@mail.com,ABA001846,PL0001846,B,2030-12-13,2021-02-16
1847,Marta,Wozniak,70000001847,700001847,marta.wozniak.1847@mail.com,ABA001847,PL0001847,B+E,2030-12-14,2021-02-17
1848,Dawid,Nowak,70000001848,700001848,dawid.nowak.1848@mail.com,ABA001848,PL0001848,C,2030-12-15,2021-02-18
1849,Anna,Wojcik,70000001849,700001849,anna.wojcik.1849@mail.com,ABA001849,PL0001849,A,2030-12-16,2021-02-19
1850,Piotr,Lewandowski,70000001850,700001850,piotr.lewandowski.1850@mail.com,ABA001850,PL0001850,D,2030-12-17,2021-02-20
1851,Magdalena,Wozniak,70000001851,700001851,magdalena.wozniak.1851@mail.com,ABA001851,PL0001851,B,2030-12-18,2021-02-21
1852,Marek,Nowak,70000001852,700001852,marek.nowak.1852@mail.com,ABA001852,PL0001852,B+E,2030-12-19,2021-02-22
1853,Joanna,Wojcik,70000001853,700001853,joanna.wojcik.1853@mail.com,ABA001853,PL0001853,C,2030-12-20,2021-02-23
1854,Michal,Lewandowski,70000001854,700001854,michal.lewandowski.1854@mail.com,ABA001854,PL0001854,A,2030-12-21,2021-02-24
1855,Monika,Wozniak,70000001855,700001855,monika.wozniak.1855@mail.com,ABA001855,PL0001855,D,2030-12-22,2021-02-25
1856,Andrzej,Nowak,70000001856,700001856,andrzej.nowak.1856@mail.com,ABA001856,PL0001856,B,2030-12-23,2021-02-26
1857,Karolina,Wojcik,70000001857,700001857,karolina.wojcik.1857@mail.com,ABA001857,PL0001857,B+E,2030-12-24,2021-02-27
1858,Mateusz,Lewandowski,70000001858,700001858,mateusz.lewandowski.1858@mail.com,ABA001858,PL0001858,C,2030-12-25,2021-02-28
1859,Marta,Wozniak,70000001859,700001859,marta.wozniak.1859@mail.com,ABA001859,PL0001859,A,2030-12-26,2021-03-01
1860,Dawid,Nowak,70000001860,700001860,dawid.nowak.1860@mail.com,ABA001860,PL0001860,D,2030-12-27,2021-03-02
1861,Anna,Wojcik,70000001861,700001861,anna.wojcik.1861@mail.com,ABA001861,PL0001861,B,2030-12-28,2021-03-03
1862,Piotr,Lewandowski,70000001862,700001862,piotr.lewandowski.1862@mail.com,ABA001862,PL0001862,B+E,2030-12-29,2021-03-04
1863,Magdalena,Wozniak,70000001863,700001863,magdalena.wozniak.1863@mail.com,ABA001863,PL0001863,C,2030-12-30,2021-03-05
1864,Marek,Nowak,70000001864,700001864,marek.nowak.1864@mail.com,ABA001864,PL0001864,A,2030-12-31,2021-03-06
1865,Joanna,Wojcik,70000001865,700001865,joanna.wojcik.1865@mail.com,ABA001865,PL0001865,D,2031-01-01,2021-03-07
1866,Michal,Lewandowski,70000001866,700001866,michal.lewandowski.1866@mail.com,ABA001866,PL0001866,B,2031-01-02,2021-03-08
1867,Monika,Wozniak,70000001867,700001867,monika.wozniak.1867@mail.com,ABA001867,PL0001867,B+E,2031-01-03,2021-03-09
1868,Andrzej,Nowak,70000001868,700001868,andrzej.nowak.1868@mail.com,ABA001868,PL0001868,C,2031-01-04,2021-03-10
1869,Karolina,Wojcik,70000001869,700001869,karolina.wojcik.1869@mail.com,ABA001869,PL0001869,A,2031-01-05,2021-03-11
1870,Mateusz,Lewandowski,70000001870,700001870,mateusz.lewandowski.1870@mail.com,ABA001870,PL0001870,D,2031-01-06,2021-03-12
1871,Marta,Wozniak,70000001871,700001871,marta.wozniak.1871@mail.com,ABA001871,PL0001871,B,2031-01-07,2021-03-13
1872,Dawid,Nowak,70000001872,700001872,dawid.nowak.1872@mail.com,ABA001872,PL0001872,B+E,2031-01-08,2021-03-14
1873,Anna,Wojcik,70000001873,700001873,anna.wojcik.1873@mail.com,ABA001873,PL0001873,C,2031-01-09,2021-03-15
1874,Piotr,Lewandowski,70000001874,700001874,piotr.lewandowski.1874@mail.com,ABA001874,PL0001874,A,2031-01-10,2021-03-16
1875,Magdalena,Wozniak,70000001875,700001875,magdalena.wozniak.1875@mail.com,ABA001875,PL0001875,D,2031-01-11,2021-03-17
1876,Marek,Nowak,70000001876,700001876,marek.nowak.1876@mail.com,ABA001876,PL0001876,B,2031-01-12,2021-03-18
1877,Joanna,Wojcik,70000001877,700001877,joanna.wojcik.1877@mail.com,ABA001877,PL0001877,B+E,2031-01-13,2021-03-19
1878,Michal,Lewandowski,70000001878,700001878,michal.lewandowski.1878@mail.com,ABA001878,PL0001878,C,2031-01-14,2021-03-20
1879,Monika,Wozniak,70000001879,700001879,monika.wozniak.1879@mail.com,ABA001879,PL0001879,A,2031-01-15,2021-03-21
1880,Andrzej,Nowak,70000001880,700001880,andrzej.nowak.1880@mail.com,ABA001880,PL0001880,D,2031-01-16,2021-03-22
1881,Karolina,Wojcik,70000001881,700001881,karolina.wojcik.1881@mail.com,ABA001881,PL0001881,B,2031-01-17,2021-03-23
1882,Mateusz,Lewandowski,70000001882,700001882,mateusz.lewandowski.1882@mail.com,ABA001882,PL0001882,B+E,2031-01-18,2021-03-24
1883,Marta,Wozniak,70000001883,700001883,marta.wozniak.1883@mail.com,ABA001883,PL0001883,C,2031-01-19,2021-03-25
1884,Dawid,Nowak,70000001884,700001884,dawid.nowak.1884@mail.com,ABA001884,PL0001884,A,2031-01-20,2021-03-26
1885,Anna,Wojcik,70000001885,700001885,anna.wojcik.1885@mail.com,ABA001885,PL0001885,D,2031-01-21,2021-03-27
1886,Piotr,Lewandowski,70000001886,700001886,piotr.lewandowski.1886@mail.com,ABA001886,PL0001886,B,2031-01-22,2021-03-28
1887,Magdalena,Wozniak,70000001887,700001887,magdalena.wozniak.1887@mail.com,ABA001887,PL0001887,B+E,2031-01-23,2021-03-29
1888,Marek,Nowak,70000001888,700001888,marek.nowak.1888@mail.com,ABA001888,PL0001888,C,2031-01-24,2021-03-30
1889,Joanna,Wojcik,70000001889,700001889,joanna.wojcik.1889@mail.com,ABA001889,PL0001889,A,2031-01-25,2021-03-31
1890,Michal,Lewandowski,70000001890,700001890,michal.lewandowski.1890@mail.com,ABA001890,PL0001890,D,2031-01-26,2021-04-01
1891,Monika,Wozniak,70000001891,700001891,monika.wozniak.1891@mail.com,ABA001891,PL0001891,B,2031-01-27,2021-04-02
1892,Andrzej,Nowak,70000001892,700001892,andrzej.nowak.1892@mail.com,ABA001892,PL0001892,B+E,2031-01-28,2021-04-03
1893,Karolina,Wojcik,70000001893,700001893,karolina.wojcik.1893@mail.com,ABA001893,PL0001893,C,2031-01-29,2021-04-04
1894,Mateusz,Lewandowski,70000001894,700001894,mateusz.lewandowski.1894@mail.com,ABA001894,PL0001894,A,2031-01-30,2021-04-05
1895,Marta,Wozniak,70000001895,700001895,marta.wozniak.1895@mail.com,ABA001895,PL0001895,D,2031-01-31,2021-04-06
1896,Dawid,Nowak,70000001896,700001896,dawid.nowak.1896@mail.com,ABA001896,PL0001896,B,2031-02-01,2021-04-07
1897,Anna,Wojcik,70000001897,700001897,anna.wojcik.1897@mail.com,ABA001897,PL0001897,B+E,2031-02-02,2021-04-08
1898,Piotr,Lewandowski,70000001898,700001898,piotr.lewandowski.1898@mail.com,ABA001898,PL0001898,C,2031-02-03,2021-04-09
1899,Magdalena,Wozniak,70000001899,700001899,magdalena.wozniak.1899@mail.com,ABA001899,PL0001899,A,2031-02-04,2021-04-10
1900,Marek,Nowak,70000001900,700001900,marek.nowak.1900@mail.com,ABA001900,PL0001900,D,2031-02-05,2021-04-11
1901,Joanna,Wojcik,70000001901,700001901,joanna.wojcik.1901@mail.com,ABA001901,PL0001901,B,2031-02-06,2021-04-12
1902,Michal,Lewandowski,70000001902,700001902,michal.lewandowski.1902@mail.com,ABA001902,PL0001902,B+E,2031-02-07,2021-04-13
1903,Monika,Wozniak,70000001903,700001903,monika.wozniak.1903@mail.com,ABA001903,PL0001903,C,2031-02-08,2021-04-14
1904,Andrzej,Nowak,70000001904,700001904,andrzej.nowak.1904@mail.com,ABA001904,PL0001904,A,2031-02-09,2021-04-15
1905,Karolina,Wojcik,70000001905,700001905,karolina.wojcik.1905@mail.com,ABA001905,PL0001905,D,2031-02-10,2021-04-16
1906,Mateusz,Lewandowski,70000001906,700001906,mateusz.lewandowski.1906@mail.com,ABA001906,PL0001906,B,2031-02-11,2021-04-17
1907,Marta,Wozniak,70000001907,700001907,marta.wozniak.1907@mail.com,ABA001907,PL0001907,B+E,2031-02-12,2021-04-18
1908,Dawid,Nowak,70000001908,700001908,dawid.nowak.1908@mail.com,ABA001908,PL0001908,C,2031-02-13,2021-04-19
1909,Anna,Wojcik,70000001909,700001909,anna.wojcik.1909@mail.com,ABA001909,PL0001909,A,2031-02-14,2021-04-20
1910,Piotr,Lewandowski,70000001910,700001910,piotr.lewandowski.1910@mail.com,ABA001910,PL0001910,D,2031-02-15,2021-04-21
1911,Magdalena,Wozniak,70000001911,700001911,magdalena.wozniak.1911@mail.com,ABA001911,PL0001911,B,2031-02-16,2021-04-22
1912,Marek,Nowak,70000001912,700001912,marek.nowak.1912@mail.com,ABA001912,PL0001912,B+E,2031-02-17,2021-04-23
1913,Joanna,Wojcik,70000001913,700001913,joanna.wojcik.1913@mail.com,ABA001913,PL0001913,C,2031-02-18,2021-04-24
1914,Michal,Lewandowski,70000001914,700001914,michal.lewandowski.1914@mail.com,ABA001914,PL0001914,A,2031-02-19,2021-04-25
1915,Monika,Wozniak,70000001915,700001915,monika.wozniak.1915@mail.com,ABA001915,PL0001915,D,2031-02-20,2021-04-26
1916,Andrzej,Nowak,70000001916,700001916,andrzej.nowak.1916@mail.com,ABA001916,PL0001916,B,2031-02-21,2021-04-27
1917,Karolina,Wojcik,70000001917,700001917,karolina.wojcik.1917@mail.com,ABA001917,PL0001917,B+E,2031-02-22,2021-04-28
1918,Mateusz,Lewandowski,70000001918,700001918,mateusz.lewandowski.1918@mail.com,ABA001918,PL0001918,C,2031-02-23,2021-04-29
1919,Marta,Wozniak,70000001919,700001919,marta.wozniak.1919@mail.com,ABA001919,PL0001919,A,2031-02-24,2021-04-30
1920,Dawid,Nowak,70000001920,700001920,dawid.nowak.1920@mail.com,ABA001920,PL0001920,D,2031-02-25,2021-05-01
1921,Anna,Wojcik,70000001921,700001921,anna.wojcik.1921@mail.com,ABA001921,PL0001921,B,2031-02-26,2021-05-02
1922,Piotr,Lewandowski,70000001922,700001922,piotr.lewandowski.1922@mail.com,ABA001922,PL0001922,B+E,2031-02-27,2021-05-03
1923,Magdalena,Wozniak,70000001923,700001923,magdalena.wozniak.1923@mail.com,ABA001923,PL0001923,C,2031-02-28,2021-05-04
1924,Marek,Nowak,70000001924,700001924,marek.nowak.1924@mail.com,ABA001924,PL0001924,A,2031-03-01,2021-05-05
1925,Joanna,Wojcik,70000001925,700001925,joanna.wojcik.1925@mail.com,ABA001925,PL0001925,D,2031-03-02,2021-05-06
1926,Michal,Lewandowski,70000001926,700001926,michal.lewandowski.1926@mail.com,ABA001926,PL0001926,B,2031-03-03,2021-05-07
1927,Monika,Wozniak,70000001927,700001927,monika.wozniak.1927@mail.com,ABA001927,PL0001927,B+E,2031-03-04,2021-05-08
1928,Andrzej,Nowak,70000001928,700001928,andrzej.nowak.1928@mail.com,ABA001928,PL0001928,C,2031-03-05,2021-05-09
1929,Karolina,Wojcik,70000001929,700001929,karolina.wojcik.1929@mail.com,ABA001929,PL0001929,A,2031-03-06,2021-05-10
1930,Mateusz,Lewandowski,70000001930,700001930,mateusz.lewandowski.1930@mail.com,ABA001930,PL0001930,D,2031-03-07,2021-05-11
1931,Marta,Wozniak,70000001931,700001931,marta.wozniak.1931@mail.com,ABA001931,PL0001931,B,2031-03-08,2021-05-12
1932,Dawid,Nowak,70000001932,700001932,dawid.nowak.1932@mail.com,ABA001932,PL0001932,B+E,2031-03-09,2021-05-13
1933,Anna,Wojcik,70000001933,700001933,anna.wojcik.1933@mail.com,ABA001933,PL0001933,C,2031-03-10,2021-05-14
1934,Piotr,Lewandowski,70000001934,700001934,piotr.lewandowski.1934@mail.com,ABA001934,PL0001934,A,2031-03-11,2021-05-15
1935,Magdalena,Wozniak,70000001935,700001935,magdalena.wozniak.1935@mail.com,ABA001935,PL0001935,D,2031-03-12,2021-05-16
1936,Marek,Nowak,70000001936,700001936,marek.nowak.1936@mail.com,ABA001936,PL0001936,B,2031-03-13,2021-05-17
1937,Joanna,Wojcik,70000001937,700001937,joanna.wojcik.1937@mail.com,ABA001937,PL0001937,B+E,2031-03-14,2021-05-18
1938,Michal,Lewandowski,70000001938,700001938,michal.lewandowski.1938@mail.com,ABA001938,PL0001938,C,2031-03-15,2021-05-19
1939,Monika,Wozniak,70000001939,700001939,monika.wozniak.1939@mail.com,ABA001939,PL0001939,A,2031-03-16,2021-05-20
1940,Andrzej,Nowak,70000001940,700001940,andrzej.nowak.1940@mail.com,ABA001940,PL0001940,D,2031-03-17,2021-05-21
1941,Karolina,Wojcik,70000001941,700001941,karolina.wojcik.1941@mail.com,ABA001941,PL0001941,B,2031-03-18,2021-05-22
1942,Mateusz,Lewandowski,70000001942,700001942,mateusz.lewandowski.1942@mail.com,ABA001942,PL0001942,B+E,2031-03-19,2021-05-23
1943,Marta,Wozniak,70000001943,700001943,marta.wozniak.1943@mail.com,ABA001943,PL0001943,C,2031-03-20,2021-05-24
1944,Dawid,Nowak,70000001944,700001944,dawid.nowak.1944@mail.com,ABA001944,PL0001944,A,2031-03-21,2021-05-25
1945,Anna,Wojcik,70000001945,700001945,anna.wojcik.1945@mail.com,ABA001945,PL0001945,D,2031-03-22,2021-05-26
1946,Piotr,Lewandowski,70000001946,700001946,piotr.lewandowski.1946@mail.com,ABA001946,PL0001946,B,2031-03-23,2021-05-27
1947,Magdalena,Wozniak,70000001947,700001947,magdalena.wozniak.1947@mail.com,ABA001947,PL0001947,B+E,2031-03-24,2021-05-28
1948,Marek,Nowak,70000001948,700001948,marek.nowak.1948@mail.com,ABA001948,PL0001948,C,2031-03-25,2021-05-29
1949,Joanna,Wojcik,70000001949,700001949,joanna.wojcik.1949@mail.com,ABA001949,PL0001949,A,2031-03-26,2021-05-30
1950,Michal,Lewandowski,70000001950,700001950,michal.lewandowski.1950@mail.com,ABA001950,PL0001950,D,2031-03-27,2021-05-31
1951,Monika,Wozniak,70000001951,700001951,monika.wozniak.1951@mail.com,ABA001951,PL0001951,B,2031-03-28,2021-06-01
1952,Andrzej,Nowak,70000001952,700001952,andrzej.nowak.1952@mail.com,ABA001952,PL0001952,B+E,2031-03-29,2021-06-02
1953,Karolina,Wojcik,70000001953,700001953,karolina.wojcik.1953@mail.com,ABA001953,PL0001953,C,2031-03-30,2021-06-03
1954,Mateusz,Lewandowski,70000001954,700001954,mateusz.lewandowski.1954@mail.com,ABA001954,PL0001954,A,2031-03-31,2021-06-04
1955,Marta,Wozniak,70000001955,700001955,marta.wozniak.1955@mail.com,ABA001955,PL0001955,D,2031-04-01,2021-06-05
1956,Dawid,Nowak,70000001956,700001956,dawid.nowak.1956@mail.com,ABA001956,PL0001956,B,2031-04-02,2021-06-06
1957,Anna,Wojcik,70000001957,700001957,anna.wojcik.1957@mail.com,ABA001957,PL0001957,B+E,2031-04-03,2021-06-07
1958,Piotr,Lewandowski,70000001958,700001958,piotr.lewandowski.1958@mail.com,ABA001958,PL0001958,C,2031-04-04,2021-06-08
1959,Magdalena,Wozniak,70000001959,700001959,magdalena.wozniak.1959@mail.com,ABA001959,PL0001959,A,2031-04-05,2021-06-09
1960,Marek,Nowak,70000001960,700001960,marek.nowak.1960@mail.com,ABA001960,PL0001960,D,2031-04-06,2021-06-10
1961,Joanna,Wojcik,70000001961,700001961,joanna.wojcik.1961@mail.com,ABA001961,PL0001961,B,2031-04-07,2021-06-11
1962,Michal,Lewandowski,70000001962,700001962,michal.lewandowski.1962@mail.com,ABA001962,PL0001962,B+E,2031-04-08,2021-06-12
1963,Monika,Wozniak,70000001963,700001963,monika.wozniak.1963@mail.com,ABA001963,PL0001963,C,2031-04-09,2021-06-13
1964,Andrzej,Nowak,70000001964,700001964,andrzej.nowak.1964@mail.com,ABA001964,PL0001964,A,2031-04-10,2021-06-14
1965,Karolina,Wojcik,70000001965,700001965,karolina.wojcik.1965@mail.com,ABA001965,PL0001965,D,2031-04-11,2021-06-15
1966,Mateusz,Lewandowski,70000001966,700001966,mateusz.lewandowski.1966@mail.com,ABA001966,PL0001966,B,2031-04-12,2021-06-16
1967,Marta,Wozniak,70000001967,700001967,marta.wozniak.1967@mail.com,ABA001967,PL0001967,B+E,2031-04-13,2021-06-17
1968,Dawid,Nowak,70000001968,700001968,dawid.nowak.1968@mail.com,ABA001968,PL0001968,C,2031-04-14,2021-06-18
1969,Anna,Wojcik,70000001969,700001969,anna.wojcik.1969@mail.com,ABA001969,PL0001969,A,2031-04-15,2021-06-19
1970,Piotr,Lewandowski,70000001970,700001970,piotr.lewandowski.1970@mail.com,ABA001970,PL0001970,D,2031-04-16,2021-06-20
1971,Magdalena,Wozniak,70000001971,700001971,magdalena.wozniak.1971@mail.com,ABA001971,PL0001971,B,2031-04-17,2021-06-21
1972,Marek,Nowak,70000001972,700001972,marek.nowak.1972@mail.com,ABA001972,PL0001972,B+E,2031-04-18,2021-06-22
1973,Joanna,Wojcik,70000001973,700001973,joanna.wojcik.1973@mail.com,ABA001973,PL0001973,C,2031-04-19,2021-06-23
1974,Michal,Lewandowski,70000001974,700001974,michal.lewandowski.1974@mail.com,ABA001974,PL0001974,A,2031-04-20,2021-06-24
1975,Monika,Wozniak,70000001975,700001975,monika.wozniak.1975@mail.com,ABA001975,PL0001975,D,2031-04-21,2021-06-25
1976,Andrzej,Nowak,70000001976,700001976,andrzej.nowak.1976@mail.com,ABA001976,PL0001976,B,2031-04-22,2021-06-26
1977,Karolina,Wojcik,70000001977,700001977,karolina.wojcik.1977@mail.com,ABA001977,PL0001977,B+E,2031-04-23,2021-06-27
1978,Mateusz,Lewandowski,70000001978,700001978,mateusz.lewandowski.1978@mail.com,ABA001978,PL0001978,C,2031-04-24,2021-06-28
1979,Marta,Wozniak,70000001979,700001979,marta.wozniak.1979@mail.com,ABA001979,PL0001979,A,2031-04-25,2021-06-29
1980,Dawid,Nowak,70000001980,700001980,dawid.nowak.1980@mail.com,ABA001980,PL0001980,D,2031-04-26,2021-06-30
1981,Anna,Wojcik,70000001981,700001981,anna.wojcik.1981@mail.com,ABA001981,PL0001981,B,2031-04-27,2021-07-01
1982,Piotr,Lewandowski,70000001982,700001982,piotr.lewandowski.1982@mail.com,ABA001982,PL0001982,B+E,2031-04-28,2021-07-02
1983,Magdalena,Wozniak,70000001983,700001983,magdalena.wozniak.1983@mail.com,ABA001983,PL0001983,C,2031-04-29,2021-07-03
1984,Marek,Nowak,70000001984,700001984,marek.nowak.1984@mail.com,ABA001984,PL0001984,A,2031-04-30,2021-07-04
1985,Joanna,Wojcik,70000001985,700001985,joanna.wojcik.1985@mail.com,ABA001985,PL0001985,D,2031-05-01,2021-07-05
1986,Michal,Lewandowski,70000001986,700001986,michal.lewandowski.1986@mail.com,ABA001986,PL0001986,B,2031-05-02,2021-07-06
1987,Monika,Wozniak,70000001987,700001987,monika.wozniak.1987@mail.com,ABA001987,PL0001987,B+E,2031-05-03,2021-07-07
1988,Andrzej,Nowak,70000001988,700001988,andrzej.nowak.1988@mail.com,ABA001988,PL0001988,C,2031-05-04,2021-07-08
1989,Karolina,Wojcik,70000001989,700001989,karolina.wojcik.1989@mail.com,ABA001989,PL0001989,A,2031-05-05,2021-07-09
1990,Mateusz,Lewandowski,70000001990,700001990,mateusz.lewandowski.1990@mail.com,ABA001990,PL0001990,D,2031-05-06,2021-07-10
1991,Marta,Wozniak,70000001991,700001991,marta.wozniak.1991@mail.com,ABA001991,PL0001991,B,2031-05-07,2021-07-11
1992,Dawid,Nowak,70000001992,700001992,dawid.nowak.1992@mail.com,ABA001992,PL0001992,B+E,2031-05-08,2021-07-12
1993,Anna,Wojcik,70000001993,700001993,anna.wojcik.1993@mail.com,ABA001993,PL0001993,C,2031-05-09,2021-07-13
1994,Piotr,Lewandowski,70000001994,700001994,piotr.lewandowski.1994@mail.com,ABA001994,PL0001994,A,2031-05-10,2021-07-14
1995,Magdalena,Wozniak,70000001995,700001995,magdalena.wozniak.1995@mail.com,ABA001995,PL0001995,D,2031-05-11,2021-07-15
1996,Marek,Nowak,70000001996,700001996,marek.nowak.1996@mail.com,ABA001996,PL0001996,B,2031-05-12,2021-07-16
1997,Joanna,Wojcik,70000001997,700001997,joanna.wojcik.1997@mail.com,ABA001997,PL0001997,B+E,2031-05-13,2021-07-17
1998,Michal,Lewandowski,70000001998,700001998,michal.lewandowski.1998@mail.com,ABA001998,PL0001998,C,2031-05-14,2021-07-18
1999,Monika,Wozniak,70000001999,700001999,monika.wozniak.1999@mail.com,ABA001999,PL0001999,A,2031-05-15,2021-07-19
2000,Andrzej,Nowak,70000002000,700002000,andrzej.nowak.2000@mail.com,ABA002000,PL0002000,D,2031-05-16,2021-07-20
